bib_id	ndl_bib_id_present	pub_year	publisher	author	title
alo:book:manual:title_5419		2017	信山社	三上威彦	倒産法_三上威彦著
alo:book:manual:title_3636		2022	日本商事仲裁協会		JCAジャーナル 2022年12月号
alo:book:manual:title_4023		2022	日本商事仲裁協会		JCAジャーナル 2022年1月号
alo:book:manual:title_3994		2022	日本商事仲裁協会		JCAジャーナル 2022年2月号
alo:book:manual:title_3961		2022	日本商事仲裁協会		JCAジャーナル 2022年3月号
alo:book:manual:title_3909		2022	日本商事仲裁協会		JCAジャーナル 2022年4月号
alo:book:manual:title_2998		2024	中央経済社		ビジネス法務2024年8月号
alo:book:manual:title_3866		2022	日本商事仲裁協会		JCAジャーナル 2022年5月号
alo:book:manual:title_3839		2022	日本商事仲裁協会		JCAジャーナル 2022年6月号
alo:book:manual:title_3808		2022	日本商事仲裁協会		JCAジャーナル 2022年7月号
alo:book:manual:title_2974		2024	中央経済社		ビジネス法務2024年9月号
alo:book:manual:title_3784		2022	日本商事仲裁協会		JCAジャーナル 2022年8月号
alo:book:manual:title_3755		2022	日本商事仲裁協会		JCAジャーナル 2022年9月号
alo:book:manual:title_3276		2023	日本商事仲裁協会		JCAジャーナル 2023年10月号
alo:book:manual:title_3231		2023	日本商事仲裁協会		JCAジャーナル 2023年11月号
alo:book:manual:title_3204		2023	日本商事仲裁協会		JCAジャーナル 2023年12月号
alo:book:manual:title_3602		2023	日本商事仲裁協会		JCAジャーナル 2023年1月号
alo:book:manual:title_3560		2023	日本商事仲裁協会		JCAジャーナル 2023年2月号
alo:book:manual:title_3523		2023	日本商事仲裁協会		JCAジャーナル 2023年3月号
alo:book:manual:title_3467		2023	日本商事仲裁協会		JCAジャーナル 2023年4月号
alo:book:manual:title_3422		2023	日本商事仲裁協会		JCAジャーナル 2023年5月号
alo:book:manual:title_2865		2024	中央経済社		ビジネス法務2025年1月号
alo:book:manual:title_3393		2023	日本商事仲裁協会		JCAジャーナル 2023年6月号
alo:book:manual:title_3365		2023	日本商事仲裁協会		JCAジャーナル 2023年7月号
alo:book:manual:title_3336		2023	日本商事仲裁協会		JCAジャーナル 2023年8月号
alo:book:manual:title_1602	028191422		新日本法規出版		最新会社法務モデル文例・書式集
alo:book:manual:title_3306		2023	日本商事仲裁協会		JCAジャーナル 2023年9月号
alo:book:manual:title_2909		2024	日本商事仲裁協会		JCAジャーナル 2024年10月号
alo:book:manual:title_2842		2024	中央経済社		ビジネス法務2025年2月号
alo:book:manual:title_2819		2025	中央経済社		ビジネス法務2025年3月号
alo:book:manual:title_2802		2025	中央経済社		ビジネス法務2025年4月号
alo:book:manual:title_2882		2024	日本商事仲裁協会		JCAジャーナル 2024年11月号
alo:book:manual:title_2854		2024	日本商事仲裁協会		JCAジャーナル 2024年12月号
alo:book:manual:title_3171		2024	日本商事仲裁協会		JCAジャーナル 2024年1月号
alo:book:manual:title_3144		2024	日本商事仲裁協会		JCAジャーナル 2024年2月号
alo:book:manual:title_3110		2024	日本商事仲裁協会		JCAジャーナル 2024年3月号
alo:book:manual:title_3069		2024	日本商事仲裁協会		JCAジャーナル 2024年4月号
alo:book:manual:title_3040		2024	日本商事仲裁協会		JCAジャーナル 2024年5月号
alo:book:manual:title_3013		2024	日本商事仲裁協会		JCAジャーナル 2024年6月号
alo:book:manual:title_2980		2024	日本商事仲裁協会		JCAジャーナル 2024年7月号
alo:book:manual:title_2961		2024	日本商事仲裁協会		JCAジャーナル 2024年8月号
alo:book:manual:title_5415		2017	日本商事仲裁協会		JCAジャーナル 2017年8月号
alo:book:manual:title_5402		2017	日本商事仲裁協会		JCAジャーナル 2017年9月号
alo:book:manual:title_2773		2025	中央経済社		ビジネス法務2025年5月号
alo:book:manual:title_5152		2018	日本商事仲裁協会		JCAジャーナル 2018年10月号
alo:book:manual:title_5130		2018	日本商事仲裁協会		JCAジャーナル 2018年11月号
alo:book:manual:title_2728		2025	中央経済社		ビジネス法務2025年6月号
alo:book:manual:title_5104		2018	日本商事仲裁協会		JCAジャーナル 2018年12月号
alo:book:manual:title_5334		2018	日本商事仲裁協会		JCAジャーナル 2018年1月号
alo:book:manual:title_5323		2018	日本商事仲裁協会		JCAジャーナル 2018年2月号
alo:book:manual:title_5304		2018	日本商事仲裁協会		JCAジャーナル 2018年3月号
alo:book:manual:title_5290		2018	日本商事仲裁協会		JCAジャーナル 2018年4月号
alo:book:manual:title_5267		2018	日本商事仲裁協会		JCAジャーナル 2018年5月号
alo:book:manual:title_5250		2018	日本商事仲裁協会		JCAジャーナル 2018年6月号
alo:book:manual:title_5223		2018	日本商事仲裁協会		JCAジャーナル 2018年7月号
alo:book:manual:title_5197		2018	日本商事仲裁協会		JCAジャーナル 2018年8月号
alo:book:manual:title_5179		2018	日本商事仲裁協会		JCAジャーナル 2018年9月号
alo:book:manual:title_2705		2025	中央経済社		ビジネス法務2025年7月号
alo:book:manual:title_4852		2019	日本商事仲裁協会		JCAジャーナル 2019年10月号
alo:book:manual:title_4833		2019	日本商事仲裁協会		JCAジャーナル 2019年11月号
alo:book:manual:title_4804		2019	日本商事仲裁協会		JCAジャーナル 2019年12月号
alo:book:manual:title_5086		2019	日本商事仲裁協会		JCAジャーナル 2019年1月号
alo:book:manual:title_5068		2019	日本商事仲裁協会		JCAジャーナル 2019年2月号
alo:book:manual:title_5046		2019	日本商事仲裁協会		JCAジャーナル 2019年3月号
alo:book:manual:title_5016		2019	日本商事仲裁協会		JCAジャーナル 2019年4月号
alo:book:manual:title_4992		2019	日本商事仲裁協会		JCAジャーナル 2019年5月号
alo:book:manual:title_4972		2019	日本商事仲裁協会		JCAジャーナル 2019年6月号
alo:book:manual:title_4914		2019	日本商事仲裁協会		JCAジャーナル 2019年8月号
alo:book:manual:title_4891		2019	日本商事仲裁協会		JCAジャーナル 2019年9月号
alo:book:manual:title_4515		2020	日本商事仲裁協会		JCAジャーナル 2020年10月号
alo:book:manual:title_4489		2020	日本商事仲裁協会		JCAジャーナル 2020年11月号
alo:book:manual:title_3765		2022	日本評論社		AIと民法
alo:book:manual:title_4459		2020	日本商事仲裁協会		JCAジャーナル 2020年12月号
alo:book:manual:title_2687		2025	中央経済社		ビジネス法務2025年8月号
alo:book:manual:title_4776		2020	日本商事仲裁協会		JCAジャーナル 2020年1月号
alo:book:manual:title_4751		2020	日本商事仲裁協会		JCAジャーナル 2020年2月号
alo:book:manual:title_4732		2020	日本商事仲裁協会		JCAジャーナル 2020年3月号
alo:book:manual:title_4693		2020	日本商事仲裁協会		JCAジャーナル 2020年4月号
alo:book:manual:title_4658		2020	日本商事仲裁協会		JCAジャーナル 2020年5月号
alo:book:manual:title_4621		2020	日本商事仲裁協会		JCAジャーナル 2020年6月号
alo:book:manual:title_2661		2025	中央経済社		ビジネス法務2025年9月号
alo:book:manual:title_5828		2015	税務経理協会		税経通信 2015年02月号
alo:book:manual:title_4597		2020	日本商事仲裁協会		JCAジャーナル 2020年7月号
alo:book:manual:title_4572		2020	日本商事仲裁協会		JCAジャーナル 2020年8月号
alo:book:manual:title_5824		2015	税務経理協会		税経通信 2015年03月号
alo:book:manual:title_4550		2020	日本商事仲裁協会		JCAジャーナル 2020年9月号
alo:book:manual:title_4120		2021	日本商事仲裁協会		JCAジャーナル 2021年10月号
alo:book:manual:title_4085		2021	日本商事仲裁協会		JCAジャーナル 2021年11月号
alo:book:manual:title_4060		2021	日本商事仲裁協会		JCAジャーナル 2021年12月号
alo:book:manual:title_4420		2021	日本商事仲裁協会		JCAジャーナル 2021年1月号
alo:book:manual:title_5817		2015	税務経理協会		税経通信 2015年04月号
alo:book:manual:title_4397		2021	日本商事仲裁協会		JCAジャーナル 2021年2月号
alo:book:manual:title_4366		2021	日本商事仲裁協会		JCAジャーナル 2021年3月号
alo:book:manual:title_4315		2021	日本商事仲裁協会		JCAジャーナル 2021年4月号
alo:book:manual:title_5805		2015	税務経理協会		税経通信 2015年05月号
alo:book:manual:title_4284		2021	日本商事仲裁協会		JCAジャーナル 2021年5月号
alo:book:manual:title_4248		2021	日本商事仲裁協会		JCAジャーナル 2021年6月号
alo:book:manual:title_4211		2021	日本商事仲裁協会		JCAジャーナル 2021年7月号
alo:book:manual:title_4183		2021	日本商事仲裁協会		JCAジャーナル 2021年8月号
alo:book:manual:title_3646		2022	日本評論社		#ゼミを語ろう
alo:book:manual:title_4158		2021	日本商事仲裁協会		JCAジャーナル 2021年9月号
alo:book:manual:title_6012		2001	経営書院(産労総合研究所)	秋田成就(監修)	2001年版 重要労働判例総覧
alo:book:manual:title_5994	000000049244	2007	経営書院(産労総合研究所)	産労総合研究所(編集)	2007年版 重要労働判例総覧
alo:book:manual:title_3606		2023	日本評論社		2022年の新法・改正法を考える
alo:book:manual:title_3623		2022	経営書院(産労総合研究所)	産労総合研究所(編集)	2023年版 モデル賃金実態資料
alo:book:manual:title_2860		2024	BUSINESS LAWYERS	中井 杏(弁護士)	60分で要点を理解する!個人情報保護法の実務における基礎
alo:book:manual:title_3715		2022	日本商事仲裁協会		JCAジャーナル 2022年10月号
alo:book:manual:title_4905		2019	レクシスネクシス・ジャパン		BUSINESS LAW JOURNAL 2019年10月号
alo:book:manual:title_4879		2019	レクシスネクシス・ジャパン		BUSINESS LAW JOURNAL 2019年11月号
alo:book:manual:title_4842		2019	レクシスネクシス・ジャパン		BUSINESS LAW JOURNAL 2019年12月号
alo:book:manual:title_5120		2018	レクシスネクシス・ジャパン		BUSINESS LAW JOURNAL 2019年1月号
alo:book:manual:title_5098		2018	レクシスネクシス・ジャパン		BUSINESS LAW JOURNAL 2019年2月号
alo:book:manual:title_5080		2019	レクシスネクシス・ジャパン		BUSINESS LAW JOURNAL 2019年3月号
alo:book:manual:title_5058		2019	レクシスネクシス・ジャパン		BUSINESS LAW JOURNAL 2019年4月号
alo:book:manual:title_5041		2019	レクシスネクシス・ジャパン		BUSINESS LAW JOURNAL 2019年5月号
alo:book:manual:title_5007		2019	レクシスネクシス・ジャパン		BUSINESS LAW JOURNAL 2019年6月号
alo:book:manual:title_4987		2019	レクシスネクシス・ジャパン		BUSINESS LAW JOURNAL 2019年7月号
alo:book:manual:title_4953		2019	レクシスネクシス・ジャパン		BUSINESS LAW JOURNAL 2019年8月号
alo:book:manual:title_4930		2019	レクシスネクシス・ジャパン		BUSINESS LAW JOURNAL 2019年9月号
alo:book:manual:title_4824		2019	レクシスネクシス・ジャパン		BUSINESS LAW JOURNAL 2020年1月号
alo:book:manual:title_4792		2019	レクシスネクシス・ジャパン		BUSINESS LAW JOURNAL 2020年2月号
alo:book:manual:title_4764		2020	レクシスネクシス・ジャパン		BUSINESS LAW JOURNAL 2020年3月号
alo:book:manual:title_4747		2020	レクシスネクシス・ジャパン		BUSINESS LAW JOURNAL 2020年4月号
alo:book:manual:title_4722		2020	レクシスネクシス・ジャパン		BUSINESS LAW JOURNAL 2020年5月号
alo:book:manual:title_4682		2020	レクシスネクシス・ジャパン		BUSINESS LAW JOURNAL 2020年6月号
alo:book:manual:title_3674		2022	日本商事仲裁協会		JCAジャーナル 2022年11月号
alo:book:manual:title_2784		2025	BUSINESS LAWYERS	琴浦 諒(弁護士)	GLOBAL LAW UPDATE インドの最新法制度動向
alo:book:manual:title_2752		2025	BUSINESS LAWYERS	池田 孝宏(弁護士), 伊勢谷 勇人(弁護士)	GLOBAL LAW UPDATE インドネシアの最新法制度動向
alo:book:manual:title_2783		2025	BUSINESS LAWYERS	安西 明毅(弁護士)	GLOBAL LAW UPDATE タイの最新法制度動向
alo:book:manual:title_2629		2025	BUSINESS LAWYERS	安西 明毅(弁護士)	GLOBAL LAW UPDATE タイの最新法制度動向ータイの休暇、休日に関する制度について
alo:book:manual:title_2701		2025	BUSINESS LAWYERS	山口 健次郎(弁護士)	GLOBAL LAW UPDATE フィリピンの最新法制度動向
alo:book:manual:title_2674		2025	BUSINESS LAWYERS	長田 真理子(弁護士)	GLOBAL LAW UPDATE マレーシアの最新法制度動向
alo:book:manual:title_2724		2025	BUSINESS LAWYERS	若林 耕(弁護士), 尾関 麻帆(弁護士)	GLOBAL LAW UPDATE 中国の最新法制度動向
alo:book:manual:title_2651		2025	BUSINESS LAWYERS	若林 耕(弁護士)	GLOBAL LAW UPDATE 中国の最新法制度動向ー中国におけるデータ知的財産権の登録制度の試み
alo:book:manual:title_2605		2025	BUSINESS LAWYERS	呉 曉青(外国法事務弁護士)	GLOBAL LAW UPDATE 台湾の最新法制度動向ー台湾個人情報保護法の最新改正動向について
alo:book:manual:title_2681		2025	BUSINESS LAWYERS	中崎 尚(弁護士)	GLOBAL LAW UPDATE 米国・EUの最新法制度動向
alo:book:manual:title_2601		2025	BUSINESS LAWYERS	中崎 尚(弁護士)	GLOBAL LAW UPDATE 米国・EUの最新法制度動向(AI・データ保護・プライバシー関連)ー2026年8月の全面施行を控えたEU AI法の準備状況と、州単位でモザイク化の進む米国のAI規制の動向とトランプ政権が打ち出したAIアクションプラン、Anthropic判決のその後
alo:book:manual:title_2641		2025	BUSINESS LAWYERS	中崎 尚(弁護士)	GLOBAL LAW UPDATE 米国・EUの最新法制度動向(AI・データ保護・プライバシー関連)ー米国で進むフェアユースの議論と施行間近のEU AI法の一般目的AI規制、その他直近のAI規制・データ保護法制、国際標準策定の動向
alo:book:manual:title_2751		2025	BUSINESS LAWYERS	中崎 尚(弁護士)	GLOBAL LAW UPDATE 米国・EUの最新法制度動向【AI・データ保護・プライバシー関連】
alo:book:manual:title_2650		2025	BUSINESS LAWYERS	龍野 滋幹(弁護士), 曺 貴鎬(弁護士), 林 載允(弁護士)	GLOBAL LAW UPDATE 韓国の最新法制度動向ー韓国の少数株主の利益保護に向けた商法改正について
alo:book:manual:title_2680		2025	BUSINESS LAWYERS	中村 祐子(香港弁護士), 横井 傑(弁護士), 藤本 博之(弁護士)	GLOBAL LAW UPDATE 香港の最新法制度動向
alo:book:manual:title_4320		2021	日本評論社		ICT教育時代の法学教材と著作権
alo:book:manual:title_5741		2015	日本商事仲裁協会		JCAジャーナル 2015年10月号
alo:book:manual:title_5733		2015	日本商事仲裁協会		JCAジャーナル 2015年11月号
alo:book:manual:title_5718		2015	日本商事仲裁協会		JCAジャーナル 2015年12月号
alo:book:manual:title_5835		2015	日本商事仲裁協会		JCAジャーナル 2015年1月号
alo:book:manual:title_5825		2015	日本商事仲裁協会		JCAジャーナル 2015年2月号
alo:book:manual:title_5822		2015	日本商事仲裁協会		JCAジャーナル 2015年3月号
alo:book:manual:title_5808		2015	日本商事仲裁協会		JCAジャーナル 2015年4月号
alo:book:manual:title_5797		2015	日本商事仲裁協会		JCAジャーナル 2015年5月号
alo:book:manual:title_5785		2015	日本商事仲裁協会		JCAジャーナル 2015年6月号
alo:book:manual:title_5773		2015	日本商事仲裁協会		JCAジャーナル 2015年7月号
alo:book:manual:title_5762		2015	日本商事仲裁協会		JCAジャーナル 2015年8月号
alo:book:manual:title_5755		2015	日本商事仲裁協会		JCAジャーナル 2015年9月号
alo:book:manual:title_5606		2016	日本商事仲裁協会		JCAジャーナル 2016年10月号
alo:book:manual:title_5592		2016	日本商事仲裁協会		JCAジャーナル 2016年11月号
alo:book:manual:title_5574		2016	日本商事仲裁協会		JCAジャーナル 2016年12月号
alo:book:manual:title_5709		2016	日本商事仲裁協会		JCAジャーナル 2016年1月号
alo:book:manual:title_5697		2016	日本商事仲裁協会		JCAジャーナル 2016年2月号
alo:book:manual:title_5690		2016	日本商事仲裁協会		JCAジャーナル 2016年3月号
alo:book:manual:title_5678		2016	日本商事仲裁協会		JCAジャーナル 2016年4月号
alo:book:manual:title_5663		2016	日本商事仲裁協会		JCAジャーナル 2016年5月号
alo:book:manual:title_5648		2016	日本商事仲裁協会		JCAジャーナル 2016年6月号
alo:book:manual:title_5638		2016	日本商事仲裁協会		JCAジャーナル 2016年7月号
alo:book:manual:title_5625		2016	日本商事仲裁協会		JCAジャーナル 2016年8月号
alo:book:manual:title_5615		2016	日本商事仲裁協会		JCAジャーナル 2016年9月号
alo:book:manual:title_5381		2017	日本商事仲裁協会		JCAジャーナル 2017年10月号
alo:book:manual:title_5365		2017	日本商事仲裁協会		JCAジャーナル 2017年11月号
alo:book:manual:title_5346		2017	日本商事仲裁協会		JCAジャーナル 2017年12月号
alo:book:manual:title_5560		2017	日本商事仲裁協会		JCAジャーナル 2017年1月号
alo:book:manual:title_5538		2017	日本商事仲裁協会		JCAジャーナル 2017年2月号
alo:book:manual:title_5520		2017	日本商事仲裁協会		JCAジャーナル 2017年3月号
alo:book:manual:title_5497		2017	日本商事仲裁協会		JCAジャーナル 2017年4月号
alo:book:manual:title_5475		2017	日本商事仲裁協会		JCAジャーナル 2017年5月号
alo:book:manual:title_5457		2017	日本商事仲裁協会		JCAジャーナル 2017年6月号
alo:book:manual:title_5434		2017	日本商事仲裁協会		JCAジャーナル 2017年7月号
alo:book:manual:title_2938		2024	日本商事仲裁協会		JCAジャーナル 2024年9月号
alo:book:manual:title_2604		2025	日本商事仲裁協会		JCAジャーナル 2025年10月号
alo:book:manual:title_2829		2025	日本商事仲裁協会		JCAジャーナル 2025年1月号
alo:book:manual:title_2807		2025	日本商事仲裁協会		JCAジャーナル 2025年2月号
alo:book:manual:title_2781		2025	日本商事仲裁協会		JCAジャーナル 2025年3月号
alo:book:manual:title_2750		2025	日本商事仲裁協会		JCAジャーナル 2025年4月号
alo:book:manual:title_2716		2025	日本商事仲裁協会		JCAジャーナル 2025年5月号
alo:book:manual:title_2694		2025	日本商事仲裁協会		JCAジャーナル 2025年6月号
alo:book:manual:title_2673		2025	日本商事仲裁協会		JCAジャーナル 2025年7月号
alo:book:manual:title_2649		2025	日本商事仲裁協会		JCAジャーナル 2025年8月号
alo:book:manual:title_2628		2025	日本商事仲裁協会		JCAジャーナル 2025年9月号
alo:book:manual:title_4940		2019	日本商事仲裁協会		JCAジャーナル2019年7月号
alo:book:manual:title_2755		2025	民事法研究会		Law & Technology107号 「《座談会》知的財産制度改革20年の歩みと今後の展望」特別公開版
alo:book:manual:title_5856		2014	中央経済社	プライスウォーターハウスクーパース株式会社(編集)	M&Aを成功に導く財務デューデリジェンスの実務〈第4版〉
alo:book:manual:title_2885		2024	新日本法規出版	末啓一郎(編著), 安藤広人(編著)	Q&A IT化社会における企業の情報/労務管理の実務
alo:book:manual:title_4493		2020	新日本法規出版	天海義彦(共著), 渡辺 晋(共著), 古屋丈順(共著), 橋本 潤, 村山輝紀, 山本幸太郎, 青木康洋, 久保田理広	Q&A 不動産の権利調整をめぐる実務-複雑な権利関係への対応-
alo:book:manual:title_5713		2015	日本加除出版	小池信行(監修), 藤谷定勝(監修), 不動産登記実務研究会(編著)	Q&A 権利に関する登記の実務XIV 第7編 信託に関する登記/判決による登記 代位による登記
alo:book:manual:title_3574		2023	新日本法規出版	田辺総合法律事務所(編集), 弁護士法人色川法律事務所(編集)	Q&A 民事保全・執行 実務の勘どころ110
alo:book:manual:title_3856		2022	中央経済社	日本組織内弁護士協会(監修), 上野 陽子(編集代表), 伊藤 淳(編集), 中崎 隆(編集)	Q&Aでわかる業種別法務キャッシュレス決済
alo:book:manual:title_4775		2020	中央経済社	日本組織内弁護士協会(監修), 榊 哲道(編集)	Q&Aでわかる業種別法務証券・資産運用
alo:book:manual:title_4932		2019	中央経済社	日本組織内弁護士協会(監修), 桑原 秀介(編集), 西原 一幸(編集)	Q&Aでわかる業種別法務銀行
alo:book:manual:title_4196		2021	日本加除出版	関原 秀行	Q&Aで学ぶ 企業におけるパーソナルデータ利活用の法律実務-令和2年改正個人情報保護法と実務対応-
alo:book:manual:title_5639		2016	日本加除出版	水野 有子	Q&A家事事件手続法下の離婚調停-人事訴訟と家事審判を踏まえて-
alo:book:manual:title_3827		2022	日本評論社		”Hate Speech in Japan”を論じる
alo:book:manual:title_2777	032400882	2025	日本評論社		「働くこと」を考える
alo:book:manual:title_3545		2023	日本評論社		「危機は法を破る」のか?
alo:book:manual:title_3239		2023	日本評論社		「地域」の分野横断的・学際的検討
alo:book:manual:title_2746		2025	日本評論社		「契約の死」を超えて
alo:book:manual:title_3826		2022	日本評論社		「婚姻の自由」の現代的諸相
alo:book:manual:title_3064		2024	日本評論社		「欠乏」の時代を考える
alo:book:manual:title_4909		2019	金融財政事情研究会	一般社団法人金融財政事情研究会(編集)	「登記制度・土地所有権の在り方等に関する研究報告書の概要~所有者不明土地問題の解決に向けて~」の概要
alo:book:manual:title_4283		2021	日本評論社		「裁判官対話」の地平
alo:book:manual:title_3287		2023	三修社	木島 康雄(監修)	図解で早わかり 改訂新版 刑法のしくみ
alo:book:manual:title_4106		2021	日本評論社		【創刊800号記念】時をかける判例
alo:book:manual:title_5279		2018	新日本法規出版	飯塚美幸	〔平成30年度税制改正対応版〕目的別 生前贈与のポイントと活用事例
alo:book:manual:title_4504		2020	日本評論社		いま、社会のあり方を考える
alo:book:manual:title_3331		2023	日本評論社		いまこそ知りたい「税法」入門
alo:book:manual:title_3708		2022	日本評論社		ここに弁護士がいてよかった
alo:book:manual:title_2969		2024	日本評論社		これからの投資の話をしよう
alo:book:manual:title_5821		2015	三修社	千葉博(監修)	すぐに役立つ 図解とQ&Aで納得 改正対応!会社役員をめぐる法律とトラブル解決法158
alo:book:manual:title_4164		2021	新日本法規出版	濱口博史	ヒアリングシートを活用した 遺産分割相談 聴取事項のチェックポイント
alo:book:manual:title_3162		2024	中央経済社		ビジネス法務2024年3月号
alo:book:manual:title_3647		2022	日本評論社		たたかいと法
alo:book:manual:title_4548		2020	日本評論社		どうなる、オリ・パラ!?
alo:book:manual:title_3135		2024	中央経済社		ビジネス法務2024年4月号
alo:book:manual:title_2666		2025	日本評論社		アジア体制移行国の行政救済法の展開
alo:book:manual:title_3629		2022	日本評論社		インフラと法
alo:book:manual:title_4915		2019	日本法令	大内伸哉	キーワードからみた労働法 第145回〜第149回
alo:book:manual:title_4773		2020	日本法令	大内伸哉	キーワードからみた労働法 第150回〜第161回
alo:book:manual:title_4365		2021	日本評論社		グローバル・ヘルスを担うWHOの課題
alo:book:manual:title_3825		2022	日本評論社		グローバル法vs国際法
alo:book:manual:title_4359		2021	日本評論社		ケーススタディから読み解く刑法
alo:book:manual:title_3639		2022	新日本法規出版	山田知司(編著)	ケース別 遺言書作成のポイントとモデル文例
alo:book:manual:title_4247		2021	日本評論社		コロナウイルスと行政組織
alo:book:manual:title_3824		2022	日本評論社		コロナ対応における専門知と日本の政治・社会
alo:book:manual:title_3238		2023	日本評論社		コロナ禍から考える法学の未来(上)
alo:book:manual:title_3237		2023	日本評論社		コロナ禍から考える法学の未来(下)
alo:book:manual:title_3670		2022	BUSINESS LAWYERS	BUSINESS LAWYERS編集部	コンプライアンスとは何か
alo:book:manual:title_4261		2021	日本評論社	秋山幹男, 伊藤眞, 垣内秀介, 加藤新太郎, 高田裕成, 福田剛久, 山本和彦	コンメンタール民事訴訟法I[第3版]
alo:book:manual:title_3896		2022	立花書房	倉持俊宏(編集代表), 吉田正宏, 宮友一, 河原塚泰, 原島一郎, 冨士𥔎真治	サイバー捜査・デジタルフォレンジック実務ハンドブック
alo:book:manual:title_3598		2023	BUSINESS LAWYERS	尾城 亮輔(弁護士)	システム開発紛争Q&A
alo:book:manual:title_3379		2023	BUSINESS LAWYERS	吉田 桂公(弁護士), 川西 風人(弁護士)	スタートアップの戦略と法務のポイント
alo:book:manual:title_4733		2020	有斐閣	有斐閣(編集)	テキスト学習の進め方[特集誌面合本版]
alo:book:manual:title_2665		2025	日本評論社		デジタルプラットフォーム時代の国家管轄権
alo:book:manual:title_2738		2025	日本評論社		デジタル・AI実装社会における法とガバナンス(上)
alo:book:manual:title_2672		2025	日本評論社		デジタル・AI実装社会における法とガバナンス(下)
alo:book:manual:title_3097		2024	中央経済社		ビジネス法務2024年5月号
alo:book:manual:title_3223		2023	日本評論社		デジタル世代の消費者法
alo:book:manual:title_3762		2022	日本評論社		デジタル社会と登記
alo:book:manual:title_2803		2025	BUSINESS LAWYERS	尾城 亮輔(弁護士)	データ提供契約の要点整理と具体的な事例における条項の考え方
alo:book:manual:title_5901		2013	中央経済社	安西愈	トップ・ミドルのための採用から退職までの法律知識〈十四訂〉
alo:book:manual:title_5989		2009	労働新聞社	労働新聞社, 社団法人全日本トラック協会	トラック運送業者のための労働実務Q&A ―平成22年改正労基法対応版―
alo:book:manual:title_3544		2023	日本評論社		トランスナショナルな企業活動と公益
alo:book:manual:title_3061		2024	中央経済社		ビジネス法務2024年6月号
alo:book:manual:title_5576		2016	日本加除出版	第二東京弁護士会両性の平等に関する委員会(編集)	ハラスメントの事件対応の手引き—内容証明・訴状・告訴状ほか文例—
alo:book:manual:title_3030		2024	中央経済社		ビジネス法務2024年7月号
alo:book:manual:title_2612		2025	日本評論社		ビジネスの前提としての「人権」
alo:book:manual:title_2749		2025	日本法令		ビジネスガイド2025年5月号
alo:book:manual:title_2715		2025	日本法令		ビジネスガイド2025年6月号
alo:book:manual:title_2693		2025	日本法令		ビジネスガイド2025年7月号
alo:book:manual:title_2671		2025	日本法令		ビジネスガイド2025年8月号
alo:book:manual:title_2648		2025	日本法令		ビジネスガイド2025年9月号
alo:book:manual:title_4177		2021	中央経済社		ビジネス法務2021年10月号
alo:book:manual:title_4144		2021	中央経済社		ビジネス法務2021年11月号
alo:book:manual:title_4107		2021	中央経済社		ビジネス法務2021年12月号
alo:book:manual:title_4298		2021	中央経済社		ビジネス法務2021年6月号
alo:book:manual:title_4270		2021	中央経済社		ビジネス法務2021年7月号
alo:book:manual:title_4233		2021	中央経済社		ビジネス法務2021年8月号
alo:book:manual:title_4201		2021	中央経済社		ビジネス法務2021年9月号
alo:book:manual:title_3778		2022	中央経済社		ビジネス法務2022年10月号
alo:book:manual:title_3743		2022	中央経済社		ビジネス法務2022年11月号
alo:book:manual:title_3698		2022	中央経済社		ビジネス法務2022年12月号
alo:book:manual:title_4079		2021	中央経済社		ビジネス法務2022年1月号
alo:book:manual:title_4043		2021	中央経済社		ビジネス法務2022年2月号
alo:book:manual:title_4021		2022	中央経済社		ビジネス法務2022年3月号
alo:book:manual:title_3984		2022	中央経済社		ビジネス法務2022年4月号
alo:book:manual:title_3952		2022	中央経済社		ビジネス法務2022年5月号
alo:book:manual:title_3891		2022	中央経済社		ビジネス法務2022年6月号
alo:book:manual:title_3863		2022	中央経済社		ビジネス法務2022年7月号
alo:book:manual:title_3832		2022	中央経済社		ビジネス法務2022年8月号
alo:book:manual:title_3798		2022	中央経済社		ビジネス法務2022年9月号
alo:book:manual:title_3323		2023	中央経済社		ビジネス法務2023年10月号
alo:book:manual:title_3302		2023	中央経済社		ビジネス法務2023年11月号
alo:book:manual:title_3263		2023	中央経済社		ビジネス法務2023年12月号
alo:book:manual:title_3658		2022	中央経済社		ビジネス法務2023年1月号
alo:book:manual:title_3617		2022	中央経済社		ビジネス法務2023年2月号
alo:book:manual:title_3594		2023	中央経済社		ビジネス法務2023年3月号
alo:book:manual:title_3546		2023	中央経済社		ビジネス法務2023年4月号
alo:book:manual:title_3507		2023	中央経済社		ビジネス法務2023年5月号
alo:book:manual:title_3450		2023	中央経済社		ビジネス法務2023年6月号
alo:book:manual:title_3414		2023	中央経済社		ビジネス法務2023年7月号
alo:book:manual:title_3386		2023	中央経済社		ビジネス法務2023年8月号
alo:book:manual:title_3354		2023	中央経済社		ビジネス法務2023年9月号
alo:book:manual:title_2953		2024	中央経済社		ビジネス法務2024年10月号
alo:book:manual:title_2931		2024	中央経済社		ビジネス法務2024年11月号
alo:book:manual:title_2896		2024	中央経済社		ビジネス法務2024年12月号
alo:book:manual:title_3222		2023	中央経済社		ビジネス法務2024年1月号
alo:book:manual:title_3190		2023	中央経済社		ビジネス法務2024年2月号
alo:book:manual:title_5163		2018	法令出版	内川 毅彦	フローチャート印紙税―図解による印紙税課否判定―
alo:book:manual:title_4052		2021	日本評論社		プラットフォームビジネスに関する学際的研究の手法
alo:book:manual:title_3176		2024	日本評論社		ポストコロナと労働法
alo:book:manual:title_3025		2024	日本評論社		マンガ・アニメで民法入門
alo:book:manual:title_3564		2023	日本評論社		メタバースがやってくる!
alo:book:manual:title_2698		2025	日本商事仲裁協会	日本商事仲裁協会(発行)	モデル英文契約書 機械輸入契約
alo:book:manual:title_2697		2025	日本商事仲裁協会	日本商事仲裁協会(発行)	モデル英文契約書 機械輸出契約
alo:book:manual:title_3029		2024	日本評論社		リプロダクティブ・ヘルス/ライツの多角的検討
alo:book:manual:title_2745		2025	日本評論社		ロビイングとルールメイキング
alo:book:manual:title_4503		2020	日本加除出版	弁護士法人サリュ 業務改善部会(編著)	ワンアップ実務解説!交通事故事件処理の道標
alo:book:manual:title_3690		2022	三修社	林 智之(監修)	三訂版 事業者必携 建設業の法務と労務 実践マニュアル
alo:book:manual:title_2857		2024	日本リーダーズ協会	企業人事労務研究会(編著)	三訂版企業労働法実務入門
alo:book:manual:title_4600		2020	ぎょうせい	不法行為法研究会(編集)	交通事故民事裁判例集 第52巻 第3号
alo:book:manual:title_2744		2025	日本評論社		不動産の相続と登記
alo:book:manual:title_5793		2015	税務経理協会		税経通信 2015年06月号
alo:book:manual:title_5213		2018	労働新聞社	安中 繁, 竹村 淳	中小企業は『懲戒処分』を使いこなしなさい ~先生、これって懲戒処分にできますか?~
alo:book:manual:title_2710		2025	BUSINESS LAWYERS	近藤 圭介(弁護士)	事例から学ぶ!業務委託契約のトラブルと契約レビューのポイント
alo:book:manual:title_5936		2012	労働新聞社	鵜飼 良昭	事例で知る労働審判制度の実際 ―最新の労働審判47事例を掲載、労働審判の実務が理解できる!―
alo:book:manual:title_5782		2015	税務経理協会		税経通信 2015年07月号
alo:book:manual:title_5731		2015	三修社	木島康雄(監修)	事業者必携 平成27年労働者派遣法改正対応!最新 パート・派遣・請負をめぐる法律知識
alo:book:manual:title_5831		2015	三修社	河原大輔(監修), 河原宏海(監修), 西尾努(監修)	事業者必携 採用退職から税務申告・移転・変更登記まで小さな会社の「事務」と「書式」サンプル集129
alo:book:manual:title_2903		2024	三修社	林智之(監修)	事業者必携 改訂新版 入門図解 職場のハラスメント【セクハラ・パワハラ・マタハラ】の法律と対策
alo:book:manual:title_3100		2024	三修社	服部 真和(監修)	事業者必携 改訂新版 記載例つき 民泊ビジネス運営のための住宅宿泊事業法と旅館業法のしくみと手続き
alo:book:manual:title_5768		2015	税務経理協会		税経通信 2015年08月号
alo:book:manual:title_4758		2020	新日本法規出版	大島 眞一	交通事故事件の実務 ー裁判官の視点ー
alo:book:manual:title_5309		2018	ぎょうせい	不法行為法研究会(編集)	交通事故民事裁判例集 第50巻 第1号
alo:book:manual:title_5268		2018	ぎょうせい	不法行為法研究会(編集)	交通事故民事裁判例集 第50巻 第2号
alo:book:manual:title_5224		2018	ぎょうせい	不法行為法研究会(編集)	交通事故民事裁判例集 第50巻 第3号
alo:book:manual:title_5048		2019	ぎょうせい	不法行為法研究会(編集)	交通事故民事裁判例集 第51巻 第1号
alo:book:manual:title_4994		2019	ぎょうせい	不法行為法研究会(編集)	交通事故民事裁判例集 第51巻 第2号
alo:book:manual:title_4942		2019	ぎょうせい	不法行為法研究会(編集)	交通事故民事裁判例集 第51巻 第3号
alo:book:manual:title_4896		2019	ぎょうせい	不法行為法研究会(編集)	交通事故民事裁判例集 第51巻 第4号
alo:book:manual:title_4835		2019	ぎょうせい	不法行為法研究会(編集)	交通事故民事裁判例集 第51巻 第5号
alo:book:manual:title_4777		2020	ぎょうせい	不法行為法研究会(編集)	交通事故民事裁判例集 第51巻 第6号
alo:book:manual:title_4735		2020	ぎょうせい	不法行為法研究会(編集)	交通事故民事裁判例集 第52巻 第1号
alo:book:manual:title_4664		2020	ぎょうせい	不法行為法研究会(編集)	交通事故民事裁判例集 第52巻 第2号
alo:book:manual:title_4551		2020	ぎょうせい	不法行為法研究会(編集)	交通事故民事裁判例集 第52巻 第4号
alo:book:manual:title_4287		2021	ぎょうせい	不法行為法研究会(編集)	交通事故民事裁判例集 第53巻 第2号
alo:book:manual:title_3813		2022	ぎょうせい	不法行為法研究会(編集)	交通事故民事裁判例集 第54巻 第3号
alo:book:manual:title_3194		2023	ぎょうせい	不法行為法研究会(編集)	交通事故民事裁判例集 第54巻 索引・解説号
alo:book:manual:title_3423		2023	ぎょうせい	不法行為法研究会(編集)	交通事故民事裁判例集 第55巻 第2号
alo:book:manual:title_2889		2024	ぎょうせい	不法行為法研究会(編集)	交通事故民事裁判例集 第56巻 第5号
alo:book:manual:title_3889		2022	日本評論社		交錯する手続法の世界
alo:book:manual:title_3727		2022	経営書院(産労総合研究所)	産労総合研究所(編集)	人事の地図 2022年10月号
alo:book:manual:title_3680		2022	経営書院(産労総合研究所)	産労総合研究所(編集)	人事の地図 2022年11月号
alo:book:manual:title_3644		2022	経営書院(産労総合研究所)	産労総合研究所(編集)	人事の地図 2022年12月号
alo:book:manual:title_3283		2023	経営書院(産労総合研究所)	産労総合研究所(編集)	人事の地図 2023年10月号
alo:book:manual:title_3246		2023	経営書院(産労総合研究所)	産労総合研究所(編集)	人事の地図 2023年11月号
alo:book:manual:title_3214		2023	経営書院(産労総合研究所)	産労総合研究所(編集)	人事の地図 2023年12月号
alo:book:manual:title_3604		2023	経営書院(産労総合研究所)	産労総合研究所(編集)	人事の地図 2023年1月号
alo:book:manual:title_3573		2023	経営書院(産労総合研究所)	産労総合研究所(編集)	人事の地図 2023年2月号
alo:book:manual:title_3530		2023	経営書院(産労総合研究所)	産労総合研究所(編集)	人事の地図 2023年3月号
alo:book:manual:title_3476		2023	経営書院(産労総合研究所)	産労総合研究所(編集)	人事の地図 2023年4月号
alo:book:manual:title_3429		2023	経営書院(産労総合研究所)	産労総合研究所(編集)	人事の地図 2023年5月号
alo:book:manual:title_3397		2023	経営書院(産労総合研究所)	産労総合研究所(編集)	人事の地図 2023年6月号
alo:book:manual:title_3370		2023	経営書院(産労総合研究所)	産労総合研究所(編集)	人事の地図 2023年7月号
alo:book:manual:title_3341		2023	経営書院(産労総合研究所)	産労総合研究所(編集)	人事の地図 2023年8月号
alo:book:manual:title_3313		2023	経営書院(産労総合研究所)	産労総合研究所(編集)	人事の地図 2023年9月号
alo:book:manual:title_3175		2024	経営書院(産労総合研究所)	産労総合研究所(編集)	人事の地図 2024年1月号
alo:book:manual:title_3151		2024	経営書院(産労総合研究所)	産労総合研究所(編集)	人事の地図 2024年2月号
alo:book:manual:title_3119		2024	経営書院(産労総合研究所)	産労総合研究所(編集)	人事の地図 2024年3月号
alo:book:manual:title_3078		2024	経営書院(産労総合研究所)	産労総合研究所(編集)	人事の地図 2024年4月号
alo:book:manual:title_3045		2024	経営書院(産労総合研究所)	産労総合研究所(編集)	人事の地図 2024年5月号
alo:book:manual:title_3017		2024	経営書院(産労総合研究所)	産労総合研究所(編集)	人事の地図 2024年6月号
alo:book:manual:title_2988		2024	経営書院(産労総合研究所)	産労総合研究所(編集)	人事の地図 2024年7月号
alo:book:manual:title_2967		2024	経営書院(産労総合研究所)	産労総合研究所(編集)	人事の地図 2024年8月号
alo:book:manual:title_2944		2024	経営書院(産労総合研究所)	産労総合研究所(編集)	人事の地図 2024年9月号
alo:book:manual:title_3460		2023	経営書院(産労総合研究所)	産労総合研究所(編集)	人事・労務の手帖 2023年版
alo:book:manual:title_3726		2022	新日本法規出版	佐々木聡史	令和3年改正民法・不動産登記法対応 ケース別 共有に関する不動産登記
alo:book:manual:title_5157		2018	日本加除出版	畠山 久志(編著), 横田 清典, 後藤 出, 金子 得栄, 濱本 明, 前田 浩一	仮想通貨法の仕組みと実務—逐条解説/自主規制団体・海外法制/会計・監査・税務—
alo:book:manual:title_5673		2016	日本リーダーズ協会	企業人事労務研究会(編著)	企業労働法実務入門【書式編】
alo:book:manual:title_5759		2015	税務経理協会		税経通信 2015年09月号
alo:book:manual:title_4149		2021	日本評論社		会社法バトルロイヤル
alo:book:manual:title_3448		2023	岩波書店	神田 秀樹	会社法入門 第三版
alo:book:manual:title_5553		2017	ぎょうせい	会社法実務研究会(編集), 本井 克樹	会社法実務マニュアル 第2版 ─株式会社運営の実務と書式─ 第1巻 設立・解散・清算
alo:book:manual:title_5552		2017	ぎょうせい	会社法実務研究会(編集), 深山 徹	会社法実務マニュアル 第2版 ─株式会社運営の実務と書式─ 第2巻 株主総会・取締役・監査役
alo:book:manual:title_5551		2017	ぎょうせい	会社法実務研究会(編集), 田伏 岳人, 勝又 祐一, 深山 徹, 本井 克樹	会社法実務マニュアル 第2版 ─株式会社運営の実務と書式─ 第3巻 株式・種類株式・新株予約権
alo:book:manual:title_5550		2017	ぎょうせい	会社法実務研究会(編集), 青木 荘太郎, 池田 浩一郎, 鈴木 貴泰	会社法実務マニュアル 第2版 ─株式会社運営の実務と書式─ 第4巻 組織再編・事業承継
alo:book:manual:title_5426		2017	ぎょうせい	会社法実務研究会(編集), 青木 荘太郎, 田伏 岳人, 深山 徹, 本井 克樹, 池田 浩一郎, 西谷 昌樹, 鈴木 貴泰	会社法実務マニュアル 第2版 ─株式会社運営の実務と書式─ 第5巻 コンプライアンス・リスク対策
alo:book:manual:title_2798		2025	BUSINESS LAWYERS	中井 杏(弁護士)	個人情報保護法の実務対応Q&A
alo:book:manual:title_2708		2025	BUSINESS LAWYERS	服部 誠(弁護士)	債務不履行における法務の対応と契約書の見直しポイント
alo:book:manual:title_4077		2021	日本評論社		債権法改正・相続法改正と民事訴訟法
alo:book:manual:title_5000		2019	有斐閣	有斐閣(編集)	働き手・働き方の多様化と労働法[連載誌面合本版]
alo:book:manual:title_5843		2014	労働新聞社	村木 宏吉	元監督署長が解説 これならわかる自動車運転者の改善基準Q&A 厚労省と国交省の取締り等も横断的に解説
alo:book:manual:title_3628		2022	日本評論社		児童虐待の総合的検討
alo:book:manual:title_5813		2015	日本加除出版	多賀谷 一照, 髙宅 茂	入管法大全─立法経緯・判例・実務運用─第1部 逐条解説
alo:book:manual:title_5812		2015	日本加除出版	多賀谷 一照, 髙宅 茂	入管法大全─立法経緯・判例・実務運用─第2部 在留資格
alo:book:manual:title_2737		2025	日本評論社		公共政策の形成・実現方法のダイナミズム
alo:book:manual:title_2828		2025	日本評論社		公務員の働き方と法
alo:book:manual:title_3236		2023	日本評論社		公務員制度の分野横断的再検討
alo:book:manual:title_3901		2022	日本評論社		公法学から検証する日本学術会議問題
alo:book:manual:title_4212		2021	日本評論社		処罰による平和、和解による平和
alo:book:manual:title_4246		2021	日本評論社		分配問題と法学
alo:book:manual:title_4707		2020	立花書房	植村 立郎(編集)	刑事事実認定重要判決50選〔第3版〕上巻
alo:book:manual:title_4706		2020	立花書房	植村 立郎(編集)	刑事事実認定重要判決50選〔第3版〕下巻
alo:book:manual:title_3036		2024	日本評論社		刑事司法と「アウトサイダー」
alo:book:manual:title_2907		2024	日本評論社		刑事司法によって傷つく人たち
alo:book:manual:title_4986		2019	有斐閣	有斐閣(編集)	刑事政策の新動向[連載誌面合本版]
alo:book:manual:title_3419		2023	日本評論社		刑事法の基本概念の意義を問う
alo:book:manual:title_4110		2021	日本評論社		刑事裁判を支える人的・社会的基盤
alo:book:manual:title_5394		2017	日本評論社	緑 大輔	刑事訴訟法入門[第2版] 緑大輔著
alo:book:manual:title_4532		2020	日本評論社	亀井源太郎, 小池信太郎, 佐藤拓磨, 薮中悠, 和田俊憲	刑法I 総論(日評ベーシック・シリーズ)
alo:book:manual:title_3113		2024	日本評論社	亀井源太郎, 小池信太郎, 佐藤拓磨, 薮中悠, 和田俊憲	刑法I 総論[第2版](日評ベーシック・シリーズ)
alo:book:manual:title_4533		2020	日本評論社	亀井源太郎, 小池信太郎, 佐藤拓磨, 薮中悠, 和田俊憲	刑法II 各論(日評ベーシック・シリーズ)
alo:book:manual:title_3114		2024	日本評論社	亀井源太郎, 小池信太郎, 佐藤拓磨, 薮中悠, 和田俊憲	刑法II 各論[第2版](日評ベーシック・シリーズ)
alo:book:manual:title_3829		2022	日本評論社		刑法の「通説」 法学セミナーe-Book No.32
alo:book:manual:title_3004		2024	日本評論社		刑法のマジックワード
alo:book:manual:title_5682		2016	日本評論社	松原芳博	刑法各論 松原芳博著
alo:book:manual:title_4379		2021	日本評論社	松原芳博	刑法各論[第2版] 松原芳博著
alo:book:manual:title_2945		2024	日本評論社	松原芳博	刑法各論[第3版] 松原芳博著
alo:book:manual:title_2877		2024	日本評論社		刑法研究者が作った論証パターン
alo:book:manual:title_5507		2017	日本評論社	松原芳博	刑法総論[第2版] 松原芳博著
alo:book:manual:title_3945		2022	日本評論社	松原芳博	刑法総論[第3版] 松原芳博著
alo:book:manual:title_4289		2021	日本評論社		初歩からはじめる物権法(下)
alo:book:manual:title_5751		2015	税務経理協会		税経通信 2015年10月号
alo:book:manual:title_4141		2021	日本評論社	川嶋四郎(編著)	判例民事訴訟法入門_川嶋四郎編著
alo:book:manual:title_5110		2018	弁護士ドットコム株式会社	月刊弁護士ドットコム編集部(編集)	判例特急便 第11便〜第20便
alo:book:manual:title_5327		2018	弁護士ドットコム株式会社	月刊弁護士ドットコム編集部(編集)	判例特急便 第1便〜第10便
alo:book:manual:title_4865		2019	弁護士ドットコム株式会社	月刊弁護士ドットコム編集部(編集), 弁護士ドットコムタイムズ編集部(編集)	判例特急便 第21便〜第30便
alo:book:manual:title_4254		2021	弁護士ドットコム株式会社	弁護士ドットコムタイムズ編集部(編集)	判例特急便 第31便〜第38便(最終回)
alo:book:manual:title_3572		2023	勁草書房	池田真朗(編集), 片山直也(編集), 北居功(編集)	判例講義民法II債権 新訂第3版
alo:book:manual:title_4516		2020	日本法令	光前幸一	労働判例の読み方 第11回〜第20回
alo:book:manual:title_4802		2019	日本法令	光前幸一	労働判例の読み方 第1回〜第10回
alo:book:manual:title_4155		2021	日本法令	光前幸一	労働判例の読み方 第21回〜第30回
alo:book:manual:title_3810		2022	日本法令	光前幸一	労働判例の読み方 第31回〜第40回
alo:book:manual:title_2966		2024	日本評論社		労働契約における合意の外側
alo:book:manual:title_3235		2023	日本評論社		区分建物と登記
alo:book:manual:title_5283		2018	日本評論社	野川 忍	労働法 野川忍著
alo:book:manual:title_4645		2020	日本評論社	西谷敏	労働法[第3版] 西谷敏著
alo:book:manual:title_3083		2024	信山社	川口美貴	労働法〔第8版〕_川口美貴著
alo:book:manual:title_2760		2025	信山社	川口美貴	労働法〔第9版〕_川口美貴著
alo:book:manual:title_5748		2015	労働新聞社	小嶌 典明	労働法改革は現場に学べ!これからの雇用・労働法制 ―法律の前に常識がある。現場はそれを知っている―
alo:book:manual:title_5950		2012	労働新聞社	外井 浩志	労災裁判例に学ぶ企業の安全衛生責任 ―経営者・企業の配慮はここまで求められる!―
alo:book:manual:title_2834		2024	BUSINESS LAWYERS	遠藤 元一(弁護士)	取引基本契約の重要ポイントを理解する
alo:book:manual:title_2652		2025	BUSINESS LAWYERS	飯島 歩(弁護士)	取引基本契約書における知的財産権非侵害保証・補償条項の実務
alo:book:manual:title_3049		2024	BUSINESS LAWYERS	村永 俊暁(弁護士)	取締役・取締役会の基本と実務
alo:book:manual:title_2950		2024	日本評論社		古典は招く
alo:book:manual:title_4429		2021	日本評論社		司法は不要不急か?
alo:book:manual:title_3707		2022	日本評論社		司法制度の未来のために
alo:book:manual:title_2664		2025	日本評論社		吉田克己『物権法I〜III』を読み解く
alo:book:manual:title_3737		2022	中央経済社	神﨑満治郎(編集代表), 金子登志雄	商業登記全書/7 組織再編の手続〈第3版〉
alo:book:manual:title_2722		2025	BUSINESS LAWYERS	沼田 知之(弁護士)	営業秘密の侵害・持ち込みを防ぐ!実務上の3つのポイント・3つのタイミング
alo:book:manual:title_5738		2015	税務経理協会		税経通信 2015年11月号
alo:book:manual:title_5525		2017	日本評論社	木下智史, 伊藤建	基本憲法I
alo:book:manual:title_3981		2022	日本評論社	田淵浩二	基礎刑事訴訟法_田淵浩二著
alo:book:manual:title_4984		2019	有斐閣	有斐閣(編集)	基礎法学のススメ[連載誌面合本版]
alo:book:manual:title_4400		2021	日本評論社		基礎法学へのいざない
alo:book:manual:title_3321		2023	東洋経済新報社	週刊東洋経済編集部(編集)	変わる相続・贈与の節税
alo:book:manual:title_5728		2015	税務経理協会		税経通信 2015年12月号
alo:book:manual:title_2625		2025	BUSINESS LAWYERS	澤井 俊之	契約実務の基礎 M&A契約
alo:book:manual:title_2624		2025	BUSINESS LAWYERS	澤 祥雅	契約実務の基礎 合弁契約
alo:book:manual:title_2623		2025	BUSINESS LAWYERS	小野 洋一郎	契約実務の基礎 業務委託契約
alo:book:manual:title_2622		2025	BUSINESS LAWYERS	佐藤 俊	契約実務の基礎 総論
alo:book:manual:title_2621		2025	BUSINESS LAWYERS	吉村 彰浩	契約実務の基礎 賃貸借契約
alo:book:manual:title_3706		2022	日本評論社		婚姻のトリセツ
alo:book:manual:title_2637		2025	日本評論社		婚姻は、いかなる意味で、どこまで「契約」なのか
alo:book:manual:title_2663		2025	日本評論社		子の養育をめぐる総合的検討
alo:book:manual:title_4236		2021	東洋経済新報社	週刊東洋経済編集部(編集)	弁護士業界 最前線
alo:book:manual:title_3163		2024	新日本法規出版	杉山直(編集代表), 岡本知子(編集委員), 内藤敦之(編集委員), 夏苅一(編集委員), 山本真也(編集委員)	実務対応 株式会社の清算手続における疑問点
alo:book:manual:title_3650		2022	発明推進協会	一般財団法人創英IPラボ	実用新案出願のてびき 令和3年改正法対応 第43版
alo:book:manual:title_4104		2021	日本評論社		家族と法のゆくえ
alo:book:manual:title_3857		2022	日本法令	小山雅敬	小山雅敬の運送業経営相談室Part2
alo:book:manual:title_4068		2021	新日本法規出版	原田 満(編著), 岡崎教行(編著)	就業規則からみる メンタル不調の予防と対応
alo:book:manual:title_3543		2023	日本評論社		岐路に立つ日本型雇用システム
alo:book:manual:title_3551		2023	日本評論社		差別問題のいま
alo:book:manual:title_2782		2025	立花書房	澁澤敬造	広域技能指導官への道
alo:book:manual:title_4076		2021	日本評論社		建設アスベスト訴訟最高裁判決の意義と課題
alo:book:manual:title_5184		2018	日本加除出版	加藤真朗(編著), 吉形圭右(財務・税務監修), 吉田真也, 佐野千誉, 金子真大, 坂本龍亮, 末永雄一郎, 木村圭吾, 有光賢治, 松本義政, 久松岳史	弁護士・公認会計士の視点と実務 中小企業のM&A−スキーム・バリュエーション・デューデリジェンス・契約・クロージング
alo:book:manual:title_3910		2022	日本法令	岸田鑑彦	従業員と揉めないための労務トラブル想定問答 〜パワハラ対応〜
alo:book:manual:title_4154		2021	日本法令	岸田鑑彦	従業員と揉めないための労務トラブル想定問答 〜問題社員対応〜
alo:book:manual:title_4058		2021	日本法令	岸田鑑彦	従業員と揉めないための労務トラブル想定問答 〜退職勧奨〜
alo:book:manual:title_4245		2021	日本法令	岸田鑑彦	従業員と揉めないための労務トラブル想定問答 〜配転命令を拒否された場合〜
alo:book:manual:title_3983		2022	日本評論社		応用科目へのいざない
alo:book:manual:title_2692		2025	立花書房	橋爪隆	性犯罪に対する処罰規定の改正等について
alo:book:manual:title_3234		2023	日本評論社		性犯罪改正の分析・評価
alo:book:manual:title_2670		2025	日本評論社		性犯罪規定の総合的検討
alo:book:manual:title_2677		2025	立花書房	丸山嘉代	悩める現場の誌上事件相談室 検事! この事件、どうすればいいですか?(上)
alo:book:manual:title_2676		2025	立花書房	丸山嘉代	悩める現場の誌上事件相談室 検事! この事件、どうすればいいですか?(下)
alo:book:manual:title_2675		2025	立花書房	丸山嘉代	悩める現場の誌上事件相談室 検事! この事件、どうすればいいですか?(中)
alo:book:manual:title_2968		2024	日本評論社		情報空間の秩序構想
alo:book:manual:title_4485		2020	日本評論社		感染症対策の正義と法
alo:book:manual:title_4319		2021	日本評論社		感染症対策の法と医療
alo:book:manual:title_5672		2016	日本評論社	渡辺康行, 宍戸常寿, 松本和彦, 工藤達朗	憲法I 基本権_渡辺康行・宍戸常寿・松本和彦・工藤達朗
alo:book:manual:title_4351		2021	日本評論社	新井 誠, 曽我部真裕, 佐々木くみ, 横大道 聡	憲法I 総論・統治[第2版](日評ベーシック・シリーズ)
alo:book:manual:title_4364		2021	日本評論社	新井 誠, 曽我部真裕, 佐々木くみ, 横大道 聡	憲法II 人権[第2版](日評ベーシック・シリーズ)
alo:book:manual:title_4539		2020	日本評論社	渡辺康行, 宍戸常寿, 松本和彦, 工藤達朗	憲法II 総論・統治_渡辺康行・宍戸常寿・松本和彦・工藤達朗著
alo:book:manual:title_4331		2021	日本評論社	辻村みよ子	憲法[第7版] 辻村みよ子著
alo:book:manual:title_3063		2024	日本評論社		憲法問題の見つけ方
alo:book:manual:title_3828		2022	日本評論社		憲法訴訟の反対意見を読み解く
alo:book:manual:title_5161		2018	日本評論社	本 秀紀(編集)	憲法講義[第2版] 本秀紀編
alo:book:manual:title_3921		2022	日本評論社	本 秀紀(編集)	憲法講義[第3版]本秀紀編
alo:book:manual:title_4577		2020	新日本法規出版	公益社団法人 成年後見センター・リーガルサポート(編集)	成年後見の実務-フローチャートとポイント-
alo:book:manual:title_3281		2023	日本評論社		戦争犯罪に立ち向かう
alo:book:manual:title_4147		2021	日本評論社		担保と不動産登記
alo:book:manual:title_2771		2025	BUSINESS LAWYERS	窪田 三四郎(弁護士)	損害賠償・免責の実務対応Q&A
alo:book:manual:title_3900		2022	日本評論社		改正少年法の課題
alo:book:manual:title_4264	031401843	2021	経営書院(産労総合研究所)	経営書院(編集)	改訂9版 会社規程総覧
alo:book:manual:title_5716		2015	税務経理協会		税経通信 2016年01月号
alo:book:manual:title_2878		2024	BUSINESS LAWYERS	吉田 成希(講師)	法務マネージャーが語る、法務の勉強・リサーチの方法と書籍選び
alo:book:manual:title_3268		2023	新日本法規出版	横山宗祐(編著)	政省令・施行通達対応 相続土地国庫帰属制度 承認申請の手引
alo:book:manual:title_5705		2016	税務経理協会		税経通信 2016年02月号
alo:book:manual:title_4591		2020	日本評論社		教員の多忙化問題
alo:book:manual:title_4275		2021	中央経済社	森・濱田松本法律事務所(編集), 藤原 総一郎, 堀 天子, 小林 雄介	新・会社法実務問題シリーズ/1定款・各種規則の作成実務〈第4版〉
alo:book:manual:title_5769		2015	中央経済社	森・濱田松本法律事務所(編集), 戸嶋 浩二	新・会社法実務問題シリーズ/2株式・種類株式〈第2版〉
alo:book:manual:title_4285		2021	中央経済社	森・濱田松本法律事務所(編集), 安部 健介	新・会社法実務問題シリーズ/3新株予約権・社債〈第3版〉
alo:book:manual:title_4242		2021	中央経済社	森・濱田松本法律事務所(編集), 宮谷 隆, 奥山 健志	新・会社法実務問題シリーズ/4株主総会の準備事務と議事運営〈第5版〉
alo:book:manual:title_4192		2021	中央経済社	森・濱田松本法律事務所(編集), 渡辺 邦広, 邉 英基	新・会社法実務問題シリーズ/5機関設計・取締役・取締役会〈第2版〉
alo:book:manual:title_5703		2016	中央経済社	森・濱田松本法律事務所(編集), 奥田 洋一, 石井 絵梨子, 河島 勇太	新・会社法実務問題シリーズ/6監査役・監査委員会・監査等委員会
alo:book:manual:title_3840		2022	中央経済社	森・濱田松本法律事務所(編集), 松井秀樹	新・会社法実務問題シリーズ/7会社議事録の作り方〈第3版〉
alo:book:manual:title_3669		2022	中央経済社	森・濱田松本法律事務所(編集), 金丸和弘, 藤津康彦, 金丸由美	新・会社法実務問題シリーズ/8 会社の計算〈第3版〉
alo:book:manual:title_3956		2022	中央経済社	森・濱田松本法律事務所(編集), 石綿学, 石井裕介, 小松岳志, 邉英基, 高谷知佐子, 戸嶋浩二, 金丸祐子, 藤田知也	新・会社法実務問題シリーズ/9組織再編〈第3版〉
alo:book:manual:title_4694		2020	青林書院	藤田宙靖	新版 行政法総論 下巻
alo:book:manual:title_5953		2011	有斐閣	奥田 昌道(編集)	新版注釈民法(10)2 債権(1)
alo:book:manual:title_3845		2022	日本加除出版	長瀨 佑志	明日、相談を受けても大丈夫!慰謝料請求事件の基本と実務
alo:book:manual:title_5750		2015	有斐閣	柚木 馨(編集), 高木 多喜男(編集)	新版注釈民法(9)〔改訂版〕
alo:book:manual:title_4363		2021	日本評論社		日本法とリベラリズム
alo:book:manual:title_2636		2025	日本評論社		日本社会のDXと法
alo:book:manual:title_3614		2022	日本評論社	瀬木比呂志	民事訴訟法[第2版]瀬木比呂志
alo:book:manual:title_5671		2016	労働新聞社	社労士就業規則実践研究会	最新 企業実務に即したモデル社内規程と運用ポイント 人事労務の現場実務に精通した精鋭の社労士が解説!
alo:book:manual:title_5006		2019	日本加除出版	岩出 誠(編集代表), ロア・ユナイテッド法律事務所(編著)	最新整理 働き方改革関連法と省令・ガイドラインの解説―残業時間の規制、有休取得の義務化、同一労働同一賃金等、企業に求められる対応―
alo:book:manual:title_3118		2024	日本評論社		最高裁判決2023
alo:book:manual:title_5528		2017	労働新聞社	久保 修一	本書を読まずに障害者を雇用してはいけません! 障害者雇用のノウハウと役立つ解決法が満載です
alo:book:manual:title_2731		2025	立花書房	阪井光平	条文でつなぐ警察と検察(上)
alo:book:manual:title_2730		2025	立花書房	阪井光平	条文でつなぐ警察と検察(下)
alo:book:manual:title_2729		2025	立花書房	阪井光平	条文でつなぐ警察と検察(中)
alo:book:manual:title_5695		2016	税務経理協会		税経通信 2016年03月号
alo:book:manual:title_4361		2021	日本評論社		東日本大震災後の10年と法律学(上)
alo:book:manual:title_4318		2021	日本評論社		東日本大震災後の10年と法律学(下)
alo:book:manual:title_2827		2025	立花書房	木村昇一(編著)	検察官から見た警察捜査のポイント
alo:book:manual:title_2892		2024	中央経済社	菅信浩	業務をまるごと見える化する経理・財務のフローチャート40
alo:book:manual:title_3760		2022	新日本法規出版	契約審査実務研究会 代表 山田尚武(編集)	次世代ビジネス対応 契約審査手続マニュアル
alo:book:manual:title_3759		2022	日本評論社		欧米のデジタル・プラットフォームビジネス規制の動向
alo:book:manual:title_4371		2021	新日本法規出版	東京弁護士会 法友会(編集)	死後事務委任契約 実務マニュアル
alo:book:manual:title_2886		2024	BUSINESS LAWYERS	金子 晋輔(弁護士)	毎日使える法務の生成AI活用術
alo:book:manual:title_4908		2019	青林書院	須藤典明, 深見敏正, 金子直史	民事保全 四訂版
alo:book:manual:title_4967		2019	有斐閣	阿多 博文, 古賀 政治, 鷹取 信哉	民事保全・執行を勉強しよう――実務との架橋を目指して[連載誌面合本版]
alo:book:manual:title_2890		2024	BUSINESS LAWYERS	村上 綾(講師)	法務内研修プログラムのつくり方・考え方
alo:book:manual:title_3758		2022	日本評論社		民事基本立法の法学と政治学
alo:book:manual:title_3233		2023	日本評論社		民事裁判IT化と民事手続法学
alo:book:manual:title_4460		2020	東洋経済新報社	週刊東洋経済編集部(編集)	民法&労働法大改正
alo:book:manual:title_3953		2022	有斐閣	石田 剛, 武川 幸嗣, 占部 洋之, 田髙 寛貴, 秋山 靖浩	民法II 物権〔第4版〕(LEGAL QUEST)
alo:book:manual:title_3906		2022	有斐閣	手嶋 豊, 藤井 徳展, 大澤 慎太郎	民法III 債権総論(LEGAL QUEST)
alo:book:manual:title_4040		2021	有斐閣	曽野 裕夫, 松井 和彦, 丸山 絵美子	民法IV 契約(LEGAL QUEST)
alo:book:manual:title_4720		2020	有斐閣	橋本 佳幸, 大久保 邦彦, 小池 泰	民法V 事務管理・不当利得・不法行為〔第2版〕(LEGAL QUEST)
alo:book:manual:title_3939		2022	有斐閣	前田 陽一, 本山 敦, 浦野 由紀子	民法VI 親族・相続〔第6版〕(LEGAL QUEST)
alo:book:manual:title_2815		2025	信山社	執行秀幸	民法の事例問題を解けるようになるのはなぜ難しいのか
alo:book:manual:title_5256		2018	東洋経済新報社	週刊東洋経済編集部(編集)	民法大改正&個人情報保護法
alo:book:manual:title_3007		2024	日本法令	水町勇一郎	水町詳解労働法 第3版 公式読本
alo:book:manual:title_5653		2016	信山社	井上達夫(責任編集)	法と哲学 第2号
alo:book:manual:title_3811		2022	信山社	井上達夫(責任編集)	法と哲学 第8号
alo:book:manual:title_6028		1975	日本評論社	林修三	法令作成の常識
alo:book:manual:title_4087		2021	日本評論社		法制史のすすめ
alo:book:manual:title_4966		2019	有斐閣	有斐閣(編集)	法務の世界と世界の法務[連載誌面合本版]
alo:book:manual:title_2655		2025	BUSINESS LAWYERS	廣瀬 崇史(弁護士)	法務初心者のための契約書作成・レビューのポイント
alo:book:manual:title_2887		2024	BUSINESS LAWYERS	瀧川 英雄(講師)	法務担当者のためのビジネス文書作成術
alo:book:manual:title_4269		2021	日本評論社		法学入門2021 Part.1
alo:book:manual:title_4268		2021	日本評論社		法学入門2021 Part.2
alo:book:manual:title_3888		2022	日本評論社		法学入門2022
alo:book:manual:title_3510		2023	日本評論社		法学入門2023
alo:book:manual:title_3095		2024	日本評論社		法学入門2024
alo:book:manual:title_3272		2023	新世社	興津征雄	法学叢書 行政法I
alo:book:manual:title_3887		2022	日本評論社		法学部発、活躍の場
alo:book:manual:title_6032		1965	有斐閣	西村 信雄(編集)	注釈民法(11) 債権(2)
alo:book:manual:title_6030		1970	有斐閣	磯村 哲(編集)	注釈民法(12) 債権(3)
alo:book:manual:title_6033		1965	有斐閣	加藤 一郎(編集)	注釈民法(19) 債権(10)
alo:book:manual:title_6031		1967	有斐閣	川島 武宜(編集)	注釈民法(5) 総則(5)
alo:book:manual:title_6034		1965	有斐閣	林 良平(編集)	注釈民法(8) 物権(3)
alo:book:manual:title_5685		2016	税務経理協会		税経通信 2016年04月号
alo:book:manual:title_5116		2018	日本加除出版	山北 英仁	渉外不動産登記の法律と実務2―相続、売買、準拠法に関する実例解説―
alo:book:manual:title_3046		2024	BUSINESS LAWYERS	坂尾 佑平、吉田 悟巳、磯田 翔、越場 真琴、木内 敬、山口 亮子、新岡 美波(弁護士)	災害時の法務Q&A
alo:book:manual:title_4012		2022	日本評論社	中舎寛樹	物権法 中舎寛樹著
alo:book:manual:title_3243		2023	日本評論社		特別刑法の世界
alo:book:manual:title_3294		2023	BUSINESS LAWYERS	飯島 歩(弁護士), 藤田知美(弁護士), 松下 外(弁護士), 町野 静(弁護士), 神田 雄(弁護士)	特許権侵害訴訟に企業はどう向き合うか
alo:book:manual:title_4282		2021	日本評論社		犯罪者処遇法の新展開
alo:book:manual:title_4452		2020	弘文堂	村上政博	独占禁止法の新たな地平II
alo:book:manual:title_3247		2023	弘文堂	村上政博	独占禁止法の新たな地平III
alo:book:manual:title_5056		2019	有斐閣	有斐閣(編集)	現代訴訟の論点と法理論の検討[連載誌面合本版]
alo:book:manual:title_2646		2025	立花書房	河原俊也	現場警察幹部のための判例・裁判例の実務的検討~傷害編~
alo:book:manual:title_2645		2025	立花書房	河原俊也	現場警察幹部のための判例・裁判例の実務的検討~暴行編~
alo:book:manual:title_5847		2014	税務経理協会		税経通信 2014年12月号
alo:book:manual:title_4714		2020	有斐閣	有斐閣(編集)	相続と法実務 [連載誌面合本版]
alo:book:manual:title_3897		2022	東洋経済新報社	週刊東洋経済編集部(編集)	相続の新常識
alo:book:manual:title_3301		2023	新日本法規出版	相川泰男(共著), 大畑敦子(共著), 横山宗祐(共著), 角田智美(共著), 山崎岳人(共著)	相続トラブルにみる 遺産分割後にもめないポイント
alo:book:manual:title_4475		2020	新日本法規出版	大西隆司	相続対策別 法務文例作成マニュアル-遺言書・契約書・合意書・議事録-
alo:book:manual:title_5096		2018	青林書院	髙部眞規子(編著)	知的財産権訴訟II
alo:book:manual:title_4823		2019	有斐閣	有斐閣(編集)	知的財産法とビジネスの種〔第1期〕〔第2期〕 [連載誌面合本版]
alo:book:manual:title_2935		2024	日本評論社		知的財産法のホットイシュー
alo:book:manual:title_5529		2017	中央経済社	末吉亙	知的財産法実務シリーズ/2新版商標法〈第5版〉
alo:book:manual:title_3627		2022	日本評論社		社会問題・環境問題の「司法化(judiciarisation)」の論点と可能性(上)
alo:book:manual:title_3626		2022	日本評論社		社会問題・環境問題の「司法化(judiciarisation)」の論点と可能性(下)
alo:book:manual:title_2634		2025	日本評論社		社会機能の維持・承継と法
alo:book:manual:title_5324		2018	労働新聞社	堀下 和紀	社労士事務所に学ぶ 中小企業ができる「働き方改革」 ~労務管理の「プロ」が「働き方改革」の手法を大公開!~
alo:book:manual:title_3993		2022	日本評論社		福祉行政の現代的展開
alo:book:manual:title_3656		2022	BUSINESS LAWYERS	BUSINESS LAWYERS編集部	秘密保持契約(NDA)の基礎とチェックのポイント
alo:book:manual:title_3823		2022	日本評論社		租税国家のメタモルフォーゼ
alo:book:manual:title_5842		2014	税務経理協会		税経通信 2015年01月号
alo:book:manual:title_5889		2013	税務経理協会		税経通信 2014年01月号
alo:book:manual:title_5886		2014	税務経理協会		税経通信 2014年02月号
alo:book:manual:title_5884		2014	税務経理協会		税経通信 2014年03月号
alo:book:manual:title_5881		2014	税務経理協会		税経通信 2014年04月号
alo:book:manual:title_5879		2014	税務経理協会		税経通信 2014年05月号
alo:book:manual:title_5874		2014	税務経理協会		税経通信 2014年06月号
alo:book:manual:title_5867		2014	税務経理協会		税経通信 2014年07月号
alo:book:manual:title_5862		2014	税務経理協会		税経通信 2014年08月号
alo:book:manual:title_5857		2014	税務経理協会		税経通信 2014年09月号
alo:book:manual:title_5855		2014	税務経理協会		税経通信 2014年10月号
alo:book:manual:title_5852		2014	税務経理協会		税経通信 2014年11月号
alo:book:manual:title_5676		2016	税務経理協会		税経通信 2016年05月号
alo:book:manual:title_5659		2016	税務経理協会		税経通信 2016年06月号
alo:book:manual:title_5647		2016	税務経理協会		税経通信 2016年07月号
alo:book:manual:title_5634		2016	税務経理協会		税経通信 2016年08月号
alo:book:manual:title_5624		2016	税務経理協会		税経通信 2016年09月号
alo:book:manual:title_5611		2016	税務経理協会		税経通信 2016年10月号
alo:book:manual:title_5602		2016	税務経理協会		税経通信 2016年11月号
alo:book:manual:title_5588		2016	税務経理協会		税経通信 2016年12月号
alo:book:manual:title_5572		2016	税務経理協会		税経通信 2017年01月号
alo:book:manual:title_5556		2017	税務経理協会		税経通信 2017年02月号
alo:book:manual:title_5534		2017	税務経理協会		税経通信 2017年03月号
alo:book:manual:title_5516		2017	税務経理協会		税経通信 2017年04月号
alo:book:manual:title_5495		2017	税務経理協会		税経通信 2017年05月号
alo:book:manual:title_5472		2017	税務経理協会		税経通信 2017年06月号
alo:book:manual:title_5453		2017	税務経理協会		税経通信 2017年07月号
alo:book:manual:title_5431		2017	税務経理協会		税経通信 2017年08月号
alo:book:manual:title_5413		2017	税務経理協会		税経通信 2017年09月号
alo:book:manual:title_5403		2017	税務経理協会		税経通信 2017年10月号
alo:book:manual:title_5376		2017	税務経理協会		税経通信 2017年11月号
alo:book:manual:title_5360		2017	税務経理協会		税経通信 2017年12月号
alo:book:manual:title_5345		2017	税務経理協会		税経通信 2018年01月号
alo:book:manual:title_5333		2018	税務経理協会		税経通信 2018年02月号
alo:book:manual:title_5322		2018	税務経理協会		税経通信 2018年03月号
alo:book:manual:title_5305		2018	税務経理協会		税経通信 2018年04月号
alo:book:manual:title_5289		2018	税務経理協会		税経通信 2018年05月号
alo:book:manual:title_5266		2018	税務経理協会		税経通信 2018年06月号
alo:book:manual:title_5249		2018	税務経理協会		税経通信 2018年07月号
alo:book:manual:title_5221		2018	税務経理協会		税経通信 2018年08月号
alo:book:manual:title_5196		2018	税務経理協会		税経通信 2018年09月号
alo:book:manual:title_5178		2018	税務経理協会		税経通信 2018年10月号
alo:book:manual:title_5150		2018	税務経理協会		税経通信 2018年11月号
alo:book:manual:title_5128		2018	税務経理協会		税経通信 2018年12月号
alo:book:manual:title_5102		2018	税務経理協会		税経通信 2019年01月号
alo:book:manual:title_5085		2019	税務経理協会		税経通信 2019年02月号
alo:book:manual:title_5067		2019	税務経理協会		税経通信 2019年03月号
alo:book:manual:title_5045		2019	税務経理協会		税経通信 2019年04月号
alo:book:manual:title_5014		2019	税務経理協会		税経通信 2019年05月号
alo:book:manual:title_4991		2019	税務経理協会		税経通信 2019年06月号
alo:book:manual:title_4970		2019	税務経理協会		税経通信 2019年07月号
alo:book:manual:title_4939		2019	税務経理協会		税経通信 2019年08月号
alo:book:manual:title_4911		2019	税務経理協会		税経通信 2019年09月号
alo:book:manual:title_4889		2019	税務経理協会		税経通信 2019年10月号
alo:book:manual:title_4850		2019	税務経理協会		税経通信 2019年11月号
alo:book:manual:title_4830		2019	税務経理協会		税経通信 2019年12月号
alo:book:manual:title_4549		2020	税務経理協会		税経通信 2020年10月号
alo:book:manual:title_4514		2020	税務経理協会		税経通信 2020年11月号
alo:book:manual:title_4487		2020	税務経理協会		税経通信 2020年12月号
alo:book:manual:title_4800		2019	税務経理協会		税経通信 2020年1月号
alo:book:manual:title_4771		2020	税務経理協会		税経通信 2020年2月号
alo:book:manual:title_4750		2020	税務経理協会		税経通信 2020年3月号
alo:book:manual:title_4729		2020	税務経理協会		税経通信 2020年4月号
alo:book:manual:title_4691		2020	税務経理協会		税経通信 2020年5月号
alo:book:manual:title_4657		2020	税務経理協会		税経通信 2020年6月号
alo:book:manual:title_4619		2020	税務経理協会		税経通信 2020年7月号
alo:book:manual:title_4595		2020	税務経理協会		税経通信 2020年8月号
alo:book:manual:title_4571		2020	税務経理協会		税経通信 2020年9月号
alo:book:manual:title_4152		2021	税務経理協会		税経通信 2021年10月号
alo:book:manual:title_4117		2021	税務経理協会		税経通信 2021年11月号
alo:book:manual:title_4084		2021	税務経理協会		税経通信 2021年12月号
alo:book:manual:title_4456		2020	税務経理協会		税経通信 2021年1月号
alo:book:manual:title_4419		2021	税務経理協会		税経通信 2021年2月号
alo:book:manual:title_4395		2021	税務経理協会		税経通信 2021年3月号
alo:book:manual:title_4360		2021	税務経理協会		税経通信 2021年4月号
alo:book:manual:title_4313		2021	税務経理協会		税経通信 2021年5月号
alo:book:manual:title_4281		2021	税務経理協会		税経通信 2021年6月号
alo:book:manual:title_4244		2021	税務経理協会		税経通信 2021年7月号
alo:book:manual:title_4209		2021	税務経理協会		税経通信 2021年8月号
alo:book:manual:title_4181		2021	税務経理協会		税経通信 2021年9月号
alo:book:manual:title_3753		2022	税務経理協会		税経通信 2022年10月号
alo:book:manual:title_3710		2022	税務経理協会		税経通信 2022年11月号
alo:book:manual:title_3671		2022	税務経理協会		税経通信 2022年12月号
alo:book:manual:title_4057		2021	税務経理協会		税経通信 2022年1月号
alo:book:manual:title_4024		2022	税務経理協会		税経通信 2022年2月号
alo:book:manual:title_3992		2022	税務経理協会		税経通信 2022年3月号
alo:book:manual:title_3959		2022	税務経理協会		税経通信 2022年4月号
alo:book:manual:title_3907		2022	税務経理協会		税経通信 2022年5月号
alo:book:manual:title_3865		2022	税務経理協会		税経通信 2022年6月号
alo:book:manual:title_3838		2022	税務経理協会		税経通信 2022年7月号
alo:book:manual:title_3807		2022	税務経理協会		税経通信 2022年8月号
alo:book:manual:title_3782		2022	税務経理協会		税経通信 2022年9月号
alo:book:manual:title_3304		2023	税務経理協会		税経通信 2023年10月号
alo:book:manual:title_3271		2023	税務経理協会		税経通信 2023年11月号
alo:book:manual:title_3229		2023	税務経理協会		税経通信 2023年12月号
alo:book:manual:title_3637		2022	税務経理協会		税経通信 2023年1月号
alo:book:manual:title_3599		2023	税務経理協会		税経通信 2023年2月号
alo:book:manual:title_3557		2023	税務経理協会		税経通信 2023年3月号
alo:book:manual:title_3521		2023	税務経理協会		税経通信 2023年4月号
alo:book:manual:title_3462		2023	税務経理協会		税経通信 2023年5月号
alo:book:manual:title_3421		2023	税務経理協会		税経通信 2023年6月号
alo:book:manual:title_3392		2023	税務経理協会		税経通信 2023年7月号
alo:book:manual:title_3364		2023	税務経理協会		税経通信 2023年8月号
alo:book:manual:title_3332		2023	税務経理協会		税経通信 2023年9月号
alo:book:manual:title_2937		2024	税務経理協会		税経通信 2024年10月号
alo:book:manual:title_2908		2024	税務経理協会		税経通信 2024年11月号
alo:book:manual:title_2879		2024	税務経理協会		税経通信 2024年12月号
alo:book:manual:title_3202		2023	税務経理協会		税経通信 2024年1月号
alo:book:manual:title_3169		2024	税務経理協会		税経通信 2024年2月号
alo:book:manual:title_3142		2024	税務経理協会		税経通信 2024年3月号
alo:book:manual:title_3108		2024	税務経理協会		税経通信 2024年4月号
alo:book:manual:title_3068		2024	税務経理協会		税経通信 2024年5月号
alo:book:manual:title_3039		2024	税務経理協会		税経通信 2024年6月号
alo:book:manual:title_3010		2024	税務経理協会		税経通信 2024年7月号
alo:book:manual:title_2978		2024	税務経理協会		税経通信 2024年8月号
alo:book:manual:title_2960		2024	税務経理協会		税経通信 2024年9月号
alo:book:manual:title_2627		2025	税務経理協会		税経通信 2025年10月号
alo:book:manual:title_2603		2025	税務経理協会		税経通信 2025年11月号
alo:book:manual:title_2849		2024	税務経理協会		税経通信 2025年1月号
alo:book:manual:title_2826		2025	税務経理協会		税経通信 2025年2月号
alo:book:manual:title_2806		2025	税務経理協会		税経通信 2025年3月号
alo:book:manual:title_2778		2025	税務経理協会		税経通信 2025年4月号
alo:book:manual:title_2748		2025	税務経理協会		税経通信 2025年5月号
alo:book:manual:title_2714		2025	税務経理協会		税経通信 2025年6月号
alo:book:manual:title_2691		2025	税務経理協会		税経通信 2025年7月号
alo:book:manual:title_2669		2025	税務経理協会		税経通信 2025年8月号
alo:book:manual:title_2644		2025	税務経理協会		税経通信 2025年9月号
alo:book:manual:title_3991		2022	日本評論社		第20回行政法研究フォーラム
alo:book:manual:title_5641		2016	日本加除出版	梅田 康宏, 中川 達也	第2版よくわかるテレビ番組制作の法律相談
alo:book:manual:title_4466		2020	ぎょうせい	大沼 長清(編集), 井上 久彌(編集), 柳澤 義一, 椿本 雅朗, 井ノ上 正男, 佐藤 敏郎	第十次改訂 会社税務マニュアルシリーズ 4 企業再生・コーポレートガバナンス
alo:book:manual:title_4469		2020	ぎょうせい	大沼 長清(編集), 井上 久彌(編集), 平山 昇	第十次改訂 会社税務マニュアルシリーズ 1 設立・解散
alo:book:manual:title_4468		2020	ぎょうせい	大沼 長清(編集), 井上 久彌(編集), 今西 浩之	第十次改訂 会社税務マニュアルシリーズ 2 資本戦略
alo:book:manual:title_4467		2020	ぎょうせい	大沼 長清(編集), 井上 久彌(編集), 寺西 尚人	第十次改訂 会社税務マニュアルシリーズ 3 組織再編
alo:book:manual:title_4465		2020	ぎょうせい	大沼 長清(編集), 井上 久彌(編集), 佐久間 裕幸, 島村 謙, 瀧谷 耕二	第十次改訂 会社税務マニュアルシリーズ 5 事業承継
alo:book:manual:title_4496		2020	日本評論社		終活と法
alo:book:manual:title_4421		2021	日本法令	八代尚宏	経済学で考える 人事労務・社会保険 第11回〜第20回
alo:book:manual:title_4728		2020	日本法令	八代尚宏	経済学で考える 人事労務・社会保険 第1回〜第10回
alo:book:manual:title_4083		2021	日本法令	八代尚宏	経済学で考える 人事労務・社会保険 第21回〜第30回
alo:book:manual:title_3486		2023	中央経済社	貞嘉徳, 高田翔行	経済安全保障×投資規制・貿易管理外為法Q&A
alo:book:manual:title_3075		2024	日本評論社		経済安全保障の法的制御
alo:book:manual:title_4050		2021	日本評論社		統治と専門家
alo:book:manual:title_4227		2021	日本評論社		統治機構における学問の自由
alo:book:manual:title_3408		2023	日本評論社		続・刑法の「通説」
alo:book:manual:title_3757		2022	新日本法規出版	馬場三紀子(共著), 大嶽達哉(共著)	育児・介護を行う社員をめぐる 職場の労務管理アドバイス
alo:book:manual:title_2805		2025	日本評論社		能登半島地震で起きたこと
alo:book:manual:title_4588		2020	日本評論社		芸術と表現の自由
alo:book:manual:title_4091		2021	新日本法規出版	第一東京弁護士会 若手会員委員会 委任状研究部会(編集)	若手弁護士・パラリーガル必携 委任状書式百選
alo:book:manual:title_3146		2024	日本評論社		若者の困窮
alo:book:manual:title_2620		2025	BUSINESS LAWYERS	坂巻 謙太朗	英文契約実務の基礎 買収契約・出資契約
alo:book:manual:title_3741		2022	BUSINESS LAWYERS	金子 涼一(弁護士)	英文契約書の読み方・直し方
alo:book:manual:title_2619		2025	BUSINESS LAWYERS	小田 亮治	英文契約書実務の基礎 ボイラープレート条項
alo:book:manual:title_2618		2025	BUSINESS LAWYERS	荒井 陽二郎	英文契約書実務の基礎 代理店契約・販売店契約
alo:book:manual:title_2617		2025	BUSINESS LAWYERS	岡田 孝太郎	英文契約書実務の基礎 合弁契約
alo:book:manual:title_2616		2025	BUSINESS LAWYERS	竹内 悠介	英文契約書実務の基礎 売買契約
alo:book:manual:title_2615		2025	BUSINESS LAWYERS	谷中 直子	英文契約書実務の基礎 知財ライセンス契約
alo:book:manual:title_2614		2025	BUSINESS LAWYERS	堀池 雅之	英文契約書実務の基礎 秘密保持契約(NDA)
alo:book:manual:title_2613		2025	BUSINESS LAWYERS	中田 マリコ	英文契約書実務の基礎 総論
alo:book:manual:title_1081			東京法令出版		六訂版風営適正化法関係法令集
alo:book:manual:title_3749		2022	日本評論社	岡田正則	行政法I 岡田正則著
alo:book:manual:title_2940		2024	日本評論社	岡田正則	行政法II
alo:book:manual:title_4180		2021	日本評論社		行政法の法的安定性を検証する
alo:book:manual:title_4965		2019	有斐閣	原田 大樹	行政法クロニクル[連載誌面合本版]
alo:book:manual:title_4064		2021	新日本法規出版	山浦美紀(共著), 大浦綾子(共著), 小西華子(共著), 里内友貴子(共著)	裁判例・指針から読み解く ハラスメント該当性の判断
alo:book:manual:title_3227		2023	新日本法規出版	武藤裕一	裁判官からみた 離婚事件における債務名義作成・強制執行・保全の実務
alo:book:manual:title_5489		2017	ぎょうせい	岡口 基一	要件事実マニュアル 第5版 第3巻 商事・手形・執行・破産・保険・金融・知的財産
alo:book:manual:title_3880		2022	日本評論社		規制手法の多様化と法理論
alo:book:manual:title_3197		2023	日本評論社		証拠排除法則の総合的再検討
alo:book:manual:title_4049		2021	日本評論社		言論に対するゆるしと制裁
alo:book:manual:title_5779		2015	労働新聞社	堀下 和紀, 穴井 隆二, 渡邉 直貴, 兵頭 尚	訴訟リスクを劇的にダウンさせる就業規則の考え方、作り方。 ~多くの負け裁判分析を基にした規程・運用例を収載~
alo:book:manual:title_3358		2023	日本評論社		試験というコミュニケーション
alo:book:manual:title_2861		2024	中央経済社	中野進一郎	詳説 Food and Drug Law
alo:book:manual:title_3642		2022	司法協会	星野 雅紀, 河野 清孝(監修), 野上 康雄(監修), 鈴木 龍介(監修), 佐々木摩弥子(監修)	調停等の条項例集-家事編-
alo:book:manual:title_3418		2023	日本評論社		財産権とその処分
alo:book:manual:title_5173		2018	民事法研究会	田中豊	論点精解 民事訴訟法〔改訂増補版〕
alo:book:manual:title_2602		2025	立花書房	警察大学校(編集)	警察学論集2025年10月号
alo:book:manual:title_2747		2025	立花書房	警察大学校(編集)	警察学論集2025年4月号
alo:book:manual:title_2712		2025	立花書房	警察大学校(編集)	警察学論集2025年5月号
alo:book:manual:title_2690		2025	立花書房	警察大学校(編集)	警察学論集2025年6月号
alo:book:manual:title_2668		2025	立花書房	警察大学校(編集)	警察学論集2025年7月号
alo:book:manual:title_2643		2025	立花書房	警察大学校(編集)	警察学論集2025年8月号
alo:book:manual:title_2626		2025	立花書房	警察大学校(編集)	警察学論集2025年9月号
alo:book:manual:title_2873		2024	立花書房	冨士﨑 真治	警察官のためのデジタル・フォレンジック捜査入門
alo:book:manual:title_2855		2024	立花書房	警察実務研究会(編集)	警察実務重要裁判例 令和6年版
alo:book:manual:title_3352		2023	日本評論社		議会の支出統制権・再考
alo:book:manual:title_3720		2022	日本商事仲裁協会	日本商事仲裁協会(発行)	販売基本契約書 第二版
alo:book:manual:title_3389		2023	日本評論社		責任はどこから
alo:book:manual:title_2632		2025	立花書房	横田正久	責任能力をめぐる捜査上の諸問題
alo:book:manual:title_2804		2025	日本評論社		赤根智子・国際刑事裁判所所長に聞く
alo:book:manual:title_3684		2022	東洋経済新報社	週刊東洋経済編集部(編集)	週刊東洋経済 2022年11月5日号
alo:book:manual:title_3311		2023	東洋経済新報社	週刊東洋経済編集部(編集)	週刊東洋経済 2023年9月9日号
alo:book:manual:title_3625		2022	日本評論社		運送法の現在と未来
alo:book:manual:title_3270		2023	中央経済社	若松牧	違反・トラブルを未然に防ぐインターネット広告法務ハンドブック
alo:book:manual:title_4491		2020	新日本法規出版	山本和義	配偶者居住権と相続対策の実務-配偶者保護の視点から-
alo:book:manual:title_5946		2012	青林書院	神崎克郎, 志谷匡史, 川口恭弘	金融商品取引法〔青林書院〕
alo:book:manual:title_2404			有斐閣		別冊ジュリスト刑法判例百選II
alo:book:manual:title_3664		2022	新日本法規出版	武藤裕一(共著), 野口英一郎(共著)	離婚事件における 家庭裁判所の判断基準と弁護士の留意点
alo:book:manual:title_5255		2018	東洋経済新報社	週刊東洋経済編集部(編集)	食えなくなった弁護士・会計士・税理士
alo:book:manual:title_3165		2024	東洋経済新報社	週刊東洋経済編集部(編集)	高揚するコンサル したたかな弁護士
alo:book:manual:title_2394			有斐閣		別冊ジュリスト商法判例百選
alo:book:manual:title_1206	000009184686		法曹会		民事訴訟における事実認定
alo:book:manual:title_2397			有斐閣		別冊ジュリスト憲法判例百選1
alo:book:manual:title_2095			法曹会		9訂印字判決起案の手引
alo:book:manual:title_2398			有斐閣		別冊ジュリスト憲法判例百選2
alo:book:manual:title_1798			大阪弁護士協同組合		はい6民ですお答えします:倒産実務Q&A
alo:book:manual:title_2393			有斐閣		別冊ジュリスト民事訴訟法判例百選
alo:book:manual:title_1909			民事法研究会		代理人のための面会交流の実務
alo:book:manual:title_1841	023636151		法曹会		例題解説不動産競売の実務
alo:book:manual:title_2241			新潟県弁護士会		保証の実務 保証契約の不成立から求償まで
alo:book:manual:title_1839			司法協会		倒産実務講義案
alo:book:manual:title_2213			日本弁護士連合会		六訂 民事弁護の手引
alo:book:manual:title_2399			有斐閣		別冊ジュリスト民法判例百選1
alo:book:manual:title_2057			第一勧銀総合研究所		同抵当の代価の配当についての研究
alo:book:manual:title_1835			司法協会		新民事訴訟法における書記官事務の研究(III)
alo:book:manual:title_2216			弘文堂		条解 民事再生法
alo:book:manual:title_1993	000002747137		司法協会		条解民事執行規則
alo:book:manual:title_1760			法曹会		条解破産規則〜付 民事再生規則等の一部を改正する規則
alo:book:manual:title_1775			法曹会		条解非訟事件手続規則
alo:book:manual:title_1836			司法協会		民事上訴審の手続きと書記官実務の研究
alo:book:manual:title_1944			法曹界		民事第二審判決書について
alo:book:manual:title_2400			有斐閣		別冊ジュリスト民法判例百選2
alo:book:manual:title_2020			民事法研究会		第2版Q&A高齢者・障害者の法律問題
alo:book:manual:title_1209			司法研修所		10訂民事判決起案の手引
alo:book:manual:title_790	032440926		東京弁護士会 倒産法部		40周年記念誌 東弁倒産法部の軌跡
alo:book:manual:title_1204			司法研修所		4訂民事弁護における立証活動
alo:book:manual:title_1205			司法研修所		7訂民事弁護の手引き
alo:book:manual:title_1195			日本加除出版		CD版法務局・裁判所・検察庁・警察署所在地・電話番号便覧
alo:book:manual:title_2401			有斐閣		別冊ジュリスト民法判例百選3
alo:book:manual:title_697			新日本法規出版		Q&A 人事労務規定変更マニュアル 1・2
alo:book:manual:title_1208			司法研修所		「10訂民事判決起案の手引」別冊 事実摘示記載例集
alo:book:manual:title_1231			TKC出版		「企業再生」事例集
alo:book:manual:title_1656	000000099420		クリエテ関西		あまから手帖
alo:book:manual:title_1196			インプレス		できるWindows10&Office
alo:book:manual:title_546	029967659		大阪弁護士協同組合		はい6民です お答えします~倒産実務Q&A~ (第2版)
alo:book:manual:title_1034			全日本指定自動車教習所協会連合会		みんなを守る安全運転
alo:book:manual:title_2396			有斐閣		別冊ジュリスト行政判例百選
alo:book:manual:title_1600			新日本法規出版		ケース別 民事訴状作成マニュアル-訴状例から証拠まで-1
alo:book:manual:title_1601			新日本法規出版		ケース別 民事訴状作成マニュアル-訴状例から証拠まで-2
alo:book:manual:title_787	032104452		中央経済社		テーマ別 法務・コンプラ業務 高度化・効率化の実務
alo:book:manual:title_1468			いるかブックス		パラリーガル仕事と心得
alo:book:manual:title_1234					ファイル 新司法試験 倒産法
alo:book:manual:title_2333			法曹会		最高裁判所判例解説民事篇昭和44年(下)
alo:book:manual:title_1031	026061482		新日本法規出版		リスク対応契約書チェックの手引
alo:book:manual:title_1125	030382128		新日本法規出版		事例式事業承継手続マニュアル
alo:book:manual:title_859			金融財政事情研究会		事業再生と債権管理 冬号 175
alo:book:manual:title_862			金融財政事情研究会		事業再生と債権管理 冬号 179
alo:book:manual:title_860			金融財政事情研究会		事業再生と債権管理 夏号 177
alo:book:manual:title_858			金融財政事情研究会		事業再生と債権管理 秋号 174
alo:book:manual:title_861			金融財政事情研究会		事業再生と債権管理 秋号 178
alo:book:manual:title_1363			金融財政事情研究会		事業再生と債権管理第161号
alo:book:manual:title_1364			金融財政事情研究会		事業再生と債権管理第170号
alo:book:manual:title_1365			金融財政事情研究会		事業再生と債権管理第171号
alo:book:manual:title_1366			金融財政事情研究会		事業再生と債権管理第172号
alo:book:manual:title_1367			金融財政事情研究会		事業再生と債権管理第173号
alo:book:manual:title_1368			金融財政事情研究会		事業再生と債権管理第176号
alo:book:manual:title_1369			金融財政事情研究会		事業再生と債権管理第177号
alo:book:manual:title_1370			金融財政事情研究会		事業再生と債権管理第178号
alo:book:manual:title_709			新日本法規出版		人事労務規定のポイント モデル条項とトラブル事例
alo:book:manual:title_1555	023636151		法曹会		例題解説不動産競売の実務 全訂新版
alo:book:manual:title_1021			京都信用保証協会		信用保証ご案内 H29.8.
alo:book:manual:title_1210	030200352		司法研修所		修習生活へのオリエンテーション
alo:book:manual:title_1220			司法研修所		刑事判決書起案の手引
alo:book:manual:title_1212			司法研修所		刑事弁護実務
alo:book:manual:title_1228			司法研修所		刑事第一審公判手続の概要(参考記録)
alo:book:manual:title_1229			司法研修所		刑事第一審公判手続の概要(解説)参考記録に基づいて
alo:book:manual:title_1502			判例タイムズ社		別冊判例タイムズ36 後見の実務
alo:book:manual:title_1035			東京地裁民事交通訴訟研究会		別冊判例タイムズ38 民事交通訴訟における過失相殺率の認定基準
alo:book:manual:title_568			判例タイムズ社		別冊判例タイムズ38号民事交通訴訟における過失相殺率の認定基準 全訂5版
alo:book:manual:title_1064			一般社団法人労災サポートセンター		労災補償 障害認定必携
alo:book:manual:title_569			労災サポートセンター		労災補償 障害認定必携 第16版
alo:book:manual:title_1036	000011291653		自動車保険ジャーナル		医療審査「覚書」
alo:book:manual:title_2334			法曹会		最高裁判所判例解説民事篇昭和45年(上)
alo:book:manual:title_1213	030200253		司法研修所		司法修習ハンドブック
alo:book:manual:title_902			東京医学会		周産期医学必修知識 第7版
alo:book:manual:title_1217			司法研修所		増補民事訴訟における要件事実第1巻
alo:book:manual:title_1124					季刊事業再生と債権管理2016年10月5日
alo:book:manual:title_1123			金融財政事情研究会		季刊事業再生と債権管理2022年4月5日
alo:book:manual:title_1221			司法研修所		少年審判手続について
alo:book:manual:title_2337			法曹会		最高裁判所判例解説民事篇昭和47年
alo:book:manual:title_1105					座談会「経営者保証ガイドラインの実務と課題」刊行に当たって
alo:book:manual:title_2338			法曹会		最高裁判所判例解説民事篇昭和60年
alo:book:manual:title_590			大阪弁護士協同組合		弁護士独立マニュアル 第3版
alo:book:manual:title_1737			日弁連交通事故相談センター東京支部		損害賠償算定基準 上巻(基準編)
alo:book:manual:title_1738			日弁連交通事故相談センター東京支部		損害賠償算定基準 下巻(講演録編)
alo:book:manual:title_1346			日弁連交通事故相談センター東京支部		損害賠償額算定基準 上巻 令和6年2024
alo:book:manual:title_1347			日弁連交通事故相談センター東京支部		損害賠償額算定基準 下巻 令和6年2024
alo:book:manual:title_1491			日弁連交通事故相談センター東京支部		損害賠償額算定基準上巻(基準編)2025
alo:book:manual:title_1492			日弁連交通事故相談センター東京支部		損害賠償額算定基準下巻(講演録編)2025
alo:book:manual:title_1222			司法研修所		改訂問題研究 要件事実
alo:book:manual:title_1223			司法研修所		改訂民事保全(補正版)
alo:book:manual:title_1211			司法研修所		改訂民事執行(補正版)
alo:book:manual:title_1219			司法研修所		改訂紛争類型別の要件事実
alo:book:manual:title_1074			新日本法規出版		新版会社法実務スケジュール
alo:book:manual:title_2339			法曹会		最高裁判所判例解説民事篇昭和61年
alo:book:manual:title_1115			東京地方裁判所		更生計画案
alo:book:manual:title_543	000010621540		裁判所職員総合研修所(監修)		書記官事務を中心とした和解条項に関する実証的研究 補訂版・和解条項記載例集
alo:book:manual:title_1026	029606032		新日本法規出版		最新契約書モデル文例集
alo:book:manual:title_1040			京都税理士協同組合		月刊税理 令和5年10月施工!消費税インボイスへの備え
alo:book:manual:title_1227			司法研修所		検事弁論実務
alo:book:manual:title_1130			三省堂		模範六法令和4年版
alo:book:manual:title_2340			法曹会		最高裁判所判例解説民事篇昭和62年
alo:book:manual:title_1336			日弁連交通事故相談センター東京支部		民事交通事故訴訟損害賠償額算定基準上巻(基準編)
alo:book:manual:title_1337			日弁連交通事故相談センター東京支部		民事交通事故訴訟損害賠償額算定基準下巻(講演録編)
alo:book:manual:title_1216			司法研修所		民事訴訟における要件事実について
alo:book:manual:title_1218			司法研修所		民事訴訟における要件事実第2巻
alo:book:manual:title_1392			有斐閣		民商法雑誌第157巻第3号(8月号)
alo:book:manual:title_1214			司法研修所		民法の要件事実について(10)
alo:book:manual:title_1215			司法研修所		民裁教官室だより(10)
alo:book:manual:title_1046			法律事務員全国連絡会		法律事務No.48
alo:book:manual:title_587			大阪弁護士協同組合		法律事務の手引き 全訂第9版
alo:book:manual:title_588	000011247176		大阪弁護士協同組合		法律事務職員 雇用マニュアル
alo:book:manual:title_964			法律事務全国連絡会		法律実務 No.48(財産管理の実務講義録と実例紹介)
alo:book:manual:title_1376			東京弁護士会		法律実務研究第38号
alo:book:manual:title_1083			新日本法規出版		法律相談初動対応マニュアル
alo:book:manual:title_589			大阪弁護士協同組合		相続関係調査マニュアル
alo:book:manual:title_1117			京都地方裁判所第5民事部		破産マニュアル〈書式集〉平成22年11月版
alo:book:manual:title_1118			京都地方裁判所第5民事部		破産マニュアル〈書式集〉平成255年1月版
alo:book:manual:title_784			京都税理士協同組合		税務官公署 便覧2022年
alo:book:manual:title_1594			京都税理士協同組合		税務官公署便覧2025年
alo:book:manual:title_1162			学研		税理士のひみつ
alo:book:manual:title_1230			司法研修所		第3版民事訴訟第一審手続の解説 別冊記録
alo:book:manual:title_1207			司法研修所		第3版民事訴訟第一審手続の解説 別冊記録に基づいて
alo:book:manual:title_1595			京都税理士協同組合・厚生会		組合員名簿
alo:book:manual:title_1166	000001511707		金融財政事情研究会		臨床倒産法
alo:book:manual:title_1090			熊本県弁護士会		自然災害債務整理ガイドラインの実務
alo:book:manual:title_1087			日本弁護士連合会		自由と正義
alo:book:manual:title_1584			日本弁護士連合会		自由と正義 2025年6月号 vol. 76 No. 6
alo:book:manual:title_2341			法曹会		最高裁判所判例解説民事篇昭和63年
alo:book:manual:title_1088			日本弁護士連合会弁護士倫理委員会		解説弁護士職務基本規定第3版
alo:book:manual:title_933			法曹会		財産管理事件における書記官事務の研究
alo:book:manual:title_671			日弁連交通事故相談センター東京支部		赤い本 民事交通事故訴訟 損が賠償算定基準 上巻(基準編)
alo:book:manual:title_672			日弁連交通事故相談センター東京支部		赤い本 民事交通事故訴訟 損が賠償算定基準 下巻(講演録編)
alo:book:manual:title_737			公益財団法人 日弁連交通事故相談センター東京支部		赤い本 民事交通事故訴訟 損害賠償額算定基準 上巻
alo:book:manual:title_864			公益財団法人 日弁連交通事故相談センター東京支部		赤い本 民事交通事故訴訟 損害賠償額算定基準 上巻(基準編) 2023(令和5年)
alo:book:manual:title_738			公益財団法人 日弁連交通事故相談センター東京支部		赤い本 民事交通事故訴訟 損害賠償額算定基準 下巻
alo:book:manual:title_865			公益財団法人 日弁連交通事故相談センター東京支部		赤い本 民事交通事故訴訟 損害賠償額算定基準 下巻(基準編) 2023(令和5年)
alo:book:manual:title_994	027656403		新日本法規出版		遺言書 遺産分割協議書等条項例集
alo:book:manual:title_1377			経済法令研究会		銀行法務21No.886
alo:book:manual:title_1378			経済法令研究会		銀行法務21No.887
alo:book:manual:title_1375			経済法令研究会		銀行法務21No.895
alo:book:manual:title_1316			経済法令研究会		銀行法務21第903号ゼロゼロ融資の出口対応と事業者支援の実践 脱コロナからの展望
alo:book:manual:title_2456			山梨県弁護士会		ケーススタディ弁護加護
alo:book:manual:title_2286			第一勧銀総合研究所		共同抵当の代価の配当についての研究
alo:book:manual:title_2402			有斐閣		別冊ジュリスト会社法判例百選
alo:book:manual:title_2395			有斐閣		別冊ジュリスト刑事訴訟法判例百選
alo:book:manual:title_2403			有斐閣		別冊ジュリスト刑法判例百選I
alo:book:manual:title_2454			司法協会		寄与分事例集
alo:book:manual:title_2387			三省堂		新・判例コンメンタール刑事訴訟法4
alo:book:manual:title_2389			三省堂		新・判例コンメンタール刑法・刑事訴訟法別巻 刑事法判例データ索引辞典
alo:book:manual:title_2391			三省堂		新・判例コンメンタール日本国憲法2
alo:book:manual:title_2311			司法協会		新民事訴訟法における書記官事務の研究(I)
alo:book:manual:title_2312			司法協会		新民事訴訟法における書記官事務の研究(II)
alo:book:manual:title_2361			有斐閣		新版注釈会社法(11)
alo:book:manual:title_2352			有斐閣		新版注釈会社法(2)
alo:book:manual:title_2353			有斐閣		新版注釈会社法(3)
alo:book:manual:title_2355			有斐閣		新版注釈会社法(5)
alo:book:manual:title_2356			有斐閣		新版注釈会社法(6)
alo:book:manual:title_2357			有斐閣		新版注釈会社法(7)
alo:book:manual:title_2358			有斐閣		新版注釈会社法(8)
alo:book:manual:title_2359			有斐閣		新版注釈会社法(9)
alo:book:manual:title_2363			有斐閣		新版注釈民法(17)
alo:book:manual:title_2336			法曹会		最高裁判所判例解説民事篇昭和46年
alo:book:manual:title_2371			法曹会		最高裁判所判例解説刑事篇昭和29年
alo:book:manual:title_2316			法曹会		最高裁判所判例解説刑事篇昭和29年-昭和55年
alo:book:manual:title_2317			法曹会		最高裁判所判例解説刑事篇昭和30年
alo:book:manual:title_2318			法曹会		最高裁判所判例解説刑事篇昭和31年
alo:book:manual:title_2369			法曹会		最高裁判所判例解説刑事篇昭和32年
alo:book:manual:title_2370			法曹会		最高裁判所判例解説刑事篇昭和34年
alo:book:manual:title_2368			法曹会		最高裁判所判例解説刑事篇昭和35年
alo:book:manual:title_2319			法曹会		最高裁判所判例解説刑事篇昭和36年
alo:book:manual:title_2320			法曹会		最高裁判所判例解説刑事篇昭和37年
alo:book:manual:title_2377			法曹会		最高裁判所判例解説刑事篇昭和38年
alo:book:manual:title_2376			法曹会		最高裁判所判例解説刑事篇昭和39年
alo:book:manual:title_2375			法曹会		最高裁判所判例解説刑事篇昭和40年
alo:book:manual:title_2374			法曹会		最高裁判所判例解説刑事篇昭和41年
alo:book:manual:title_2373			法曹会		最高裁判所判例解説刑事篇昭和42年
alo:book:manual:title_2372			法曹会		最高裁判所判例解説刑事篇昭和43年
alo:book:manual:title_2380			法曹会		最高裁判所判例解説刑事篇昭和44年
alo:book:manual:title_2379			法曹会		最高裁判所判例解説刑事篇昭和45年
alo:book:manual:title_2378			法曹会		最高裁判所判例解説刑事篇昭和46年
alo:book:manual:title_2321			法曹会		最高裁判所判例解説刑事篇昭和49年
alo:book:manual:title_2322			法曹会		最高裁判所判例解説刑事篇昭和50年
alo:book:manual:title_2323			法曹会		最高裁判所判例解説刑事篇昭和51年
alo:book:manual:title_2315			法曹会		最高裁判所判例解説刑事篇昭和52年
alo:book:manual:title_2367			法曹会		最高裁判所判例解説刑事篇昭和53年
alo:book:manual:title_2366	000001751833		法曹会		最高裁判所判例解説刑事篇昭和55年
alo:book:manual:title_2365	000001784312		法曹会		最高裁判所判例解説刑事篇昭和56年
alo:book:manual:title_2364			法曹会		最高裁判所判例解説刑事篇昭和57年
alo:book:manual:title_2342			法曹会		最高裁判所判例解説民事篇平成3年
alo:book:manual:title_2324			法曹会		最高裁判所判例解説民事篇昭和29年
alo:book:manual:title_2325			法曹会		最高裁判所判例解説民事篇昭和30年
alo:book:manual:title_2326			法曹会		最高裁判所判例解説民事篇昭和31年
alo:book:manual:title_2327			法曹会		最高裁判所判例解説民事篇昭和32年
alo:book:manual:title_2328			法曹会		最高裁判所判例解説民事篇昭和34年
alo:book:manual:title_2329			法曹会		最高裁判所判例解説民事篇昭和35年
alo:book:manual:title_2330			法曹会		最高裁判所判例解説民事篇昭和43年(上)
alo:book:manual:title_2332			法曹会		最高裁判所判例解説民事篇昭和44年(上)
alo:book:manual:title_2411			法曹会		条解会社更生規則
alo:book:manual:title_2309			法曹会		民事判決起案の手引
alo:book:manual:title_2599			第一法規		注解民事執行法(6)
alo:book:manual:title_2600			第一法規		注解民事執行法(7)
alo:book:manual:title_2344			有斐閣		注釈会社法(1)
alo:book:manual:title_2346			有斐閣		注釈会社法(3)
alo:book:manual:title_2348			有斐閣		注釈会社法(8)のI
alo:book:manual:title_2349			有斐閣		注釈会社法(8)のII
alo:book:manual:title_2351			有斐閣		注釈会社法補巻
alo:book:manual:title_2314			青林書院		現代企業法講義2商行為法
alo:book:manual:title_2455	026998448		一橋パートナーズ法律事務所		船舶建造取引の実務
alo:book:manual:title_2310			法曹会		訴額算定に関する書記官事務の研究
alo:book:manual:title_2306			勁草書房		重点解説不正競争防止法の実務
alo:book:manual:title_2278			経済法令研究会		金融法務事情DVD3~12合併版追補版DVD
alo:book:manual:title_2279			金融財政事情研究会		金融法務事情DVD4~14合併版追補版DVD
alo:book:manual:title_2277			金融財政事情研究会		金融法務事情DVD創刊号~1600号
alo:book:manual:title_2276			経済法令研究会		銀行法務21DVD2~7合併版追補版DVD
alo:book:manual:title_2275			経済法令研究会		銀行法務21DVD創刊号~668号
alo:book:manual:title_6052		2026	BUSINESS LAWYERS	中崎尚	GLOBAL LAW UPDATE EUの最新法制度動向(AI・データ保護・プライバシー関連)
alo:book:manual:title_6057		2026	BUSINESS LAWYERS	琴浦諒、大河内亮	GLOBAL LAW UPDATE インドの最新法制度動向ーデジタル個人データ保護法
alo:book:manual:title_6048		2026	BUSINESS LAWYERS	池田孝宏	GLOBAL LAW UPDATE インドネシアの最新法制度動向ーインドネシアにおける投資関連・会社運用規制の改正について
alo:book:manual:title_6097		2025	BUSINESS LAWYERS	髙橋 玄、鈴木 洋介	GLOBAL LAW UPDATE シンガポールの最新法制度動向ーシンガポール重要投資審査法(Significant Invest-ments Review Act)の概要と実施状況
alo:book:manual:title_6069		2025	BUSINESS LAWYERS	山口健次郎	GLOBAL LAW UPDATE タイの最新法制度動向ータイにおける事業譲渡の留意点について
alo:book:manual:title_6038		2026	BUSINESS LAWYERS	中川裕茂、横井傑、唐沢晃平	GLOBAL LAW UPDATE 中国の最新法制度動向ー中国による軍民両用品の対日輸出規制の概要と日本企業への影響、今後のさらなる展開に関する一考察
alo:book:manual:title_6076		2025	BUSINESS LAWYERS	森脇 章、繆 媛媛	GLOBAL LAW UPDATE 中国の最新法制度動向ー中国市場からの撤退戦略の再考—最高人民法院の「労働紛争案件の審理における法律適用の問題に関する解釈(二)」に基づく労働実務対応策
alo:book:manual:title_6053		2026	BUSINESS LAWYERS	中崎尚	GLOBAL LAW UPDATE 米国の最新法制度動向(AI・データ保護・プライバシー関連)
alo:book:manual:title_6099		2025	BUSINESS LAWYERS	龍野 滋幹、曺 貴鎬、南 秀燕、河 卿琇	GLOBAL LAW UPDATE 韓国の最新法制度動向ー韓国の労働組合及び労働関係調整法改正について
alo:book:manual:title_6096		2025	BUSINESS LAWYERS	龍野 滋幹、曺 貴鎬、林 載允	GLOBAL LAW UPDATE 韓国の最新法制度動向ー韓国の少数株主の利益保護に向けた商法改正について(2)
alo:book:manual:title_6079		2025	日本商事仲裁協会		JCAAビジネスジャーナル No.1
alo:book:manual:title_6098		2025	日本商事仲裁協会		JCAジャーナル 2025年11月号
alo:book:manual:title_6078		2025	日本商事仲裁協会		JCAジャーナル 2025年12月号
alo:book:manual:title_6058		2026	日本商事仲裁協会		JCAジャーナル 2026年1月号
alo:book:manual:title_6049		2026	日本商事仲裁協会		JCAジャーナル 2026年2月号
alo:book:manual:title_6082		2025	BUSINESS LAWYERS	世古修平	SaaS、生成AIサービス利用時の法務チェックポイント
alo:book:manual:title_6153		2025	日本評論社		「世論」と法
alo:book:manual:title_6303		2021	日本法令	大内伸哉	キーワードからみた労働法 第162回〜第173回
alo:book:manual:title_6287		2022	日本法令	大内伸哉	キーワードからみた労働法 第174回〜第185回
alo:book:manual:title_6261		2023	日本法令	大内伸哉	キーワードからみた労働法 第186回〜第197回
alo:book:manual:title_6228		2024	日本法令	大内伸哉	キーワードからみた労働法 第198回〜第209回
alo:book:manual:title_6106		2025	有斐閣	有斐閣	ジュリスト2025年11月号 No.1616
alo:book:manual:title_6087		2025	有斐閣	有斐閣	ジュリスト2025年12月号 No.1617
alo:book:manual:title_6062		2026	有斐閣	有斐閣	ジュリスト2026年1月号 No.1618
alo:book:manual:title_6132		2025	日本法令		ビジネスガイド2025年10月号
alo:book:manual:title_6114		2025	日本法令		ビジネスガイド2025年11月号
alo:book:manual:title_6102		2025	日本法令		ビジネスガイド2025年12月号
alo:book:manual:title_6085		2025	日本法令		ビジネスガイド2026年1月号
alo:book:manual:title_6061		2026	日本法令		ビジネスガイド2026年2月号
alo:book:manual:title_6148		2025	中央経済社		ビジネス法務2025年10月号
alo:book:manual:title_6126		2025	中央経済社		ビジネス法務2025年11月号
alo:book:manual:title_6111		2025	中央経済社		ビジネス法務2025年12月号
alo:book:manual:title_6091		2025	中央経済社		ビジネス法務2026年1月号
alo:book:manual:title_6036		2026	BUSINESS LAWYERS	牧恵美子	ライセンス契約の実務と書式
alo:book:manual:title_6332		2017	民事法研究会	大澤美穂子	事例に学ぶ 成年後見入門〔第2版〕
alo:book:manual:title_6232		2024	法令出版	内川毅彦	二訂版 フローチャート印紙税
alo:book:manual:title_6171		2025	ぎょうせい	不法行為法研究会	交通事故民事裁判例集 第57巻 第2号
alo:book:manual:title_6169		2025	日本評論社		人口減少社会にどう向きあうか
alo:book:manual:title_6186		2025	中央経済社	幅野直人	企業法務1年目の教科書 法律相談・ジェネコ対応の手引
alo:book:manual:title_6084		2025	BUSINESS LAWYERS	清野訟一	会社法実務の基礎 企業再編・M&A
alo:book:manual:title_6074		2025	BUSINESS LAWYERS	西岡祐介	会社法実務の基礎 会社法
alo:book:manual:title_6083		2025	BUSINESS LAWYERS	江口真理恵	会社法実務の基礎 株主総会事務局の心得
alo:book:manual:title_6080		2025	BUSINESS LAWYERS	菅原滉平	会社法実務の基礎 株式の基礎
alo:book:manual:title_6071		2025	BUSINESS LAWYERS	中井 杏	個人情報保護法実務の基礎
alo:book:manual:title_6349		2015	法令出版	前田繼男	個人投資家の証券税務読本 四訂版(平成26~27年版)
alo:book:manual:title_6118		2025	日本評論社	松原芳博	刑法総論[第4版] 松原芳博著
alo:book:manual:title_6187		2025	青林書院	瀬戸賀司、井山貴裕、梅本茉里子、中村景子、本田泰平	労働事件《実例》トレーニングI 未払い残業代請求
alo:book:manual:title_6253		2023	日本法令	光前幸一	労働判例の読み方 第41回〜第50回
alo:book:manual:title_6222		2024	日本法令	光前幸一	労働判例の読み方 第51回〜第60回
alo:book:manual:title_6323		2018	青林書院	山川隆一、渡辺弘	労働関係訴訟III
alo:book:manual:title_6047		2026	BUSINESS LAWYERS	山田重則	印紙税の基本と実務
alo:book:manual:title_6081		2025	BUSINESS LAWYERS	長瀨佑志	取引基本契約の基礎と実務ポイント
alo:book:manual:title_6166		2025	民事法研究会	升田純	名誉毀損判例・実務全書〔第2版〕
alo:book:manual:title_6138		2025	日本評論社	木下智史、伊藤建	基本憲法II
alo:book:manual:title_6343		2015	青林書院	大塚仁、河上和雄、中山善房、古田佑紀	大コンメンタール刑法 第3版 第6巻
alo:book:manual:title_6039		2026	BUSINESS LAWYERS	佐藤俊、辻田俊幸	契約実務の基礎 譲渡担保・所有権留保契約
alo:book:manual:title_6329	028640483	2017	ぎょうせい	松本 常広	実践! 法律事務所経営マニュアル
alo:book:manual:title_6248		2023	日本法令	岸田鑑彦	従業員と揉めないための労務トラブル想定問答 〜出社命令を拒否する従業員への対応〜
alo:book:manual:title_6194		2025	日本法令	岸田鑑彦	従業員と揉めないための労務トラブル想定問答 〜副業・兼業をめぐる従業員とのやり取り〜
alo:book:manual:title_6243		2023	日本法令	岸田鑑彦	従業員と揉めないための労務トラブル想定問答 〜定年後再雇用をめぐる従業員とのやり取り〜
alo:book:manual:title_6300		2021	青林書院	小谷悦司、小松陽一郎、伊原友己	意匠・デザインの法律相談II
alo:book:manual:title_6088		2025	日本評論社	辻村みよ子	憲法[第8版]
alo:book:manual:title_6125		2025	立花書房	河原俊也	捜査書類作成上の留意点─裁判官の視点から─
alo:book:manual:title_6042		2026	BUSINESS LAWYERS	窪田三四郎	損害賠償・免責条項 基礎的事項と契約書レビューのポイント
alo:book:manual:title_6044		2026	BUSINESS LAWYERS	窪田三四郎	損害賠償・免責条項 損害賠償・免責条項の実践的アプローチと交渉スキル
alo:book:manual:title_6066		2025	BUSINESS LAWYERS	BUSINESS LAWYERS編集部	改正下請法・取引適正化法の理論と実務
alo:book:manual:title_6281		2022	ぎょうせい	ぎょうせい	法律のひろば 2022年6月号
alo:book:manual:title_6362		2009	民事法研究会	加藤俊明	書式 少額訴訟の実務〔全訂4版〕
alo:book:manual:title_6185		2025	青林書院	小野昌延、松村信夫	最新 不正競争防止法概説 上巻
alo:book:manual:title_6184		2025	青林書院	小野昌延、松村信夫	最新 不正競争防止法概説 下巻
alo:book:manual:title_6288		2021	法令出版	朝長英樹、竹内陽一、長谷川敏也、有田賢臣、妹尾明宏、樋口恒太、新沼潮、内藤卓、北詰健太郎、本橋寛樹	株式交換・株式移転実務必携 第2版
alo:book:manual:title_6046		2026	BUSINESS LAWYERS	長瀨佑志	業務委託契約の基礎と実務
alo:book:manual:title_6117		2025	日本評論社	瀬木比呂志	民事訴訟法[第3版]瀬木比呂志
alo:book:manual:title_6075		2025	BUSINESS LAWYERS	伊藤 昌夫	法務担当者がおさえておきたい財務諸表の基礎
alo:book:manual:title_6107		2025	有斐閣	有斐閣	法学教室2025年11月号 No.542
alo:book:manual:title_6086		2025	有斐閣	有斐閣	法学教室2025年12月号 No.543
alo:book:manual:title_6063		2026	有斐閣	有斐閣	法学教室2026年1月号 No.544
alo:book:manual:title_6272		2022	ぎょうせい	ぎょうせい	法律のひろば 2022年10月号
alo:book:manual:title_6271		2022	ぎょうせい	ぎょうせい	法律のひろば 2022年11月号
alo:book:manual:title_6267		2022	ぎょうせい	ぎょうせい	法律のひろば 2022年12月号
alo:book:manual:title_6284		2022	ぎょうせい	ぎょうせい	法律のひろば 2022年4月号
alo:book:manual:title_6282		2022	ぎょうせい	ぎょうせい	法律のひろば 2022年5月号
alo:book:manual:title_6278		2022	ぎょうせい	ぎょうせい	法律のひろば 2022年7月号
alo:book:manual:title_6275		2022	ぎょうせい	ぎょうせい	法律のひろば 2022年8月号
alo:book:manual:title_6274		2022	ぎょうせい	ぎょうせい	法律のひろば 2022年9月号
alo:book:manual:title_6241		2023	ぎょうせい	ぎょうせい	法律のひろば 2023年10月号
alo:book:manual:title_6237		2023	ぎょうせい	ぎょうせい	法律のひろば 2023年12月号
alo:book:manual:title_6262		2023	ぎょうせい	ぎょうせい	法律のひろば 2023年1月号
alo:book:manual:title_6258		2023	ぎょうせい	ぎょうせい	法律のひろば 2023年2月号
alo:book:manual:title_6256		2023	ぎょうせい	ぎょうせい	法律のひろば 2023年3月号
alo:book:manual:title_6254		2023	ぎょうせい	ぎょうせい	法律のひろば 2023年4月号
alo:book:manual:title_6250		2023	ぎょうせい	ぎょうせい	法律のひろば 2023年6月号
alo:book:manual:title_6245		2023	ぎょうせい	ぎょうせい	法律のひろば 2023年8月号
alo:book:manual:title_6205		2024	ぎょうせい	ぎょうせい	法律のひろば 2024年10月号
alo:book:manual:title_6197		2024	ぎょうせい	ぎょうせい	法律のひろば 2024年12月号
alo:book:manual:title_6227		2024	ぎょうせい	ぎょうせい	法律のひろば 2024年2月号
alo:book:manual:title_6219		2024	ぎょうせい	ぎょうせい	法律のひろば 2024年4月号
alo:book:manual:title_6214		2024	ぎょうせい	ぎょうせい	法律のひろば 2024年6月号
alo:book:manual:title_6211		2024	ぎょうせい	ぎょうせい	法律のひろば 2024年8月号
alo:book:manual:title_6115		2025	ぎょうせい	ぎょうせい	法律のひろば 2025年10月号
alo:book:manual:title_6192		2025	ぎょうせい	ぎょうせい	法律のひろば 2025年2月号
alo:book:manual:title_6182		2025	ぎょうせい	ぎょうせい	法律のひろば 2025年4月号
alo:book:manual:title_6165		2025	ぎょうせい	ぎょうせい	法律のひろば 2025年6月号
alo:book:manual:title_6149		2025	ぎょうせい	ぎょうせい	法律のひろば 2025年8月号
alo:book:manual:title_6037		2026	BUSINESS LAWYERS	BUSINESS LAWYERS編集部	激変する国際情勢とアジアにおけるコンプライアンスの未来~IBA汚職・腐敗防止委員会アジア会議
alo:book:manual:title_6043		2026	BUSINESS LAWYERS	松永博彬	物流関連法改正と実務対応
alo:book:manual:title_6055		2026	BUSINESS LAWYERS	辛川力太	生成AIの利活用と契約
alo:book:manual:title_6040		2026	BUSINESS LAWYERS	寺門峻佑	生成AI・外部サービス利用における個人情報保護の実務
alo:book:manual:title_6101		2025	税務経理協会		税経通信 2025年12月号
alo:book:manual:title_6073		2025	税務経理協会		税経通信 2026年1月号
alo:book:manual:title_6059		2026	税務経理協会		税経通信 2026年2月号
alo:book:manual:title_6051		2026	税務経理協会		税経通信 2026年3月号
alo:book:manual:title_6351		2014	法令出版	塩野入文雄	第3版 要点・譲渡所得[第一編 総説・不動産譲渡の特例等関係]
alo:book:manual:title_6339		2016	法令出版	塩野入文雄、萩原睦美	第3版 要点・譲渡所得[第二編 株式等の譲渡所得・信託と譲渡所得関係]
alo:book:manual:title_6273		2022	日本法令	八代尚宏	経済学で考える 人事労務・社会保険 第31回〜第40回
alo:book:manual:title_6246		2023	日本法令	八代尚宏	経済学で考える 人事労務・社会保険 第41回〜第50回
alo:book:manual:title_6216		2024	日本法令	八代尚宏	経済学で考える 人事労務・社会保険 第51回〜第60回
alo:book:manual:title_6068		2025	三修社	近藤美穂	聴ける!実用法律書 改訂新版 図解で早わかり 最新 労働安全衛生法の基本と実務がわかる事典
alo:book:manual:title_6239		2023	青林書院	藤村和夫、山口斉昭、松島隆弘、大久保拓也	複雑困難事件と損害賠償I
alo:book:manual:title_6100		2025	立花書房	警察大学校	警察学論集2025年11月号
alo:book:manual:title_6077		2025	立花書房	警察大学校	警察学論集2025年12月号
alo:book:manual:title_6060		2026	立花書房	警察大学校	警察学論集2026年1月号
alo:book:manual:title_6050		2026	立花書房	警察大学校	警察学論集2026年2月号
alo:book:manual:title_6260		2023	法令出版	吉川保弘、永田金司	非居住者税制と源泉徴収質疑応答集 第4版
