issn,journal,year,month,tsuukan,src
0386-3042,jcaジャーナル,2015,1,691,formula:validated(NDL27+lionbolt2)
0386-3042,jcaジャーナル,2015,2,692,formula:validated(NDL27+lionbolt2)
0386-3042,jcaジャーナル,2015,3,693,formula:validated(NDL27+lionbolt2)
0386-3042,jcaジャーナル,2015,4,694,formula:validated(NDL27+lionbolt2)
0386-3042,jcaジャーナル,2015,5,695,formula:validated(NDL27+lionbolt2)
0386-3042,jcaジャーナル,2015,6,696,formula:validated(NDL27+lionbolt2)
0386-3042,jcaジャーナル,2015,7,697,formula:validated(NDL27+lionbolt2)
0386-3042,jcaジャーナル,2015,8,698,formula:validated(NDL27+lionbolt2)
0386-3042,jcaジャーナル,2015,9,699,formula:validated(NDL27+lionbolt2)
0386-3042,jcaジャーナル,2015,10,700,formula:validated(NDL27+lionbolt2)
0386-3042,jcaジャーナル,2015,11,701,formula:validated(NDL27+lionbolt2)
0386-3042,jcaジャーナル,2015,12,702,formula:validated(NDL27+lionbolt2)
0386-3042,jcaジャーナル,2016,1,703,formula:validated(NDL27+lionbolt2)
0386-3042,jcaジャーナル,2016,2,704,formula:validated(NDL27+lionbolt2)
0386-3042,jcaジャーナル,2016,3,705,formula:validated(NDL27+lionbolt2)
0386-3042,jcaジャーナル,2016,4,706,formula:validated(NDL27+lionbolt2)
0386-3042,jcaジャーナル,2016,5,707,formula:validated(NDL27+lionbolt2)
0386-3042,jcaジャーナル,2016,6,708,formula:validated(NDL27+lionbolt2)
0386-3042,jcaジャーナル,2016,7,709,formula:validated(NDL27+lionbolt2)
0386-3042,jcaジャーナル,2016,8,710,formula:validated(NDL27+lionbolt2)
0386-3042,jcaジャーナル,2016,9,711,formula:validated(NDL27+lionbolt2)
0386-3042,jcaジャーナル,2016,10,712,formula:validated(NDL27+lionbolt2)
0386-3042,jcaジャーナル,2016,11,713,formula:validated(NDL27+lionbolt2)
0386-3042,jcaジャーナル,2016,12,714,formula:validated(NDL27+lionbolt2)
0386-3042,jcaジャーナル,2017,1,715,formula:validated(NDL27+lionbolt2)
0386-3042,jcaジャーナル,2017,2,716,formula:validated(NDL27+lionbolt2)
0386-3042,jcaジャーナル,2017,3,717,formula:validated(NDL27+lionbolt2)
0386-3042,jcaジャーナル,2017,4,718,formula:validated(NDL27+lionbolt2)
0386-3042,jcaジャーナル,2017,5,719,formula:validated(NDL27+lionbolt2)
0386-3042,jcaジャーナル,2017,6,720,formula:validated(NDL27+lionbolt2)
0386-3042,jcaジャーナル,2017,7,721,formula:validated(NDL27+lionbolt2)
0386-3042,jcaジャーナル,2017,8,722,formula:validated(NDL27+lionbolt2)
0386-3042,jcaジャーナル,2017,9,723,formula:validated(NDL27+lionbolt2)
0386-3042,jcaジャーナル,2017,10,724,formula:validated(NDL27+lionbolt2)
0386-3042,jcaジャーナル,2017,11,725,formula:validated(NDL27+lionbolt2)
0386-3042,jcaジャーナル,2017,12,726,formula:validated(NDL27+lionbolt2)
0386-3042,jcaジャーナル,2018,1,727,formula:validated(NDL27+lionbolt2)
0386-3042,jcaジャーナル,2018,2,728,formula:validated(NDL27+lionbolt2)
0386-3042,jcaジャーナル,2018,3,729,formula:validated(NDL27+lionbolt2)
0386-3042,jcaジャーナル,2018,4,730,formula:validated(NDL27+lionbolt2)
0386-3042,jcaジャーナル,2018,5,731,formula:validated(NDL27+lionbolt2)
0386-3042,jcaジャーナル,2018,6,732,formula:validated(NDL27+lionbolt2)
0386-3042,jcaジャーナル,2018,7,733,formula:validated(NDL27+lionbolt2)
0386-3042,jcaジャーナル,2018,8,734,formula:validated(NDL27+lionbolt2)
0386-3042,jcaジャーナル,2018,9,735,formula:validated(NDL27+lionbolt2)
0386-3042,jcaジャーナル,2018,10,736,formula:validated(NDL27+lionbolt2)
0386-3042,jcaジャーナル,2018,11,737,formula:validated(NDL27+lionbolt2)
0386-3042,jcaジャーナル,2018,12,738,formula:validated(NDL27+lionbolt2)
0386-3042,jcaジャーナル,2019,1,739,formula:validated(NDL27+lionbolt2)
0386-3042,jcaジャーナル,2019,2,740,formula:validated(NDL27+lionbolt2)
0386-3042,jcaジャーナル,2019,3,741,formula:validated(NDL27+lionbolt2)
0386-3042,jcaジャーナル,2019,4,742,formula:validated(NDL27+lionbolt2)
0386-3042,jcaジャーナル,2019,5,743,formula:validated(NDL27+lionbolt2)
0386-3042,jcaジャーナル,2019,6,744,formula:validated(NDL27+lionbolt2)
0386-3042,jcaジャーナル,2019,7,745,formula:validated(NDL27+lionbolt2)
0386-3042,jcaジャーナル,2019,8,746,formula:validated(NDL27+lionbolt2)
0386-3042,jcaジャーナル,2019,9,747,formula:validated(NDL27+lionbolt2)
0386-3042,jcaジャーナル,2019,10,748,formula:validated(NDL27+lionbolt2)
0386-3042,jcaジャーナル,2019,11,749,formula:validated(NDL27+lionbolt2)
0386-3042,jcaジャーナル,2019,12,750,formula:validated(NDL27+lionbolt2)
0386-3042,jcaジャーナル,2020,1,751,formula:validated(NDL27+lionbolt2)
0386-3042,jcaジャーナル,2020,2,752,formula:validated(NDL27+lionbolt2)
0386-3042,jcaジャーナル,2020,3,753,formula:validated(NDL27+lionbolt2)
0386-3042,jcaジャーナル,2020,4,754,formula:validated(NDL27+lionbolt2)
0386-3042,jcaジャーナル,2020,5,755,formula:validated(NDL27+lionbolt2)
0386-3042,jcaジャーナル,2020,6,756,formula:validated(NDL27+lionbolt2)
0386-3042,jcaジャーナル,2020,7,757,formula:validated(NDL27+lionbolt2)
0386-3042,jcaジャーナル,2020,8,758,formula:validated(NDL27+lionbolt2)
0386-3042,jcaジャーナル,2020,9,759,formula:validated(NDL27+lionbolt2)
0386-3042,jcaジャーナル,2020,10,760,formula:validated(NDL27+lionbolt2)
0386-3042,jcaジャーナル,2020,11,761,formula:validated(NDL27+lionbolt2)
0386-3042,jcaジャーナル,2020,12,762,formula:validated(NDL27+lionbolt2)
0386-3042,jcaジャーナル,2021,1,763,formula:validated(NDL27+lionbolt2)
0386-3042,jcaジャーナル,2021,2,764,formula:validated(NDL27+lionbolt2)
0386-3042,jcaジャーナル,2021,3,765,formula:validated(NDL27+lionbolt2)
0386-3042,jcaジャーナル,2021,4,766,formula:validated(NDL27+lionbolt2)
0386-3042,jcaジャーナル,2021,5,767,formula:validated(NDL27+lionbolt2)
0386-3042,jcaジャーナル,2021,6,768,formula:validated(NDL27+lionbolt2)
0386-3042,jcaジャーナル,2021,7,769,formula:validated(NDL27+lionbolt2)
0386-3042,jcaジャーナル,2021,8,770,formula:validated(NDL27+lionbolt2)
0386-3042,jcaジャーナル,2021,9,771,formula:validated(NDL27+lionbolt2)
0386-3042,jcaジャーナル,2021,10,772,formula:validated(NDL27+lionbolt2)
0386-3042,jcaジャーナル,2021,11,773,formula:validated(NDL27+lionbolt2)
0386-3042,jcaジャーナル,2021,12,774,formula:validated(NDL27+lionbolt2)
0386-3042,jcaジャーナル,2022,1,775,formula:validated(NDL27+lionbolt2)
0386-3042,jcaジャーナル,2022,2,776,formula:validated(NDL27+lionbolt2)
0386-3042,jcaジャーナル,2022,3,777,formula:validated(NDL27+lionbolt2)
0386-3042,jcaジャーナル,2022,4,778,formula:validated(NDL27+lionbolt2)
0386-3042,jcaジャーナル,2022,5,779,formula:validated(NDL27+lionbolt2)
0386-3042,jcaジャーナル,2022,6,780,formula:validated(NDL27+lionbolt2)
0386-3042,jcaジャーナル,2022,7,781,formula:validated(NDL27+lionbolt2)
0386-3042,jcaジャーナル,2022,8,782,formula:validated(NDL27+lionbolt2)
0386-3042,jcaジャーナル,2022,9,783,formula:validated(NDL27+lionbolt2)
0386-3042,jcaジャーナル,2022,10,784,formula:validated(NDL27+lionbolt2)
0386-3042,jcaジャーナル,2022,11,785,formula:validated(NDL27+lionbolt2)
0386-3042,jcaジャーナル,2022,12,786,formula:validated(NDL27+lionbolt2)
0386-3042,jcaジャーナル,2023,1,787,formula:validated(NDL27+lionbolt2)
0386-3042,jcaジャーナル,2023,2,788,formula:validated(NDL27+lionbolt2)
0386-3042,jcaジャーナル,2023,3,789,formula:validated(NDL27+lionbolt2)
0386-3042,jcaジャーナル,2023,4,790,formula:validated(NDL27+lionbolt2)
0386-3042,jcaジャーナル,2023,5,791,formula:validated(NDL27+lionbolt2)
0386-3042,jcaジャーナル,2023,6,792,formula:validated(NDL27+lionbolt2)
0386-3042,jcaジャーナル,2023,7,793,formula:validated(NDL27+lionbolt2)
0386-3042,jcaジャーナル,2023,8,794,formula:validated(NDL27+lionbolt2)
0386-3042,jcaジャーナル,2023,9,795,formula:validated(NDL27+lionbolt2)
0386-3042,jcaジャーナル,2023,10,796,formula:validated(NDL27+lionbolt2)
0386-3042,jcaジャーナル,2023,11,797,formula:validated(NDL27+lionbolt2)
0386-3042,jcaジャーナル,2023,12,798,formula:validated(NDL27+lionbolt2)
0386-3042,jcaジャーナル,2024,1,799,formula:validated(NDL27+lionbolt2)
0386-3042,jcaジャーナル,2024,2,800,formula:validated(NDL27+lionbolt2)
0386-3042,jcaジャーナル,2024,3,801,formula:validated(NDL27+lionbolt2)
0386-3042,jcaジャーナル,2024,4,802,formula:validated(NDL27+lionbolt2)
0386-3042,jcaジャーナル,2024,5,803,formula:validated(NDL27+lionbolt2)
0386-3042,jcaジャーナル,2024,6,804,formula:validated(NDL27+lionbolt2)
0386-3042,jcaジャーナル,2024,7,805,formula:validated(NDL27+lionbolt2)
0386-3042,jcaジャーナル,2024,8,806,formula:validated(NDL27+lionbolt2)
0386-3042,jcaジャーナル,2024,9,807,formula:validated(NDL27+lionbolt2)
0386-3042,jcaジャーナル,2024,10,808,formula:validated(NDL27+lionbolt2)
0386-3042,jcaジャーナル,2024,11,809,formula:validated(NDL27+lionbolt2)
0386-3042,jcaジャーナル,2024,12,810,formula:validated(NDL27+lionbolt2)
0386-3042,jcaジャーナル,2025,1,811,formula:validated(NDL27+lionbolt2)
0386-3042,jcaジャーナル,2025,2,812,formula:validated(NDL27+lionbolt2)
0386-3042,jcaジャーナル,2025,3,813,formula:validated(NDL27+lionbolt2)
0386-3042,jcaジャーナル,2025,4,814,formula:validated(NDL27+lionbolt2)
0386-3042,jcaジャーナル,2025,5,815,formula:validated(NDL27+lionbolt2)
0386-3042,jcaジャーナル,2025,6,816,formula:validated(NDL27+lionbolt2)
0386-3042,jcaジャーナル,2025,7,817,formula:validated(NDL27+lionbolt2)
0386-3042,jcaジャーナル,2025,8,818,formula:validated(NDL27+lionbolt2)
0386-3042,jcaジャーナル,2025,9,819,formula:validated(NDL27+lionbolt2)
0386-3042,jcaジャーナル,2025,10,820,formula:validated(NDL27+lionbolt2)
0386-3042,jcaジャーナル,2025,11,821,formula:validated(NDL27+lionbolt2)
0386-3042,jcaジャーナル,2025,12,822,formula:validated(NDL27+lionbolt2)
0386-3042,jcaジャーナル,2026,1,823,formula:validated(NDL27+lionbolt2)
0386-3042,jcaジャーナル,2026,2,824,formula:validated(NDL27+lionbolt2)
0386-3042,jcaジャーナル,2026,3,825,formula:validated(NDL27+lionbolt2)
0386-3042,jcaジャーナル,2026,4,826,formula:validated(NDL27+lionbolt2)
0386-3042,jcaジャーナル,2026,5,827,formula:validated(NDL27+lionbolt2)
0386-3042,jcaジャーナル,2026,6,828,formula:validated(NDL27+lionbolt2)
0386-3042,jcaジャーナル,2026,7,829,formula:validated(NDL27+lionbolt2)
0386-3042,jcaジャーナル,2026,8,830,formula:validated(NDL27+lionbolt2)
0386-3042,jcaジャーナル,2026,9,831,formula:validated(NDL27+lionbolt2)
0386-3042,jcaジャーナル,2026,10,832,formula:validated(NDL27+lionbolt2)
0386-3042,jcaジャーナル,2026,11,833,formula:validated(NDL27+lionbolt2)
0386-3042,jcaジャーナル,2026,12,834,formula:validated(NDL27+lionbolt2)
