case_name_normalized,court,date,distinct_case_names,hanrei_docket_count,verdict,hanrei_dockets
ハマキョウレックス事件,最高二小判,平成30.6.1,2,2,SPLIT_confirmed,平成２８年（受）２０９９号／平成２８年（受）２１００号|平成２９年（受）４４２号
ブルドックソース事件,最高二小決,平成19.8.7,3,0,unresolved_no_hanrei,
建設アスベスト訴訟,最高一小判,令和3.5.17,3,4,SPLIT_confirmed,平成３０年（受）１４４７号／平成３０年（受）１４４８号／平成３０年（受）１４４９号／平成３０年（受）１４５１号／平成３０年（受）１４５２号|平成３１年（受）２９０号／平成３１年（受）２９１号／平成３１年（受）２９２号|平成３１年（受）４９１号／平成３１年（受）４９５号|平成３１年（受）５９６号
伊方原発事件,最高一小判,平成4.10.29,7,0,unresolved_no_hanrei,
大阪国際空港事件,,昭和56.12.16,2,12,SPLIT_confirmed,昭和５０年（行ケ）７５号|昭和５１年（オ）３９５号|昭和５３年（ワ）１２４６０号|昭和５４年（ネ）２９６６号|昭和５５年（ネ）７７号|昭和５５年（ラ）１０８６号
自動車損害賠償保障法16条1項に基づいて損害賠償額の支払を請求する訴訟,最高一小判,平成18.3.30,5,2,SPLIT_confirmed,平成１７年（受）１６２８号|平成１７年（受）３６４号
新国立劇場運営財団事件,最高三小判,平成23.4.12,3,2,SPLIT_confirmed,平成２１年（行ヒ）２２６号／平成２１年（行ヒ）２２７号|平成２１年（行ヒ）４７３号
共同相続人間における遺産確認の訴えと固有必要的共同訴訟,最高三小判,平成1.3.28,2,7,SPLIT_confirmed,昭和５８年（オ）２１６号|昭和５９年（行ツ）３４２号|昭和６０年（オ）７２７号|昭和６２年（オ）８３９号|昭和６２年（行ツ）９号|昭和６３年（オ）５９１号
石油価格協定刑事事件,最高二小判,昭和59.2.24,4,1,MERGE_party_alias,昭和５５年（あ）２１５３号
国際自動車事件,最高三小判,平成29.2.28,3,4,SPLIT_confirmed,平成２７年（受）１８７６号|平成２７年（受）１９９８号|平成２８年（行ヒ）１３５号|平成２８年（行ヒ）１３６号
三井倉庫港運事件,最高一小判,平成1.12.14,6,5,SPLIT_confirmed,平成１年（行ツ）１２２号|昭和５８年（オ）１５４２号|昭和６０年（オ）３８６号|昭和６１年（あ）１２２６号|昭和６１年（オ）６５５号
日本メール・オーダー事件,最高三小判,昭和59.5.29,4,7,SPLIT_confirmed,昭和５０年（行ツ）７７号／昭和５０年（行ツ）７８号|昭和５４年（オ）１３０８号|昭和５５年（オ）３５１号|昭和５６年（オ）１１６６号|昭和５７年（オ）５２９号|昭和５７年（行ツ）１８２号
電通事件,最高二小判,平成12.3.24,4,2,SPLIT_confirmed,平成１０年（オ）２１７号／平成１０年（オ）２１８号|平成８年（オ）２１７７号
物上保証人に対する不動産競売事件,最高三小判,平成9.2.25,2,0,unresolved_no_hanrei,
堀越事件,最高二小判,平成24.12.7,5,2,SPLIT_confirmed,平成２２年（あ）７６２号|平成２２年（あ）９５７号
箕面忠魂碑・慰霊祭訴訟,最高三小判,平成5.2.16,4,0,unresolved_no_hanrei,
59条の2第1項に基づくいわゆる総合設計許可の取消訴訟,最高三小判,平成14.1.22,4,8,SPLIT_confirmed,平成１０年（オ）２８２号|平成１０年（オ）５１２号|平成１１年（受）１２４４号|平成１１年（受）７６８号|平成１２年（あ）１６０６号|平成１２年（受）１０８４号
野村證券損失補填株主代表訴訟,最高二小判,平成12.7.7,2,5,SPLIT_confirmed,平成１０年（行ツ）１２８号|平成１１年（オ）６５８号|平成８年（オ）２７０号|平成９年（オ）１８５３号|平成９年（オ）１８５４号
入会集団の一部の構成員が訴えの提起に同調しない構成員を被告に加えて構成員全員が訴訟,最高一小判,平成20.7.17,3,0,unresolved_no_hanrei,
破産終結後における破産者の財産に関する訴訟,最高二小判,平成5.6.25,4,0,unresolved_no_hanrei,
地方裁判所にその管轄区域内の簡易裁判所の管轄に属する訴訟,最高二小判,平成20.7.18,4,0,unresolved_no_hanrei,
金銭債権の数量的一部請求訴訟,最高二小判,平成10.6.12,3,5,SPLIT_confirmed,平成５年（オ）７０８号|平成７年（オ）２２３０号|平成８年（オ）１３０７号|平成８年（オ）７３６号|平成９年（オ）８４９号
ハンセン病国家賠償訴訟,熊本地判,平成13.5.11,4,0,unresolved_no_hanrei,
国労広島地本事件,最高三小判,昭和50.11.28,5,15,SPLIT_confirmed,昭和４５年（オ）２９７号|昭和４６年（行ツ）６６号|昭和４７年（オ）６１５号|昭和４８年（オ）２９３号|昭和４８年（オ）４９８号|昭和４８年（オ）４９９号
朝日放送事件,最高三小判,平成7.2.28,3,3,SPLIT_confirmed,平成３年（あ）１０４８号|平成５年（行ツ）１６３号|平成５年（行ツ）１７号
川崎民商事件,,昭和47.11.22,2,5,SPLIT_confirmed,昭和４４年（あ）７３４号|昭和４５年（あ）２３号|昭和４７年（う）３８５号|昭和４７年（ネ）５５４号／昭和４７年（ネ）１１６４号|昭和４７年（ヨ）９４２号
箕面忠魂碑・慰霊祭訴訟,大阪高判,昭和62.7.16,3,0,unresolved_no_hanrei,
JASRAC事件,東京高判,平成25.11.1,2,0,unresolved_no_hanrei,
米国法人がウェブサイトに掲載した記事による名誉等の毀損を理由とする不法行為に基づく損害賠償請求訴訟,最高一小判,平成28.3.10,4,0,unresolved_no_hanrei,
固有必要的共同訴訟,最高三小判,平成22.3.16,2,9,SPLIT_confirmed,平成２０年（オ）９９９号|平成２０年（受）１２０２号|平成２０年（受）１４５９号|平成２１年（オ）１７７３号／平成２１年（受）２１０９号|平成２１年（受）１１５４号|平成２１年（受）１５１２号
国道43号線訴訟,最高二小判,平成7.7.7,2,5,SPLIT_confirmed,平成４年（オ）１５０３号|平成４年（オ）１５０４号|平成４年（オ）１６９９号|平成５年（あ）５９号|平成７年（オ）３６２号
神奈川県臨時特例企業税条例事件,最高一小判,平成25.3.21,3,8,SPLIT_confirmed,平成２２年（行ヒ）２４２号|平成２３年（オ）２１６１号／平成２３年（受）２４８１号|平成２３年（オ）６８４号／平成２３年（受）７８８号|平成２３年（オ）６８５号／平成２３年（受）７８９号|平成２３年（行ツ）４０６号|平成２４年（行ツ）３９５号／平成２４年（行ヒ）４６４号
メトロコマース事件,最高三小判,令和2.10.13,3,3,SPLIT_confirmed,令和１年（受）１０５５号／令和１年（受）１０５６号|令和１年（受）１１９０号／令和１年（受）１１９１号|令和２年（行ヒ）１１１号
東亜ペイント事件,最高二小判,昭和61.7.14,2,5,SPLIT_confirmed,昭和５９年（オ）１３１８号|昭和５９年（オ）１４２号|昭和６０年（行ツ）１７０号|昭和６０年（行ツ）１７１号|昭和６０年（行ツ）１８８号
福島原発事故賠償訴訟,前橋地判,平成29.3.17,4,0,unresolved_no_hanrei,
北海道拓殖銀行カブトデコム事件,最高二小判,平成20.1.28,4,0,unresolved_no_hanrei,
抵当権に基づき物上代位権を行使する者が債権差押事件,最高一小判,平成13.10.25,7,6,SPLIT_confirmed,平成１１年（オ）８５３号／平成１１年（オ）８５４号|平成１２年（受）７９８号|平成１３年（受）９１号|平成１３年（行ツ）１７８号／平成１３年（行ヒ）１６９号|平成７年（オ）１４５３号|平成９年（オ）５９３号
JR東海事件,最高三小判,平成28.3.1,4,0,unresolved_no_hanrei,
日本に居住する日本人のドイツに居住するドイツ人に対する離婚請求訴訟,最高二小判,平成8.6.24,2,2,SPLIT_confirmed,平成５年（オ）７６４号|平成７年（オ）８２３号
日本ケミカル事件,最高一小判,平成30.7.19,3,4,SPLIT_confirmed,平成２８年（受）５６３号|平成２９年（オ）１１７１号／平成２９年（受）１４５４号|平成２９年（受）８４２号|平成３０年（受）７５３号
旭ダイヤモンド工業事件,最高三小判,昭和61.6.10,2,5,SPLIT_confirmed,昭和５８年（行ツ）７５号|昭和５８年（行ツ）７８号|昭和５８年（行ツ）７９号|昭和６０年（行ツ）１６２号|昭和６０年（行ツ）２００号
大東水害訴訟,最高一小判,昭和59.1.26,3,1,MERGE_party_alias,昭和５３年（オ）４９２号／昭和５３年（オ）４９３号／昭和５３年（オ）４９４号
関西電力事件,最高一小判,昭和58.9.8,3,2,SPLIT_confirmed,昭和５３年（オ）１１４４号|昭和５６年（オ）１１９６号
日本ヒューレット・パッカード事件,最高二小判,平成24.4.27,2,3,SPLIT_confirmed,平成２１年（受）１９２３号|平成２２年（行ヒ）４６号|平成２３年（受）９０３号
神戸弘陵学園事件,最高三小判,平成2.6.5,2,6,SPLIT_confirmed,平成１年（オ）７号|平成１年（オ）８５４号|平成２年（オ）１８４号|平成２年（オ）２２０号|平成２年（行ツ）３７号|昭和６３年（オ）３５７号
ヤフー事件,最高一小判,平成28.2.29,2,0,unresolved_no_hanrei,
ルンバール事件,最高二小判,昭和50.10.24,2,6,SPLIT_confirmed,昭和４７年（あ）１４０１号|昭和４７年（オ）６４５号|昭和４８年（オ）５１７号|昭和４９年（オ）５２７号|昭和５０年（オ）４８６号|昭和５０年（オ）７３７号
空知太神社事件,,平成22.1.20,2,16,SPLIT_confirmed,平成１７年（ワ）１４１号|平成１９年（行ツ）２６０号|平成１９年（行ツ）３３４号|平成２０年（ネ）５１０４号|平成２０年（ワ）１５８２号|平成２１年（ネ）１６４２号
ノース・ウエスト航空事件,最高二小判,昭和62.7.17,5,5,SPLIT_confirmed,昭和５７年（オ）１１８９号|昭和５７年（オ）１１９０号|昭和５８年（オ）１２７２号|昭和６０年（オ）７２６号|昭和６２年（オ）４４４号
大和銀行事件,最高一小判,昭和57.10.7,4,3,SPLIT_confirmed,昭和５２年（オ）５００号|昭和５６年（オ）６６１号|昭和５７年（あ）８０４号
東京海上日動火災保険事件,東京地判,平成19.3.26,4,0,unresolved_no_hanrei,
約束手形の振出人に対する満期前の手形金請求訴訟,最高二小判,平成5.10.22,2,0,unresolved_no_hanrei,
訴訟上の相殺の抗弁に対し訴訟,最高一小判,平成10.4.30,4,5,SPLIT_confirmed,平成１０年（オ）４２６号|平成５年（オ）７８９号|平成６年（オ）７９９号|平成８年（行ツ）１００号|平成８年（行ツ）１７５号
日産自動車事件,最高三小判,昭和60.4.23,2,1,MERGE_party_alias,昭和５３年（行ツ）４０号
資生堂東京販売事件,最高三小判,平成10.12.18,6,10,SPLIT_confirmed,平成１０年（オ）１１号|平成１０年（オ）３８８号|平成１０年（行ツ）７２号|平成１０年（許）４号|平成６年（オ）２４１５号|平成６年（行ツ）１３６号
ブラウン管カルテル事件,最高三小判,平成29.12.12,2,6,SPLIT_confirmed,平成２８年（行ツ）２６５号／平成２８年（行ヒ）３１０号|平成２８年（行ヒ）２３３号|平成２８年（行ヒ）３６４号|平成２８年（許）４３号|平成２９年（受）１８０８号|平成２９年（行ヒ）１００号
ヤフー事件,東京地判,平成26.3.18,3,0,unresolved_no_hanrei,
岐阜県青少年保護育成条例事件,最高三小判,平成1.9.19,3,5,SPLIT_confirmed,昭和５８年（オ）１４１３号|昭和５９年（オ）１１２９号|昭和５９年（オ）１９９号|昭和６２年（あ）１４６２号|昭和６２年（オ）３０号
東芝昇降機サービス事件,大阪高判,平成5.7.30,4,0,unresolved_no_hanrei,
大成観光事件,最高三小判,昭和57.4.13,3,3,SPLIT_confirmed,昭和５２年（行ツ）１２２号|昭和５６年（あ）１８６８号|昭和５６年（行ツ）１９２号
東朋学園事件,最高一小判,平成15.12.4,2,2,SPLIT_confirmed,平成１３年（受）１０６６号|平成５年（行ツ）５０号
水道機工事件,最高一小判,昭和60.3.7,2,2,SPLIT_confirmed,昭和５５年（オ）３９号|昭和５７年（オ）１３８３号
アパマンショップ株主代表訴訟,最高一小判,平成22.7.15,2,2,SPLIT_confirmed,平成２１年（受）１８３号|平成２２年（オ）８５４号／平成２２年（受）１０５７号
取締役会の意思決定が違法であるとして取締役に対し提起された株主代表訴訟において株式会社が取締役を補助するため訴訟,最高一小決,平成13.1.30,2,1,MERGE_party_alias,平成１２年（許）１７号
大和銀行株主代表訴訟,大阪地判,平成12.9.20,2,0,unresolved_no_hanrei,
シール談合刑事事件,東京高判,平成5.12.14,7,0,unresolved_no_hanrei,
日曜日授業参観事件,東京地判,昭和61.3.20,3,0,unresolved_no_hanrei,
雇用契約上の権利を有する地位にあることの確認及び解雇後の賃金の支払を求めて提起した訴訟,最高二小判,平成21.10.16,2,0,unresolved_no_hanrei,
ジュピターテレコム事件,最高一小決,平成28.7.1,2,0,unresolved_no_hanrei,
第四銀行事件,最高二小判,平成9.2.28,2,0,unresolved_no_hanrei,
じん肺管理区分が管理1に該当する旨の決定を受けた常時粉じん作業に従事する労働者等が管理4に該当するとして提起した当該決定の取消訴訟,最高一小判,平成29.4.6,2,2,SPLIT_confirmed,平成２７年（行ヒ）３４９号|平成２８年（受）５７９号
生保年金二重課税事件,最高三小判,平成22.7.6,4,1,MERGE_party_alias,平成２２年（オ）６２３号／平成２２年（受）７７７号
石油連盟刑事事件,東京高判,昭和55.9.26,5,0,unresolved_no_hanrei,
経済産業省事件,最高三小判,令和5.7.11,4,1,MERGE_party_alias,令和３年（行ヒ）２８５号
蛇の目ミシン株主代表訴訟,最高二小判,平成18.4.10,2,1,MERGE_party_alias,平成１５年（受）１１５４号
153条ないし155条に規定する質問又は検査の権限の行使により取得収集される証拠資料が後に犯則事件,最高二小決,平成16.1.20,3,0,unresolved_no_hanrei,
弘前電報電話局事件,最高二小判,昭和62.7.10,4,7,SPLIT_confirmed,昭和５８年（オ）１２８号|昭和５８年（オ）７３５号|昭和５９年（オ）１４０４号|昭和５９年（オ）６１８号|昭和６０年（オ）１２７８号|昭和６０年（オ）１４９号
サンケイ新聞事件,最高二小判,昭和62.4.24,2,2,SPLIT_confirmed,昭和５５年（オ）１１８８号|昭和６１年（オ）１４９９号
レペタ事件,,平成1.3.8,3,5,SPLIT_confirmed,昭和５１年（ワ）３１号|昭和５８年（ワ）４８７２号|昭和６２年（ワ）１２１０１号|昭和６２年（行ウ）２号|昭和６３年（オ）４３６号
八千代交通事件,最高一小判,平成25.6.6,2,4,SPLIT_confirmed,平成２３年（受）２１８３号|平成２４年（オ）１６６９号／平成２４年（受）２０６６号|平成２４年（オ）１６７０号／平成２４年（受）２０６７号|平成２４年（受）３４９号
女子若年定年制事件,最高三小判,昭和56.3.24,2,4,SPLIT_confirmed,昭和５３年（オ）２０３号|昭和５３年（オ）８８０号|昭和５４年（オ）７５０号|昭和５４年（オ）７９９号
群馬司法書士会訴訟,最高一小判,平成14.4.25,2,4,SPLIT_confirmed,平成１１年（受）７４３号|平成１２年（受）１４３８号|平成１３年（受）８９８号|平成１３年（受）９５２号
エヌ・ビー・シー工業事件,最高三小判,昭和60.7.16,3,6,SPLIT_confirmed,昭和５５年（オ）３０９号／昭和５５年（オ）３１０号|昭和５５年（オ）６２６号|昭和５６年（オ）４１３号|昭和５９年（オ）７６９号|昭和５９年（行ツ）２７２号|昭和６０年（オ）１１４号
森川キャサリーン事件,最高一小判,平成4.11.16,4,0,unresolved_no_hanrei,
第1次家永教科書事件,最高三小判,平成5.3.16,3,0,unresolved_no_hanrei,
サラリーマン税金訴訟,,昭和60.3.27,2,23,SPLIT_confirmed,昭和５０年（ネ）９９２号|昭和５０年（ワ）８１号|昭和５１年（ワ）１１５７４号／昭和５２年（ワ）６４４８号|昭和５２年（ワ）２２５号|昭和５２年（ワ）４０７号|昭和５５年（行ケ）３００号
国際自動車事件,最高一小判,令和2.3.30,3,3,SPLIT_confirmed,令和１年（受）１９２２号|平成３０年（受）７６１号|平成３０年（受）９０８号
泉南アスベスト事件,最高一小判,平成26.10.9,2,3,SPLIT_confirmed,平成２３年（受）２４５５号|平成２５年（受）２６４２号|平成２６年（受）７７１号
弁護士法25条1号に違反する訴訟,最高一小決,平成29.10.5,7,1,MERGE_party_alias,平成２９年（許）６号
オウブンシャホールディング事件,最高三小判,平成18.1.24,7,3,SPLIT_confirmed,平成１５年（受）１６５３号|平成１６年（受）４２４号|平成１７年（受）５４１号
ニレコ事件,東京高決,平成17.6.15,3,0,unresolved_no_hanrei,
ピアノ伴奏拒否事件,最高三小判,平成19.2.27,3,0,unresolved_no_hanrei,
ラップ価格協定刑事事件,東京高判,平成5.5.21,5,0,unresolved_no_hanrei,
杉並区住基ネット訴訟,東京地判,平成18.3.24,6,0,unresolved_no_hanrei,
泉佐野市民会館事件,最高三小判,平成7.3.7,2,4,SPLIT_confirmed,平成１年（オ）７６２号|平成３年（オ）２５２号|平成６年（オ）１７２８号|平成６年（行ツ）８３号
クロレラチラシ事件,最高三小判,平成29.1.24,2,6,SPLIT_confirmed,平成２７年（行ツ）３８７号／平成２７年（行ヒ）４１７号|平成２８年（オ）１７００号／平成２８年（受）２１４６号|平成２８年（受）１０５０号|平成２８年（受）１０５１号|平成２８年（受）８６８号|平成２８年（行ヒ）１９８号
パチンコ店等建築規制条例と民事訴訟,最高三小判,平成14.7.9,7,4,SPLIT_confirmed,平成１０年（行ツ）２３９号|平成１１年（行ツ）７７号|平成１３年（受）１７２５号|平成１４年（オ）１１号／平成１４年（受）７号
東京都銀行税訴訟,東京高判,平成15.1.30,4,0,unresolved_no_hanrei,
訴訟当事者に判決の内容が了知されず又は了知する機会も実質的に与えられなかったことにより不服申立ての機会が与えられないまま確定した外国裁判所の判決に係る訴訟,最高二小判,平成31.1.18,2,0,unresolved_no_hanrei,
北朝鮮事件,最高一小判,平成23.12.8,3,1,MERGE_party_alias,平成２１年（受）６０２号／平成２１年（受）６０３号
JR採用差別事件,東京地判,平成10.5.28,4,0,unresolved_no_hanrei,
医療法人社団康心会事件,最高二小判,平成29.7.7,4,3,SPLIT_confirmed,平成２８年（受）２２２号|平成２８年（受）２３５３号|平成２９年（行ツ）１７１号／平成２９年（行ヒ）１９７号
南九州税理士会政治献金事件,最高三小判,平成8.3.19,2,1,MERGE_party_alias,平成４年（オ）１７９６号
大曲市農協事件,最高三小判,昭和63.2.16,5,3,SPLIT_confirmed,昭和５８年（オ）１３１１号|昭和６０年（オ）１０４号|昭和６１年（オ）８５７号
学生無年金障害者訴訟,最高二小判,平成19.9.28,3,0,unresolved_no_hanrei,
水俣病認定遅延損害賠償請求事件,最高二小判,平成3.4.26,3,0,unresolved_no_hanrei,
長谷工コーポレーション事件,東京地判,平成9.5.26,4,0,unresolved_no_hanrei,
ハンセン病家族訴訟,熊本地判,令和1.6.28,3,0,unresolved_no_hanrei,
日本遊戯銃協同組合事件,東京地判,平成9.4.9,2,0,unresolved_no_hanrei,
少年保護事件,最高二小判,令和2.10.9,2,3,SPLIT_confirmed,令和１年（受）８７７号／令和１年（受）８７８号|令和２年（オ）９００号／令和２年（受）１１３１号|平成３０年（受）２０３２号
チャタレイ事件,,昭和32.3.13,2,3,SPLIT_confirmed,昭和２８年（あ）１７１３号|昭和３０年（ワ）２２８号|昭和３１年（ラ）２４号
外務省秘密電文漏洩事件,最高一小決,昭和53.5.31,2,1,MERGE_party_alias,昭和５１年（あ）１５８１号
組合申立てに係る救済命令の取消訴訟,最高一小判,平成14.9.26,5,5,SPLIT_confirmed,平成１０年（オ）１４４６号|平成１２年（受）５８０号|平成１３年（オ）２０３号／平成１３年（受）１８６号|平成１３年（行ニ）５号／平成１３年（行ニ）６号|平成１４年（オ）５号／平成１４年（オ）６号／平成１４年（オ）７号／平成１４年（受）１号／平成１４年（受）２号等
解剖に関して作成した鑑定書等及び当該解剖に関して医師が受領した鑑定嘱託書その他外部の関係先から受領した資料並びにこれらの写しの刑事事件,最高三小決,令和2.3.24,6,5,SPLIT_confirmed,令和１年（受）１９８３号|令和１年（許）１１号|令和１年（許）１２号|令和２年（行ツ）４８号|平成３０年（受）３８８号
光華寮事件,最高三小判,平成19.3.27,4,0,unresolved_no_hanrei,
在宅投票制度廃止違憲訴訟,最高一小判,昭和60.11.21,2,1,MERGE_party_alias,昭和５３年（オ）１２４０号
著作権関係事件,最高二小判,平成13.6.8,4,6,SPLIT_confirmed,平成１１年（オ）１８３０号／平成１１年（受）１５２５号|平成１２年（オ）９２９号／平成１２年（受）７８０号|平成１２年（受）８２０号|平成１２年（受）８４号|平成１３年（受）３７３号|平成９年（オ）９６８号
旧興銀事件,東京地判,平成13.3.2,5,0,unresolved_no_hanrei,
訴訟上の和解が成立したことによって訴訟,最高一小判,平成27.11.30,7,1,MERGE_party_alias,平成２６年（受）２１４６号
ネスレ日本事件,最高二小判,平成18.10.6,4,3,SPLIT_confirmed,平成１６年（受）９１８号／平成１８年（オ）１０７５号|平成１８年（受）３１５号|平成１８年（行ツ）１２７号／平成１８年（行ヒ）１４９号
動産売買の先取特権に基づく物上代位権の行使としての債権の差押命令の申立てと他の債権者による債権差押事件,最高三小判,平成5.3.30,2,0,unresolved_no_hanrei,
楽天対TBS会計帳簿等閲覧謄写請求事件,東京地判,平成19.9.20,2,0,unresolved_no_hanrei,
種痘後遺障害事件,最高二小判,平成3.4.19,3,0,unresolved_no_hanrei,
長良川事件報道訴訟,最高二小判,平成15.3.14,2,4,SPLIT_confirmed,平成１１年（行ツ）１１５号／平成１１年（行ヒ）７０号|平成１２年（受）１３３５号|平成１３年（受）７５１号|平成１４年（許）３２号
ことぶき事件,最高二小判,平成21.12.18,3,0,unresolved_no_hanrei,
中断した訴訟,最高一小判,昭和59.5.17,2,2,SPLIT_confirmed,昭和５８年（オ）３３３号|昭和５８年（行ツ）１１５号
共有に属する要役地のために地役権設定登記手続を求める訴えと固有必要的共同訴訟,最高三小判,平成7.7.18,6,5,SPLIT_confirmed,平成３年（オ）１６８４号|平成３年（オ）９０６号|平成４年（オ）１２６０号|平成４年（行ツ）６１号|平成６年（オ）２４７０号
埼玉県教組事件,最高三小判,平成2.4.17,5,8,SPLIT_confirmed,平成１年（オ）１１４９号|平成１年（オ）６５号|平成１年（行ツ）１５６号|平成１年（行ツ）１７０号|昭和６０年（オ）１５２９号|昭和６１年（オ）８００号
船橋市西図書館事件,最高一小判,平成17.7.14,5,7,SPLIT_confirmed,平成１５年（受）１２８４号|平成１６年（オ）１６５３号／平成１６年（受）１７９９号|平成１６年（受）９３０号|平成１６年（行ヒ）４号|平成１６年（行ヒ）４１号|平成１７年（受）６６６号
裁判所における株式価格決定申立て事件,最高三小決,平成22.12.7,2,1,MERGE_party_alias,平成２２年（許）９号
訴訟上の救助の決定に対し訴訟,最高二小決,平成16.7.13,5,1,MERGE_party_alias,平成１６年（行フ）４号
ダスキン株主代表訴訟,大阪高判,平成18.6.9,2,0,unresolved_no_hanrei,
レックス・ホールディングス損害賠償請求事件,東京高判,平成25.4.17,2,0,unresolved_no_hanrei,
日本IBM事件,東京地判,平成26.5.9,3,0,unresolved_no_hanrei,
三菱重工長崎造船所事件,最高二小判,昭和56.9.18,2,3,SPLIT_confirmed,昭和５１年（オ）１２７３号|昭和５５年（あ）３００号|昭和５５年（オ）１０６９号
住友信託銀行vs旧UFJホールディングス事件,東京地判,平成18.2.13,2,0,unresolved_no_hanrei,
国鉄札幌運転区事件,最高三小判,昭和54.10.30,4,2,SPLIT_confirmed,昭和４９年（オ）１１８８号|昭和５４年（あ）１２９４号
差押えがされている動産引渡請求権を更に差し押さえた債権者が先行する差押事件,最高一小判,平成18.1.19,3,3,SPLIT_confirmed,平成１５年（オ）４５６号／平成１５年（受）４６７号|平成１７年（オ）４８号／平成１７年（受）５７号|平成１７年（受）７６１号
広島中央保健生活協同組合事件,最高一小判,平成26.10.23,2,2,SPLIT_confirmed,平成２４年（受）２２３１号|平成２５年（受）４９２号
興銀事件,最高二小判,平成16.12.24,3,3,SPLIT_confirmed,平成１２年（行ツ）２０９号／平成１２年（行ヒ）２０６号|平成１４年（受）１２４４号|平成１４年（受）１３５５号
JASRAC事件,最高三小判,平成27.4.28,3,2,SPLIT_confirmed,平成２５年（行ツ）４９６号／平成２５年（行ヒ）５３８号|平成２６年（行ヒ）７５号
L館事件,最高一小判,平成27.2.26,2,2,SPLIT_confirmed,平成２６年（オ）１０２０号／平成２６年（受）１２９５号|平成２６年（受）１３１０号
大隈鐵工所事件,最高三小判,昭和62.9.18,3,1,MERGE_party_alias,昭和５７年（オ）３２７号
目黒電報電話局事件,最高三小判,昭和52.12.13,3,2,SPLIT_confirmed,昭和４７年（オ）７７７号|昭和４９年（オ）６８７号
丸島水門事件,最高三小判,昭和50.4.25,2,3,SPLIT_confirmed,昭和４４年（オ）１２５６号|昭和４９年（オ）１１３１号|昭和４９年（オ）５１３号
東芝労働組合小向支部・東芝事件,最高二小判,平成19.2.2,2,0,unresolved_no_hanrei,
郵便区分機入札談合事件,東京高判,平成20.12.19,5,0,unresolved_no_hanrei,
馬券訴訟,最高三小判,平成27.3.10,5,2,SPLIT_confirmed,平成２５年（あ）７５５号|平成２５年（行ツ）２３０号
建物の区分所有等に関する法律59条1項に基づく訴訟,最高三小決,平成23.10.11,2,4,SPLIT_confirmed,平成２２年（オ）１７１６号／平成２２年（受）２０７３号|平成２３年（ク）１６６号／平成２３年（許）８号|平成２３年（行ツ）１８２号／平成２３年（行ヒ）１８６号|平成２３年（行ト）４２号／平成２３年（行フ）２号
九州朝日放送事件,最高一小判,平成10.9.10,6,15,SPLIT_confirmed,平成１０年（オ）１０３６号|平成１０年（オ）１２１５号|平成１０年（オ）８９９号|平成１０年（行ツ）１０４号|平成５年（オ）１２１１号|平成５年（オ）１２１２号／平成５年（オ）１２１１号
予防訴訟,東京地判,平成18.9.21,3,0,unresolved_no_hanrei,
佐賀教組懲戒処分取消請求事件,最高一小判,昭和63.1.21,3,3,SPLIT_confirmed,昭和５８年（行ツ）１２７号|昭和５９年（オ）１４８２号|昭和６２年（行ツ）１１３号
厚木基地公害訴訟,最高一小判,平成5.2.25,2,0,unresolved_no_hanrei,
告示により一括して指定する方法でされた建築基準法42条2項所定のいわゆるみなし道路の指定と抗告訴訟,最高一小判,平成14.1.17,2,1,MERGE_party_alias,平成１２年（受）１６７１号
NTT東日本事件,最高二小判,平成22.12.17,2,1,MERGE_party_alias,平成２１年（行ヒ）３４８号
ヤマト運輸郵政公社事件,東京高判,平成19.11.28,3,0,unresolved_no_hanrei,
日本IBM会社分割事件,最高二小判,平成22.7.12,3,1,MERGE_party_alias,平成２０年（受）１７０４号
タケダシステム事件,最高二小判,昭和58.11.25,2,3,SPLIT_confirmed,昭和５５年（オ）１３４号|昭和５５年（オ）３７９号／昭和５５年（オ）９６９号|昭和５６年（オ）１１８５号
民訴法38条後段の要件を満たす共同訴訟,最高二小決,平成23.5.18,4,1,MERGE_party_alias,平成２３年（許）４号
水俣病東京訴訟,東京地判,平成4.2.7,4,0,unresolved_no_hanrei,
総会決議不存在確認訴訟,最高三小判,平成2.12.4,2,4,SPLIT_confirmed,平成１年（オ）５７３号|平成１年（行ツ）１６５号|平成２年（オ）８５１号|昭和６２年（オ）１５２号
みちのく銀行事件,最高一小判,平成12.9.7,4,8,SPLIT_confirmed,平成１０年（オ）５２８号|平成１０年（オ）５２９号|平成１０年（受）３３２号|平成１１年（受）９４号|平成１２年（受）１３５号|平成１２年（許）１３号
ハマキョウレックス事件,大阪高判,平成28.7.26,2,0,unresolved_no_hanrei,
国鉄事件,最高三小判,平成3.4.23,2,0,unresolved_no_hanrei,
建物収去土地明渡請求訴訟,最高二小判,平成7.12.15,2,6,SPLIT_confirmed,平成４年（オ）９９１号|平成６年（オ）１９０５号|平成７年（オ）１３３４号／平成７年（オ）１３３５号|平成７年（オ）２０２７号|平成７年（オ）２１００号|平成７年（行ツ）１６３号
済生会中央病院事件,最高二小判,平成1.12.11,2,3,SPLIT_confirmed,平成１年（オ）１３１０号|昭和６３年（オ）２７０号|昭和６３年（行ツ）１５７号
福岡セクシュアル・ハラスメント事件,福岡地判,平成4.4.16,3,0,unresolved_no_hanrei,
NHK受信料訴訟,,平成29.12.6,3,30,SPLIT_confirmed,平成２５年（ワ）４５０７号|平成２６年（オ）１１３０号／平成２６年（受）１４４０号／平成２６年（受）１４４１号|平成２７年（ワ）２１８６４号|平成２７年（ワ）２３０８７号|平成２７年（ワ）３７２６２号|平成２７年（ワ）６１１４号
北辰電機製作所事件,東京地判,昭和56.10.22,3,0,unresolved_no_hanrei,
古河電気工業・原子燃料工業事件,最高二小判,昭和60.4.5,2,3,SPLIT_confirmed,昭和５６年（オ）８５６号|昭和５６年（行ツ）１４３号|昭和６０年（行ツ）３号
日本システム技術事件,最高一小判,平成21.7.9,2,0,unresolved_no_hanrei,
東京都公安条例事件,,昭和35.7.20,2,4,SPLIT_confirmed,昭和２８年（あ）４８４１号|昭和３１年（ワ）５１３８号|昭和３３年（ネ）１７９５号／昭和３３年（ネ）１８５２号|昭和３５年（レ）１９号
池上通信機事件,最高三小判,昭和63.7.19,2,4,SPLIT_confirmed,昭和６０年（行ツ）１号|昭和６１年（オ）３１号／昭和６１年（オ）３０号|昭和６１年（オ）４９５号|昭和６１年（行ツ）３８号
その手段として本案訴訟,最高一小決,平成21.8.12,2,0,unresolved_no_hanrei,
よど号ハイジャック記事抹消事件,,昭和58.6.22,2,4,SPLIT_confirmed,昭和５２年（オ）９２７号|昭和５２年（ワ）７５号|昭和５６年（ネ）１８号|昭和５７年（ネ）１２８７号／昭和５８年（ネ）９７号
三共自動車事件,最高三小判,昭和52.10.25,2,4,SPLIT_confirmed,昭和５０年（オ）６２１号|昭和５０年（オ）９３０号／昭和５０年（オ）９３１号|昭和５１年（オ）１３２３号|昭和５２年（オ）２０号
安威川生コンクリート工業事件,最高三小判,平成18.4.18,2,4,SPLIT_confirmed,平成１５年（受）７２３号|平成１６年（受）１１４７号|平成１６年（受）２２３８号|平成１８年（行ツ）４０号
山崎製パン事件,東京地判,昭和56.3.26,2,0,unresolved_no_hanrei,
巴機械サービス事件,横浜地判,令和3.3.23,2,0,unresolved_no_hanrei,
公取委審判事件,最高三小判,平成15.9.9,5,3,SPLIT_confirmed,平成１２年（受）８７７号|平成１４年（オ）１２６４号／平成１４年（受）１２９３号|平成１４年（行ヒ）２４２号
イレブン・ジャパン事件,東京高判,平成25.8.30,7,0,unresolved_no_hanrei,
ソブリン・サムライ債に係る債券管理会社の任意的訴訟,東京地判,平成25.1.28,2,0,unresolved_no_hanrei,
手形制度及び手形訴訟,東京地判,平成15.11.17,2,0,unresolved_no_hanrei,
日教組スト事件,最高一小判,平成1.12.18,7,3,SPLIT_confirmed,昭和６１年（あ）１４３７号|昭和６１年（あ）２０４号|昭和６３年（行ツ）１７６号
ソフトバンク対NTT東西事件,東京地判,平成26.6.19,2,0,unresolved_no_hanrei,
西武鉄道事件,最高三小判,平成23.9.13,2,4,SPLIT_confirmed,平成２１年（受）１１７７号|平成２１年（受）１１８９号|平成２２年（受）１３５１号／平成２２年（受）１３５２号|平成２２年（受）１４８５号
ぱちんこ機製造特許プール事件,公取委,平成9.8.6,7,0,unresolved_no_hanrei,
テレビ朝日ダイオキシン訴訟,最高一小判,平成15.10.16,3,1,MERGE_party_alias,平成１４年（受）８４６号
上告審が判決で訴訟,最高二小判,平成18.9.4,4,3,SPLIT_confirmed,平成１６年（受）１７４８号|平成１７年（オ）１４５１号|平成１７年（受）１０１６号
大阪泉南アスベスト国賠訴訟,大阪地判,平成22.5.19,3,0,unresolved_no_hanrei,
福島第一原発事故国家賠償請求事件,最高二小判,令和4.6.17,3,3,SPLIT_confirmed,令和３年（オ）２９３号の２|令和３年（受）１２０５号|令和３年（受）３４２号
原子炉設置許可無効確認訴訟,名古屋高金沢支判,平成15.1.27,2,0,unresolved_no_hanrei,
東京灯油訴訟,最高一小判,昭和62.7.2,5,4,SPLIT_confirmed,昭和５６年（行ツ）１７８号|昭和５８年（オ）１５２４号|昭和６０年（オ）１１２４号|昭和６１年（行ツ）１５７号
CBC管弦楽団労組事件,最高一小判,昭和51.5.6,5,4,SPLIT_confirmed,昭和４５年（行ツ）３２号|昭和４７年（あ）１４３６号|昭和４９年（行ツ）１１２号|昭和４９年（行ツ）９４号
日本テレビ事件,最高二小決,平成1.1.30,3,1,MERGE_party_alias,昭和６３年（し）１１６号
旭礦末審決取消請求事件,東京高判,昭和61.6.13,2,0,unresolved_no_hanrei,
豊前火力発電所事件,最高二小判,昭和60.12.20,2,4,SPLIT_confirmed,昭和５６年（オ）６７３号|昭和５８年（オ）１５６７号|昭和６０年（オ）４８３号|昭和６０年（ク）３８１号
ソニー・コンピュータエンタテインメント事件,公取委,平成13.8.1,2,0,unresolved_no_hanrei,
三菱重工長崎造船所事件,最高一小判,平成12.3.9,2,9,SPLIT_confirmed,平成１０年（オ）１１１６号|平成１０年（オ）２８３号|平成１０年（オ）５６０号|平成１１年（オ）１３３６号|平成１１年（受）１０６７号|平成７年（オ）１２６６号
愛媛県玉串料訴訟,,平成9.4.2,3,0,unresolved_no_hanrei,
日本法人がドイツに居住する日本人に対して契約上の金銭債務の履行を求める訴訟,最高三小判,平成9.11.11,4,0,unresolved_no_hanrei,
村上ファンド事件,最高一小決,平成23.6.6,3,2,SPLIT_confirmed,平成２１年（あ）３７５号|平成２２年（オ）９５１号
此花電報電話局事件,最高一小判,昭和57.3.18,3,2,SPLIT_confirmed,昭和５３年（オ）５５８号|昭和５５年（オ）７９２号
神奈川県臨時特例企業税条例事件,横浜地判,平成20.3.19,2,0,unresolved_no_hanrei,
金沢市庁舎前広場事件,最高三小判,令和5.2.21,2,1,MERGE_party_alias,令和３年（オ）１６１７号
二風谷ダム事件,札幌地判,平成9.3.27,2,0,unresolved_no_hanrei,
学校法人専修大学事件,東京地判,平成24.9.28,3,0,unresolved_no_hanrei,
東電福島第一原発業務上過失致死傷事件,東京地判,令和1.9.19,3,0,unresolved_no_hanrei,
福祉事業者A苑事件,京都地判,平成29.3.30,3,0,unresolved_no_hanrei,
電通事件,東京地判,平成8.3.28,2,0,unresolved_no_hanrei,
電電公社帯広局事件,最高一小判,昭和61.3.13,2,4,SPLIT_confirmed,昭和５６年（オ）１２４３号|昭和５７年（オ）１８４号|昭和５７年（行ツ）７２号|昭和５８年（オ）１４０８号
静内郵便局事件,最高三小判,昭和59.3.27,3,6,SPLIT_confirmed,昭和５４年（行ツ）７４号|昭和５５年（オ）７８３号|昭和５７年（オ）８５９号|昭和５８年（あ）１７５９号|昭和５８年（あ）１８０号|昭和５８年（オ）１２６１号
弘南バス事件,最高三小判,昭和43.12.24,2,17,SPLIT_confirmed,昭和３８年（オ）１０９８号|昭和３９年（オ）１４３５号|昭和３９年（オ）７７３号|昭和４０年（オ）１７３号|昭和４０年（オ）７０６号|昭和４１年（オ）１２０４号
当事者が準備書面の直送をするためにした支出と民事訴訟,最高一小決,平成26.11.27,2,2,SPLIT_confirmed,平成２６年（オ）１２５２号／平成２６年（受）１６２０号|平成２６年（許）１９号
紅屋商事事件,最高三小判,平成3.6.4,2,0,unresolved_no_hanrei,
麹町中学内申書事件,最高二小判,昭和63.7.15,2,3,SPLIT_confirmed,昭和５７年（オ）９１５号|昭和６０年（オ）９７７号|昭和６１年（行ツ）１７６号
外国給付訴訟に後れる債務不存在確認訴訟と執行判決訴訟,東京地判,平成25.2.19,3,0,unresolved_no_hanrei,
原子爆弾被爆者に対する援護に関する法律に基づく被爆者健康手帳交付申請及び健康管理手当認定申請の各却下処分の取消しを求める訴訟並びに同取消しに加えて被爆者健康手帳の交付の義務付けを求める訴訟,最高一小判,平成29.12.18,4,2,SPLIT_confirmed,平成２８年（行ヒ）４０４号の１|平成２９年（受）８４号
国際的訴訟,東京地判,平成3.1.29,4,0,unresolved_no_hanrei,
岩手靖国訴訟,盛岡地判,昭和62.3.5,5,0,unresolved_no_hanrei,
松下電器テレビ発火事故製造物責任訴訟,大阪地判,平成6.3.29,3,0,unresolved_no_hanrei,
ニプロ事件,東京高判,平成24.12.21,3,0,unresolved_no_hanrei,
ブラウン管カルテル事件,東京高判,平成28.1.29,3,0,unresolved_no_hanrei,
予防接種禍東京集団訴訟,東京高判,平成4.12.18,4,0,unresolved_no_hanrei,
国立マンション事件,東京地判,平成14.12.18,3,0,unresolved_no_hanrei,
小田急線高架化訴訟,東京地判,平成13.10.3,3,0,unresolved_no_hanrei,
東京都外形標準課税条例無効確認等請求事件,東京地判,平成14.3.26,3,0,unresolved_no_hanrei,
金融商品取引法19条2項の賠償の責めに任じない損害の額と民事訴訟,最高一小判,平成30.10.11,5,1,MERGE_party_alias,平成２９年（受）１４９６号
堺通り魔殺人事件訴訟,大阪高判,平成12.2.29,2,0,unresolved_no_hanrei,
完全子会社の取締役等役員の責任を株主代表訴訟,東京地判,平成19.9.27,2,0,unresolved_no_hanrei,
アムールほか事件,東京地判,令和4.5.25,3,0,unresolved_no_hanrei,
仮差押申立事件,旭川地決,平成8.2.9,2,0,unresolved_no_hanrei,
北海道拓殖銀行事件,最高三小決,平成21.11.9,3,0,unresolved_no_hanrei,
衆議院議員及び参議院議員定数訴訟,最高二小判,昭和63.10.21,4,5,SPLIT_confirmed,昭和６０年（オ）５２２号|昭和６２年（行ツ）１２７号|昭和６３年（行ツ）１２６号|昭和６３年（行ツ）２４号|昭和６３年（行ツ）８５号
鶴岡灯油訴訟,仙台高秋田支判,昭和60.3.26,2,0,unresolved_no_hanrei,
JR北海道・JR貨物事件,最高一小判,平成15.12.22,4,3,SPLIT_confirmed,平成１３年（行ヒ）５６号|平成１３年（行ヒ）９６号|平成１５年（行ヒ）１６号
マイナミ空港サービス事件,東京高判,令和5.1.25,3,0,unresolved_no_hanrei,
レックスHD事件,東京高決,平成20.9.12,2,0,unresolved_no_hanrei,
住友生命保険相互会社事件,京都地判,令和5.1.26,2,0,unresolved_no_hanrei,
価格協定事件,公取委,令和1.9.30,4,0,unresolved_no_hanrei,
四日市ぜん息損害賠償請求事件,,昭和47.7.24,3,5,SPLIT_confirmed,昭和４２年（ワ）１３８号|昭和４４年（ワ）２９２２号／昭和４６年（ワ）１１２１８号|昭和４５年（ネ）６４９号|昭和４６年（ワ）５００７号|昭和４７年（家ロ）２１号
社会福祉法人いずみ福祉会事件,最高三小判,平成18.3.28,3,6,SPLIT_confirmed,平成１５年（受）１０９９号|平成１５年（行ツ）２０２号|平成１６年（オ）１３６５号|平成１７年（オ）１５５３号／平成１７年（受）１８１６号|平成１７年（受）１７５１号|平成１８年（オ）３０４号／平成１８年（受）３６１号
Winny事件,最高三小決,平成23.12.19,2,1,MERGE_party_alias,平成２１年（あ）１９００号
ケンウッド事件,東京高判,平成7.9.28,2,0,unresolved_no_hanrei,
ブルームバーグ・エル・ピー事件,東京高判,平成25.4.24,3,0,unresolved_no_hanrei,
三菱重工長崎造船所事件,福岡高判,平成7.3.15,3,0,unresolved_no_hanrei,
医療法人K会事件,広島高判,平成29.9.6,2,0,unresolved_no_hanrei,
社会医療法人天神会事件,福岡高判,平成27.1.29,3,0,unresolved_no_hanrei,
社会福祉法人A事件,千葉地判,令和5.6.9,2,0,unresolved_no_hanrei,
通常共同訴訟,最高一小判,昭和43.9.12,2,4,SPLIT_confirmed,昭和４２年（オ）２４６号|昭和４２年（オ）６７２号|昭和４２年（オ）８９０号|昭和４３年（オ）３６２号
オデコ大陸棚事件,東京高判,昭和59.3.14,2,0,unresolved_no_hanrei,
全国農業協同組合連合会事件,公取委,平成2.2.20,2,0,unresolved_no_hanrei,
固有必要的共同訴訟,最高二小判,昭和43.3.15,2,6,SPLIT_confirmed,昭和３９年（オ）１３９０号|昭和４０年（オ）３４７号|昭和４１年（オ）１６２号|昭和４２年（オ）１０７９号|昭和４２年（オ）１１０５号|昭和４２年（オ）１２４号
日本電気事件,東京地判,平成27.7.29,2,0,unresolved_no_hanrei,
朝日火災海上保険事件,最高三小判,平成8.3.26,2,6,SPLIT_confirmed,平成４年（あ）４０９号|平成５年（オ）２８１号|平成５年（オ）６５０号|平成７年（オ）１９８６号|平成７年（オ）２４７９号|平成８年（オ）１４８号
海外で航空機衝突事故の在日遺族の損害賠償請求訴訟,東京地判,昭和62.6.23,3,0,unresolved_no_hanrei,
結婚の自由をすべての人に北海道訴訟事件,札幌地判,令和3.3.17,4,0,unresolved_no_hanrei,
ライブドアに対する機関投資家による損害賠償請求事件,東京地判,平成20.6.13,4,0,unresolved_no_hanrei,
忠実屋・いなげや新株発行差止仮処分事件,東京地決,平成1.7.25,2,0,unresolved_no_hanrei,
損害保険会社に対する課徴金納付命令審決取消訴訟,東京高判,平成13.11.30,2,0,unresolved_no_hanrei,
更生債権に関する訴訟が更生手続開始前に係属し受継されることなく終了した場合における当該訴訟に係る訴訟,最高二小決,平成25.11.13,2,1,MERGE_party_alias,平成２５年（許）４号
東洋シヤッター株式会社ほか3名による審決取消請求事件,東京高判,令和5.4.7,2,0,unresolved_no_hanrei,
片倉工業事件,東京地判,平成3.4.18,2,0,unresolved_no_hanrei,
西松建設事件,最高二小判,平成19.4.27,3,0,unresolved_no_hanrei,
ブラウン管国際カルテル事件,公取委,平成27.5.22,4,0,unresolved_no_hanrei,
夢真ホールディングスvs日本技術開発事件,東京地決,平成17.7.29,2,0,unresolved_no_hanrei,
日本商事株式インサイダー取引事件,最高三小判,平成11.2.16,2,1,MERGE_party_alias,平成９年（あ）１２３２号／平成９年（あ）１２４５号
NHK受信料支払請求訴訟,東京地判,平成21.7.28,3,0,unresolved_no_hanrei,
トルコ航空ほか1社事件,東京地判,平成24.12.5,5,0,unresolved_no_hanrei,
ロス疑惑北海道新聞社事件,最高三小判,平成14.1.29,3,19,SPLIT_confirmed,平成１０年（オ）５４６号|平成１０年（オ）７５８号|平成１０年（オ）７８０号|平成１０年（オ）７９１号|平成１３年（受）１２１９号|平成７年（オ）１４２１号
共同して訴えを提起した各原告の請求の価額を合算したものを訴訟,最高一小決,令和5.10.19,2,2,SPLIT_confirmed,令和５年（オ）１３７３号／令和５年（受）１７３６号|令和５年（許）１号
厚木自動車部品・全日産自動車労組事件,横浜地判,昭和62.9.29,3,0,unresolved_no_hanrei,
機械保険連盟料率カルテル事件,最高三小判,平成17.9.13,2,1,MERGE_party_alias,平成１４年（行ヒ）７２号
武蔵野市長給水拒否事件,最高二小決,平成1.11.8,4,0,unresolved_no_hanrei,
済生会中央病院事件,最高三小判,昭和60.7.19,3,1,MERGE_party_alias,昭和５６年（行ツ）２０５号／昭和５６年（行ツ）２０６号
著作権確認等請求事件,東京地判,平成11.1.28,3,0,unresolved_no_hanrei,
諫早湾干拓事業をめぐる混迷と民事訴訟,福岡高判,平成22.12.6,3,0,unresolved_no_hanrei,
長崎教師批判ビラ事件,最高一小判,平成1.12.21,4,5,SPLIT_confirmed,平成１年（行ツ）１５号|平成１年（行ツ）６号|昭和５９年（オ）１４７７号|昭和６０年（オ）１２７４号|昭和６２年（オ）５１５号
関西生コン恐喝事件,京都地判,令和7.2.26,3,0,unresolved_no_hanrei,
下水道事業団談合刑事事件,東京高判,平成8.5.31,2,0,unresolved_no_hanrei,
倉田学園事件,最高三小判,平成6.12.20,2,3,SPLIT_confirmed,平成２年（オ）６６３号|平成３年（行ツ）１５５号|平成５年（行ツ）１５号
安愚楽牧場事件,大阪高判,平成29.4.20,3,0,unresolved_no_hanrei,
村上ファンド事件,東京高判,平成21.2.3,2,0,unresolved_no_hanrei,
横田基地夜間飛行差止等請求訴訟,最高二小判,平成14.4.12,2,1,MERGE_party_alias,平成１１年（オ）８８７号／平成１１年（受）７４１号
生活保護廃止処分取消請求事件,熊本地判,令和4.10.3,2,0,unresolved_no_hanrei,
第一種市街地再開発事業の施行地区内の宅地の借地権者に対する権利変換に関する処分の取消訴訟,最高三小判,平成5.12.17,2,0,unresolved_no_hanrei,
行橋労働基準監督署長事件,最高二小判,平成28.7.8,3,0,unresolved_no_hanrei,
10年退職金事件,最高三小判,昭和58.12.6,3,4,SPLIT_confirmed,昭和５３年（オ）１４３６号|昭和５５年（オ）５７７号|昭和５８年（行ツ）５７号|昭和５８年（行ツ）５８号
フクダ電子長野販売事件,東京高判,平成29.10.18,3,0,unresolved_no_hanrei,
ブルドックソース事件,東京地決,平成19.6.28,2,0,unresolved_no_hanrei,
マイナミ空港サービス事件,公取委,令和2.7.7,3,0,unresolved_no_hanrei,
医薬品ネット販売の権利確認等請求事件,最高二小判,平成25.1.11,2,0,unresolved_no_hanrei,
博報堂事件,福岡地判,令和2.3.17,2,0,unresolved_no_hanrei,
大乗淑徳学園事件,東京地判,令和1.5.23,2,0,unresolved_no_hanrei,
学校法人奈良学園事件,奈良地判,令和2.7.21,3,0,unresolved_no_hanrei,
学校法人明徳学園事件,京都地判,令和7.2.13,2,0,unresolved_no_hanrei,
弁護士職務基本規程57条に違反する訴訟,最高二小決,令和3.4.14,2,2,SPLIT_confirmed,令和２年（受）８２９号|令和２年（許）３７号
ギャロップレーサー事件,最高二小判,平成16.2.13,2,2,SPLIT_confirmed,平成１３年（受）８６６号／平成１３年（受）８６７号|平成１５年（オ）１９４５号
コナミデジタルエンタテインメント事件,東京高判,平成23.12.27,2,0,unresolved_no_hanrei,
コナミデジタルエンタテインメント事件,東京地判,平成23.3.17,2,0,unresolved_no_hanrei,
東京電力塩山営業所事件,最高二小判,昭和63.2.5,2,2,SPLIT_confirmed,昭和５９年（オ）４１５号|昭和６２年（あ）７６５号
東洋酸素事件,東京高判,昭和54.10.29,2,0,unresolved_no_hanrei,
滋賀県生コン工組事件,公取委,平成5.11.18,2,0,unresolved_no_hanrei,
白石営林署事件,最高二小判,昭和48.3.2,2,2,SPLIT_confirmed,昭和４１年（オ）１４２０号|昭和４１年（オ）８４８号
紅屋商事事件,最高二小判,昭和61.1.24,2,1,MERGE_party_alias,昭和５５年（行ツ）４０号
長崎じん肺訴訟,最高三小判,平成6.2.22,2,4,SPLIT_confirmed,平成１年（オ）１６６６号|平成１年（オ）１６６７号|平成１年（オ）２３号|平成２年（行ツ）７７号
手形金債務不存在確認請求訴訟,東京地判,平成3.9.2,2,0,unresolved_no_hanrei,
詐害行為取消しの実体的効果と訴訟,東京地判,平成27.3.3,2,0,unresolved_no_hanrei,
行政事件訴訟法22条により訴訟参加することのできる第三者が民事訴訟,仙台高判,平成25.1.24,3,0,unresolved_no_hanrei,
顧客に損失を補填した証券会社の取締役に対する株主代表訴訟,東京地判,平成5.9.16,2,0,unresolved_no_hanrei,
ダスキン株主代表訴訟,大阪高判,平成19.1.18,3,0,unresolved_no_hanrei,
英国のロイズ・シンジケートの構成員である筆頭保険者が他の保険者全員から授権されて当該保険に関する訴訟を追行するための任意的訴訟,東京地判,平成3.8.27,4,0,unresolved_no_hanrei,
重複訴訟,大阪高決,平成26.12.2,3,0,unresolved_no_hanrei,
ヨロズ株主提案議題等記載仮処分命令申立て事件,東京高決,令和1.5.27,2,0,unresolved_no_hanrei,
外国の仲裁機関による仲裁の定めがある事件につき我が国で提起された保全命令事件,東京地決,平成19.8.28,2,0,unresolved_no_hanrei,
石川タクシー富士宮ほか事件,東京高判,平成26.6.12,4,0,unresolved_no_hanrei,
JT乳業事件,名古屋高金沢支判,平成17.5.18,4,0,unresolved_no_hanrei,
ソクハイ事件,東京地判,平成22.4.28,3,0,unresolved_no_hanrei,
公衆浴場における外国人差別と市の責任をめぐる事件,札幌地判,平成14.11.11,4,0,unresolved_no_hanrei,
台湾における航空機事故に関連して米国法人に対して提起された不法行為に基づく損害賠償請求訴訟,東京地判,昭和61.6.20,2,0,unresolved_no_hanrei,
国立景観訴訟,東京高判,平成16.10.27,3,0,unresolved_no_hanrei,
国際ライセンス契約に基づく特許料支払請求を認容した西ドイツのミュンヒェン地方裁判所の欠席判決および訴訟,名古屋地判,昭和62.2.6,4,0,unresolved_no_hanrei,
教育施設負担金返還請求事件,最高一小判,平成5.2.18,2,0,unresolved_no_hanrei,
株主の提訴請求を受けて取締役責任追及訴訟,東京高判,平成24.7.25,3,0,unresolved_no_hanrei,
民訴法38条後段の共同訴訟,最高二小判,平成23.5.30,3,2,SPLIT_confirmed,平成２２年（行ツ）５４号|平成２３年（許）１３号
神奈川県LPガス協会事件,東京高判,令和3.1.21,3,0,unresolved_no_hanrei,
西武鉄道事件,東京地判,平成20.4.24,2,0,unresolved_no_hanrei,
貸金業規制法43条における書面の要否事件,最高一小判,平成11.1.21,4,9,SPLIT_confirmed,平成１０年（オ）１８４７号／平成１０年（受）３８９号|平成１０年（オ）２００３号／平成１０年（受）４９３号|平成１０年（受）５号|平成７年（オ）１４４５号|平成７年（オ）２１２２号|平成７年（行ツ）１１６号
費用賠償請求権の視点から見たプリンスホテル日教組大会事件,東京高判,平成22.11.25,2,0,unresolved_no_hanrei,
郵便番号自動読取区分機類入札談合事件,最高一小判,平成19.4.19,2,0,unresolved_no_hanrei,
電気通信事業に従事する者及びその職を退いた者と民事訴訟,最高一小決,令和3.3.18,5,2,SPLIT_confirmed,令和１年（行ツ）１７９号|令和２年（許）１０号
NTT東日本事件,公取委,平成19.3.26,3,0,unresolved_no_hanrei,
アジアエレクトロニクス事件,東京地判,平成14.10.29,2,0,unresolved_no_hanrei,
エム・ディ・エス・ノーディオン事件,公取委,平成10.9.3,3,0,unresolved_no_hanrei,
ニデック対牧野フライス製作所事件,東京地決,令和7.5.7,2,0,unresolved_no_hanrei,
ビームス事件,東京高判,平成19.10.12,2,0,unresolved_no_hanrei,
ユナイテッド・エアーラインズ事件,東京高判,令和3.12.22,2,0,unresolved_no_hanrei,
ロス疑惑スポーツニッポン新聞事件,最高三小判,平成9.5.27,3,0,unresolved_no_hanrei,
三洋電機違法配当事件,大阪地判,平成24.9.28,2,0,unresolved_no_hanrei,
井関松山製造所事件,高松高判,令和1.7.8,4,0,unresolved_no_hanrei,
京都朝鮮第一初級学校襲撃事件,京都地判,平成25.10.7,3,0,unresolved_no_hanrei,
佐用郡で四季を通じて屋内温水プールを享受できたはずのリゾートマンション事件,最高三小判,平成8.11.12,2,5,SPLIT_confirmed,平成５年（オ）１５７９号|平成５年（オ）１７４７号|平成７年（オ）２２８号|平成７年（行ツ）１０１号|平成８年（オ）１０５６号
多摩談合事件,最高一小判,平成24.2.20,3,11,SPLIT_confirmed,平成２１年（受）１４６１号／平成２１年（受）１４６２号|平成２１年（行ツ）２６５号／平成２１年（行ヒ）３３７号|平成２１年（行ツ）３２３号／平成２１年（行ヒ）４２０号|平成２２年（行ツ）１４７号／平成２２年（行ヒ）１６０号|平成２２年（行ツ）１４８号／平成２２年（行ヒ）１６１号|平成２２年（行ツ）１４９号／平成２２年（行ヒ）１６２号
夫婦別姓訴訟,東京地判,平成5.11.19,2,0,unresolved_no_hanrei,
富士写真フイルム事件,公取委,昭和56.5.11,4,0,unresolved_no_hanrei,
寺西事件,,平成10.12.1,2,10,SPLIT_confirmed,平成１０年（ワ）２２０９号|平成１０年（分ク）１号|平成１０年（少コ）１０号|平成１０年（行ケ）１２５号|平成４年（行コ）２号|平成５年（ワ）１２１１号
愛媛玉串料訴訟,松山地判,平成1.3.17,2,0,unresolved_no_hanrei,
新島漂着砲弾爆発事故事件,最高二小判,昭和59.3.23,2,2,SPLIT_confirmed,昭和５６年（オ）１７４号|昭和５７年（オ）１３５６号
日暮里・舎人ライナー用地買収用代替予定地事件,最高三小判,平成22.6.1,3,2,SPLIT_confirmed,平成２１年（受）１７号／平成２１年（オ）１７号|平成２２年（オ）７２８号／平成２２年（受）８９４号
日興コーディアル株式買取価格決定事件,東京地決,平成21.3.31,2,0,unresolved_no_hanrei,
東大医科研病院事件,最高三小判,平成12.2.29,4,3,SPLIT_confirmed,平成１０年（オ）１０８１号／平成１０年（オ）１０８２号|平成１０年（行ツ）１９号|平成８年（オ）２２２４号
生活保護基準引下げ違憲訴訟,大阪地判,令和3.2.22,2,0,unresolved_no_hanrei,
生活保護老齢加算廃止訴訟,東京高判,平成22.5.27,4,0,unresolved_no_hanrei,
防衛庁石油製品談合事件,最高二小決,平成17.11.21,4,3,SPLIT_confirmed,平成１６年（あ）１４７８号|平成１６年（受）１４３４号|平成１７年（受）７２１号
顔真卿自書建中告身帖事件,最高二小判,昭和59.1.20,2,3,SPLIT_confirmed,昭和５７年（あ）１４００号|昭和５８年（あ）５９３号|昭和５８年（オ）１７１号
Chups事件,知財高判,平成24.2.14,2,0,unresolved_no_hanrei,
アメリカン・エキスプレス事件,東京高判,令和5.4.27,2,0,unresolved_no_hanrei,
アンシス・ジャパン事件,東京地判,平成27.3.27,2,0,unresolved_no_hanrei,
シェル石油事件,最高二小判,昭和59.11.26,2,2,SPLIT_confirmed,昭和５５年（オ）１２１５号|昭和５６年（行ツ）８３号
スルガ銀行・日本IBM事件,東京地判,平成24.3.29,3,0,unresolved_no_hanrei,
ノーモア・ミナマタ第2次近畿訴訟,大阪地判,令和5.9.27,2,0,unresolved_no_hanrei,
京濱交通事件,横浜地川崎支判,平成22.2.25,3,0,unresolved_no_hanrei,
北朝鮮事件,知財高判,平成20.12.24,2,0,unresolved_no_hanrei,
南九州コカコーラ・ボトリング事件,最高二小判,平成21.7.10,2,0,unresolved_no_hanrei,
堀越事件,東京高判,平成22.3.29,2,0,unresolved_no_hanrei,
川義事件,最高三小判,昭和59.4.10,2,1,MERGE_party_alias,昭和５８年（オ）１５２号
断食道場事件,最高三小判,平成2.3.6,3,5,SPLIT_confirmed,平成１年（オ）１１３１号|平成１年（行ツ）１７４号|昭和６１年（オ）６４８号|昭和６３年（オ）９６０号|昭和６３年（行ツ）１０２号
日経新聞株式譲渡ルール事件,最高三小判,平成21.2.17,2,0,unresolved_no_hanrei,
早稲田大学江沢民講演会名簿提出事件,最高二小判,平成15.9.12,2,5,SPLIT_confirmed,平成１４年（オ）１５４１号／平成１４年（受）１５６４号|平成１４年（受）１６５６号|平成１４年（受）５４８号|平成１５年（受）２４１号|平成１５年（行フ）１号
旭化成工業ほか事件,公取委,昭和47.12.27,3,0,unresolved_no_hanrei,
旭川市国民健康保険条例事件,,平成18.3.1,2,8,SPLIT_confirmed,平成１２年（行ツ）６２号／平成１２年（行ヒ）６６号|平成１６年（ワ）４９０号|平成１６年（ワ）８６３２号|平成１７年（ワ）２３７１５号|平成１７年（行ケ）１０２７３号|平成１７年（行ケ）１０３６０号
洋書センター事件,東京高判,昭和61.5.29,2,0,unresolved_no_hanrei,
福岡市造園工事談合事件,公取委,平成13.9.12,3,0,unresolved_no_hanrei,
第四銀行事件,東京高判,平成4.8.28,3,0,unresolved_no_hanrei,
経済産業省事件,東京地判,令和1.12.12,3,0,unresolved_no_hanrei,
道立夕張南高校事件,最高一小判,昭和61.12.18,2,1,MERGE_party_alias,昭和５７年（行ツ）１６６号
A農協事件,東京高判,平成27.6.24,2,0,unresolved_no_hanrei,
を守る会事件,東京地判,平成27.10.2,2,0,unresolved_no_hanrei,
インテル事件,公取委,平成17.4.13,2,0,unresolved_no_hanrei,
カール・ツアイス事件,東京地判,平成1.9.22,2,0,unresolved_no_hanrei,
ビクターサービスエンジニアリング事件,最高三小判,平成24.2.21,2,1,MERGE_party_alias,平成２２年（行ヒ）４８９号
リーディング証券事件,東京地判,平成25.1.31,2,0,unresolved_no_hanrei,
京都市立浴場運営財団ほか事件,京都地判,平成29.9.20,2,0,unresolved_no_hanrei,
伊予銀行・いよぎんスタッフサービス事件,松山地判,平成15.5.22,2,0,unresolved_no_hanrei,
敦賀原発風評事件,名古屋高金沢支判,平成1.5.17,2,0,unresolved_no_hanrei,
日本レストランシステム事件,大阪高判,平成17.1.25,2,0,unresolved_no_hanrei,
本田技研工業事件,東京地判,平成24.2.17,2,0,unresolved_no_hanrei,
東京地裁厚生部事件,最高二小判,昭和35.10.21,2,6,SPLIT_confirmed,昭和２４年（オ）２９５号|昭和３１年（オ）８３５号|昭和３２年（オ）９０７号|昭和３５年（オ）３２３号|昭和３５年（オ）３９１号|昭和３５年（オ）７１１号
東京電力パワーグリッド事件,東京地判,平成29.11.30,2,0,unresolved_no_hanrei,
東洋製罐事件,公取委,昭和47.9.18,2,0,unresolved_no_hanrei,
松下プラズマディスプレイ事件,大阪高判,平成20.4.25,2,0,unresolved_no_hanrei,
甲野堂薬局事件,最高一小判,平成26.3.6,2,5,SPLIT_confirmed,平成２４年（受）１３３号|平成２５年（オ）１６６３号／平成２５年（受）２０４１号|平成２５年（受）１９７号|平成２６年（オ）１２１号／平成２６年（受）１５６号|平成２６年（行ツ）１０号／平成２６年（行ヒ）１６号
社会福祉法人恩賜財団済生会事件,山口地判,令和5.5.24,2,0,unresolved_no_hanrei,
神代学園ミューズ音楽院事件,東京高判,平成17.3.30,2,0,unresolved_no_hanrei,
豊國工業事件,奈良地判,平成18.9.5,2,0,unresolved_no_hanrei,
防衛庁石油製品談合刑事事件,東京高判,平成16.3.24,2,0,unresolved_no_hanrei,
予防訴訟,最高一小判,平成24.2.9,2,3,SPLIT_confirmed,平成２２年（オ）８４５号／平成２２年（受）１０４５号|平成２３年（受）２０２９号|平成２３年（行ツ）１７７号／平成２３年（行ツ）１７８号／平成２３年（行ヒ）１８２号
函館新聞社事件,東京高判,平成18.9.27,4,0,unresolved_no_hanrei,
株式会社が取締役に損害賠償を請求する訴訟において原告の設置した取締役責任調査委員会の委員であった弁護士が原告の訴訟代理人として行う訴訟,最高一小決,令和4.6.27,3,1,MERGE_party_alias,令和４年（許）３号
デラウェア州法LPS事件と英領バミューダ法LPS事件,最高二小判,平成27.7.17,2,2,SPLIT_confirmed,平成２５年（行ヒ）１６６号|平成２７年（オ）５９６号／平成２７年（受）７３８号
公正取引委員会審判事件記録閲覧謄写許可処分取消請求事件,東京高判,平成14.6.5,4,0,unresolved_no_hanrei,
内閣総理大臣による靖国神社参拝訴訟,最高二小判,平成18.6.23,4,3,SPLIT_confirmed,平成１７年（オ）１１２５号／平成１７年（受）１３００号|平成１７年（受）１１９２号|平成１７年（受）２１８４号
景表法の不実証広告規制規定に基づく措置命令に対する取消訴訟,東京地判,平成28.11.10,2,0,unresolved_no_hanrei,
熱海市ストーカ炉談合損害賠償請求事件,東京高判,平成25.3.15,3,0,unresolved_no_hanrei,
都市公園テント除却国家賠償請求事件,大阪地判,平成21.3.25,5,0,unresolved_no_hanrei,
いわゆるTFK事件とクラヴィス事件,東京高判,平成26.4.23,2,0,unresolved_no_hanrei,
家賃保証契約における契約条項差止請求事件,最高一小判,令和4.12.12,2,1,MERGE_party_alias,令和３年（受）９８７号
市議会議員が所属会派に提出した政務調査費にかかる調査研究報告書及びその添付書類が民事訴訟,最高一小決,平成17.11.10,3,2,SPLIT_confirmed,平成１５年（受）２８１号|平成１７年（行フ）２号
建築請負人からの注文者に対する請負契約に係る建物の所有権保存登記抹消登記手続請求訴訟の提起及び右訴訟,最高一小判,平成11.11.25,2,3,SPLIT_confirmed,平成１１年（オ）１４１７号／平成１１年（受）１１９０号|平成８年（オ）１８２５号|平成８年（オ）７１８号
昭和43年に土地区画整理による換地処分の行われた土地の境界確定訴訟,東京地判,平成18.10.31,2,0,unresolved_no_hanrei,
東京地裁商事部によるファミリーマート事件決定とNTT都市開発事件,東京地決,令和5.3.23,2,0,unresolved_no_hanrei,
米国著作権の侵害差止・損害賠償請求事件,東京地判,平成14.11.18,2,0,unresolved_no_hanrei,
薬害イレッサ訴訟,東京高判,平成23.11.15,4,0,unresolved_no_hanrei,
157集団食中毒原因公表事件,東京高判,平成15.5.21,4,0,unresolved_no_hanrei,
JR東海出向命令効力停止仮処分事件,大阪地決,昭和62.11.30,2,0,unresolved_no_hanrei,
いわゆるエンタープライス寄港阻止佐世保闘争事件,最高三小判,昭和57.11.16,4,3,SPLIT_confirmed,昭和５６年（あ）５６１号|昭和５６年（オ）１０１５号|昭和５７年（オ）５９８号
に当たるとして人格権的権利に基づき同土地上の工作物の撤去を求める訴訟,最高一小判,平成18.3.23,4,3,SPLIT_confirmed,平成１５年（オ）４２２号／平成１５年（受）４２８号|平成１５年（受）１８８６号|平成１８年（オ）２８５号
アップル・インクに対する独占禁止法違反被疑事件,公取委,令和3.9.2,2,0,unresolved_no_hanrei,
アフターマーケットをめぐる特許訴訟,知財高判,令和4.3.29,3,0,unresolved_no_hanrei,
イレブン・ジャパン事件,中労委,平成31.2.6,2,0,unresolved_no_hanrei,
オキシラン化学事件,公取委,平成7.10.13,4,0,unresolved_no_hanrei,
ドメイン名の使用差止を求めたジャックス訴訟,富山地判,平成12.12.6,2,0,unresolved_no_hanrei,
ニンテンドーDS事件,公取委,平成25.7.29,4,0,unresolved_no_hanrei,
ハローマート事件,公取委,昭和57.5.28,2,0,unresolved_no_hanrei,
ホープネット事件,東京地判,令和5.4.10,4,0,unresolved_no_hanrei,
モスク監視を全面的に擁護したムスリム違法捜査国賠訴訟,東京地判,平成26.1.15,3,0,unresolved_no_hanrei,
モルフォ株式インサイダー取引に係る課徴金納付命令処分取消請求事件,東京地判,令和3.1.26,2,0,unresolved_no_hanrei,
モンタージュ写真事件,最高二小判,昭和61.5.30,3,3,SPLIT_confirmed,昭和５８年（オ）５１６号|昭和５８年（オ）６２１号|昭和６１年（行ツ）１６号
リーダーズ・ダイジェスト事件,,平成1.3.27,4,12,SPLIT_confirmed,昭和５８年（ワ）７８４６号|昭和５９年（行ウ）１１０号|昭和６０年（ワ）６７７７号|昭和６１年（ワ）６６９号|昭和６２年（ネ）１９３号|昭和６２年（ネ）２７６４号
ロス疑惑訴訟夕刊フジ事件,最高三小判,平成9.9.9,3,0,unresolved_no_hanrei,
三ツ星新株予約権無償割差止仮処分命令申立事件,大阪高決,令和4.7.21,2,0,unresolved_no_hanrei,
不動産の取得者がこれに付された予告登記を不動産登記法145条2項の規定に従って抹消するため右予告登記に係る所有権移転登記の抹消登記手続請求訴訟,東京高判,平成12.12.20,2,0,unresolved_no_hanrei,
中津川市議会代読拒否訴訟,名古屋高判,平成24.5.11,2,0,unresolved_no_hanrei,
伊豆シャボテンリゾート元代表取締役に対する損害賠償請求控訴事件,東京高判,平成30.5.9,2,0,unresolved_no_hanrei,
北都銀行事件,最高三小判,平成12.9.12,3,1,MERGE_party_alias,平成９年（オ）１７１０号
司法書士が受任して作成した原告本人名義に係る訴状等によって提起された訴訟,富山地判,平成25.9.10,2,0,unresolved_no_hanrei,
土地の引渡しや所有権移転登記手続を求める訴訟,最高三小判,令和3.1.22,2,1,MERGE_party_alias,令和１年（受）８６１号
売買の目的物たる土地にかつて存在していた建物内で殺人事件,大阪高判,平成18.12.19,3,0,unresolved_no_hanrei,
外国法人に対する債務不存在確認訴訟,東京地判,昭和62.7.28,2,0,unresolved_no_hanrei,
大川小学校津波国家賠償訴訟,仙台地判,平成28.10.26,2,0,unresolved_no_hanrei,
富士見産婦人科病院損害賠償請求事件,東京地判,平成11.6.30,2,0,unresolved_no_hanrei,
富山県立美術館コラージュ訴訟,富山地判,平成10.12.16,4,0,unresolved_no_hanrei,
小物入れ兼ぬいぐるみ事件,東京地判,平成20.7.4,4,0,unresolved_no_hanrei,
岡崎管工事件,東京高判,平成15.3.7,2,0,unresolved_no_hanrei,
建築主事による構造計算書の耐震偽装に関する国家賠償訴訟,最高三小判,平成25.3.26,3,3,SPLIT_confirmed,平成２２年（受）２１０１号|平成２３年（受）１４９６号|平成２３年（受）１５２４号／平成２３年（受）１５２５号
懲罰賠償に関する萬世工業事件,最高二小決,平成19.3.23,4,0,unresolved_no_hanrei,
昇格をめぐる性差別訴訟,名古屋高判,昭和58.4.28,3,0,unresolved_no_hanrei,
景表法4条2号所定の不当価格表示の有無につき判断が加えられた事件,東京高判,平成16.10.19,4,0,unresolved_no_hanrei,
東京機械製作所事件,東京高判,令和6.7.31,2,0,unresolved_no_hanrei,
東京都芝浦と畜場不当廉売事件,東京高判,昭和61.2.24,4,0,unresolved_no_hanrei,
株主が会社法297条の規定によることなく訴訟,東京高判,令和3.9.29,2,0,unresolved_no_hanrei,
段ボールシート等価格カルテル事件,公取委,令和3.2.8,4,0,unresolved_no_hanrei,
海南特殊機械・竹村工業・松川建設事件,東京地判,昭和62.3.27,3,0,unresolved_no_hanrei,
熊本水俣病事件第1次訴訟,熊本地判,昭和48.3.20,2,0,unresolved_no_hanrei,
生活保護基準引下げ訴訟,最高三小判,令和7.6.27,2,0,unresolved_no_hanrei,
留置したことに対する国家賠償請求訴訟,最高二小判,平成8.3.8,2,4,SPLIT_confirmed,平成４年（オ）６７３号|平成４年（オ）７７号|平成４年（オ）７８号|平成７年（行ツ）７４号
痴漢の虚偽申告を理由とするXのYに対する損害賠償請求訴訟,最高二小判,平成20.11.7,2,0,unresolved_no_hanrei,
空気清浄機事件,東京高判,平成14.6.7,2,0,unresolved_no_hanrei,
第二次北国新聞社事件,東京高決,昭和32.3.18,2,0,unresolved_no_hanrei,
箕面市遺族会補助金等違憲訴訟,大阪地判,昭和63.10.14,2,0,unresolved_no_hanrei,
給付訴訟,最高三小判,平成23.2.15,2,1,MERGE_party_alias,平成２１年（受）６２７号
西武鉄道事件,東京地判,平成21.1.30,3,0,unresolved_no_hanrei,
貸金の支払を求める訴訟,最高二小判,令和1.7.5,2,2,SPLIT_confirmed,平成３０年（受）１３８７号|平成３１年（受）５１１号
関西国際空港新聞販売取引拒絶事件,大阪高判,平成17.7.5,2,0,unresolved_no_hanrei,
香港高等法院がした訴訟,最高三小判,平成10.4.28,2,3,SPLIT_confirmed,平成５年（行ツ）５３号|平成６年（オ）１８３８号|平成６年（オ）２３７８号
FOI事件,東京高判,平成30.3.23,2,0,unresolved_no_hanrei,
NTT西日本事件,大阪高判,平成21.11.27,2,0,unresolved_no_hanrei,
mail閲覧訴訟,東京地判,平成13.12.3,3,0,unresolved_no_hanrei,
だいにち堂事件,最高三小判,令和4.3.8,2,2,SPLIT_confirmed,令和２年（オ）１１９１号／令和２年（受）１４６４号|令和３年（行ツ）３３号
アメックス事件,最高一小判,平成5.12.16,2,0,unresolved_no_hanrei,
エス・ウント・エー事件,最高三小判,平成4.2.18,2,0,unresolved_no_hanrei,
ゴルフ会員権贈与事件,最高三小判,平成17.2.1,2,3,SPLIT_confirmed,平成１３年（行ヒ）２７６号|平成１４年（オ）１７４７号／平成１４年（受）１７７７号|平成１７年（し）７号
ジェイコム株誤発注事件,東京高判,平成25.7.24,3,0,unresolved_no_hanrei,
スティック形状加湿器事件,知財高判,平成28.11.30,3,0,unresolved_no_hanrei,
リソー教育事件,東京地判,平成30.3.29,2,0,unresolved_no_hanrei,
三菱重工長崎造船所事件,最高三小判,昭和61.12.16,3,3,SPLIT_confirmed,昭和５５年（行ツ）１４７号|昭和６０年（オ）４１号|昭和６１年（行ツ）７２号
任意的に訴訟,東京地判,平成7.10.3,3,0,unresolved_no_hanrei,
公益財団法人グリーントラストうつのみや事件,宇都宮地判,令和2.6.10,2,0,unresolved_no_hanrei,
内閣総理大臣の靖国神社公式参拝違憲訴訟,大阪地判,平成1.11.9,2,0,unresolved_no_hanrei,
助成金不交付事件,東京地判,令和3.6.21,2,0,unresolved_no_hanrei,
北海道新聞社事件,公取委,平成12.2.28,2,0,unresolved_no_hanrei,
北海道社会事業協会事件,札幌地判,令和1.9.17,2,0,unresolved_no_hanrei,
医療法人稲門会事件,大阪高判,平成26.7.18,2,0,unresolved_no_hanrei,
協同飼料株価操作事件,東京高判,昭和63.7.26,2,0,unresolved_no_hanrei,
固有必要的共同訴訟,名古屋高金沢支判,昭和63.10.31,2,0,unresolved_no_hanrei,
土佐あき農協事件,東京地判,平成31.3.28,2,0,unresolved_no_hanrei,
大阪府知事交際費訴訟,最高一小判,平成6.1.27,2,1,MERGE_party_alias,平成５年（ク）４４０号
大陸交通事件,東京地判,令和3.4.8,2,0,unresolved_no_hanrei,
富士美術印刷事件,東京高判,平成28.7.4,2,0,unresolved_no_hanrei,
岡山県南生コン協同組合事件,公取委,昭和56.2.18,3,0,unresolved_no_hanrei,
市立尼崎高校事件,神戸地判,平成4.3.13,2,0,unresolved_no_hanrei,
当該民間の調停の手続を経ずに提起された訴訟,東京高判,平成23.6.22,3,0,unresolved_no_hanrei,
戸籍法上の夫婦別姓訴訟,東京地判,平成31.3.25,3,0,unresolved_no_hanrei,
日債銀粉飾決算事件,東京高判,平成23.8.30,2,0,unresolved_no_hanrei,
日本IBM退職強要事件,東京地判,平成23.12.28,3,0,unresolved_no_hanrei,
日本保証マンション株主総会決議取消訴訟,東京地判,昭和61.3.31,2,0,unresolved_no_hanrei,
日産自動車村山工場事件,東京高判,昭和62.12.24,2,0,unresolved_no_hanrei,
昭和シェル石油事件,東京地判,平成15.1.29,2,0,unresolved_no_hanrei,
東京もち事件,東京高判,平成8.3.29,2,0,unresolved_no_hanrei,
東京無線タクシー協同組合事件,公取委,平成11.11.10,2,0,unresolved_no_hanrei,
東箱根開発事件,東京高判,昭和52.3.31,3,0,unresolved_no_hanrei,
植田満俺製錬所事件,大阪地判,昭和57.9.30,2,0,unresolved_no_hanrei,
泉南アスベスト国賠2陣訴訟,大阪高判,平成25.12.25,2,0,unresolved_no_hanrei,
濱口石油事件,公取委,平成18.5.16,2,0,unresolved_no_hanrei,
異議ある再生債権に関して再生手続開始時に訴訟,名古屋地決,平成14.12.24,2,0,unresolved_no_hanrei,
福岡雙葉学園事件,福岡高判,平成17.8.2,3,0,unresolved_no_hanrei,
第2次選択的夫婦別姓訴訟,東京地判,令和1.10.2,3,0,unresolved_no_hanrei,
第3次家永訴訟,最高三小判,平成9.8.29,3,0,unresolved_no_hanrei,
箕面忠魂碑訴訟,大阪地判,昭和57.3.24,2,0,unresolved_no_hanrei,
鉄建公団事件,東京地判,平成17.9.15,2,0,unresolved_no_hanrei,
長谷川工務店株主総会決議無効確認請求事件,東京地判,昭和61.1.28,2,0,unresolved_no_hanrei,
電子掲示板事件,東京高判,平成14.10.29,2,0,unresolved_no_hanrei,
JAL整理解雇事件,東京高判,平成26.6.3,2,0,unresolved_no_hanrei,
りそな外税控除否認事件,最高二小判,平成17.12.19,2,0,unresolved_no_hanrei,
オウブンシャホールディング事件,,平成18.1.24,2,9,SPLIT_confirmed,平成１５年（受）１６５３号|平成１６年（受）４２４号|平成１６年（行ウ）３号|平成１７年（ネ）３０２号|平成１７年（ワ）３４１号|平成１７年（ワ）６８５６号
ハマキョウレックス事件,大津地彦根支判,平成27.9.16,2,0,unresolved_no_hanrei,
フォセコ・ジャパン・リミティッド事件,奈良地判,昭和45.10.23,2,0,unresolved_no_hanrei,
ヤフー事件,東京高判,平成26.11.5,2,0,unresolved_no_hanrei,
ヤマダ電機事件,東京地判,平成19.4.24,2,0,unresolved_no_hanrei,
ロックマン工事施工業者事件,公取委,平成12.10.31,2,0,unresolved_no_hanrei,
下市職安所長事件,大阪高判,昭和57.8.9,2,0,unresolved_no_hanrei,
中根製作所事件,東京高判,平成12.7.26,2,0,unresolved_no_hanrei,
九大・井上事件,東京地判,昭和48.5.1,2,0,unresolved_no_hanrei,
他人名義で根抵当権設定登記を有する債権者が抵当不動産の譲渡後に開始された不動産競売事件,最高一小判,昭和59.12.20,2,2,SPLIT_confirmed,昭和５８年（オ）１０４４号|昭和５９年（オ）７０２号
住友金属工業事件,大阪地判,平成17.3.28,2,0,unresolved_no_hanrei,
凸版物流・フルキャスト事件,東京高判,平成30.2.7,2,0,unresolved_no_hanrei,
医療法人衣明会事件,東京地判,平成25.9.11,2,0,unresolved_no_hanrei,
固有必要的共同訴訟,最高一小判,昭和46.10.7,2,1,MERGE_party_alias,昭和４２年（オ）５３５号
地公災基金愛知県支部長事件,最高三小判,平成8.3.5,2,3,SPLIT_confirmed,平成４年（オ）７０１号|平成４年（行ツ）７０号|平成８年（行ツ）３号
大竹貿易事件,最高一小判,平成5.11.25,2,0,unresolved_no_hanrei,
大阪大学事件,大阪地判,平成29.9.25,2,0,unresolved_no_hanrei,
岐阜商工信用組合事件,最高二小判,昭和52.6.20,2,5,SPLIT_confirmed,昭和４８年（オ）１１１３号|昭和５１年（あ）５０１号|昭和５１年（オ）１０４１号|昭和５１年（オ）１２９３号|昭和５２年（オ）２６８号
市がその施行する土地区画整理事業において取得した保留地を随意契約の方法により売却する行為と住民訴訟,最高一小判,平成10.11.12,2,1,MERGE_party_alias,平成１０年（オ）１０５０号
愛媛玉串料訴訟,高松高判,平成4.5.12,2,0,unresolved_no_hanrei,
文化シャッター事件,静岡地浜松支判,平成9.3.24,2,0,unresolved_no_hanrei,
新日本製鉄事件,福岡地小倉支判,平成8.3.26,2,0,unresolved_no_hanrei,
新潟鉄工事件,東京高判,昭和60.12.4,2,0,unresolved_no_hanrei,
日本アイ・ビー・エム事件,東京高判,平成20.6.26,2,0,unresolved_no_hanrei,
日本アイ・ビー・エム事件,東京高判,平成24.10.31,2,0,unresolved_no_hanrei,
日本通運事件,東京地判,令和2.10.1,2,0,unresolved_no_hanrei,
東京リーガルマインド事件,東京地判,平成13.5.16,2,0,unresolved_no_hanrei,
東日本おしぼり協同組合事件,公取委,平成7.4.24,2,0,unresolved_no_hanrei,
東洋リノリューム事件,公取委,昭和55.2.7,2,0,unresolved_no_hanrei,
森永乳業事件,公取委,昭和52.11.28,2,0,unresolved_no_hanrei,
社会福祉法人積善会暁学園事件,最高一小判,平成19.1.25,2,0,unresolved_no_hanrei,
神戸税関事件,神戸地判,平成4.2.4,2,0,unresolved_no_hanrei,
立正佼成会事件,東京高判,平成20.10.22,2,0,unresolved_no_hanrei,
米国籍の夫婦の離婚事件,横浜地判,平成3.10.31,2,0,unresolved_no_hanrei,
花王化粧品販売事件,東京地判,平成6.7.18,2,0,unresolved_no_hanrei,
西ドイツの法状況からみた大隈鐵工所事件,名古屋地判,昭和62.7.27,2,0,unresolved_no_hanrei,
関西金属工業事件,大阪高判,平成19.5.17,2,0,unresolved_no_hanrei,
阪急交通社事件,東京地判,平成25.12.5,2,0,unresolved_no_hanrei,
表示装置及びプログラム事件,知財高判,令和4.7.20,3,0,unresolved_no_hanrei,
2020年2月26日の菊池事件国賠訴訟,熊本地判,令和2.2.26,2,0,unresolved_no_hanrei,
いわゆる沖縄ゼネスト警察官殺害事件国賠請求訴訟,最高一小判,平成1.6.29,3,1,MERGE_party_alias,昭和５９年（オ）１０３号
アイヌ民族サケ捕獲権確認請求事件,札幌地判,令和6.4.18,2,0,unresolved_no_hanrei,
三ツ星事件・新株予約権無償割当差止仮処分命令申立事件,最高二小決,令和4.7.28,2,0,unresolved_no_hanrei,
原産国不当表示について独禁法25条訴訟による損害賠償請求が認められた事件,東京高判,平成19.3.30,2,0,unresolved_no_hanrei,
我が国と中華人民共和国との間には民事訴訟,大阪高判,平成15.4.9,5,0,unresolved_no_hanrei,
氷見国賠訴訟,富山地判,平成27.3.9,2,0,unresolved_no_hanrei,
溶融亜鉛めっき鋼板及び鋼帯の製造販売業者によるカラー鋼板価格カルテル事件,東京高判,平成25.12.13,3,0,unresolved_no_hanrei,
K社事件,東京高判,平成30.8.29,3,0,unresolved_no_hanrei,
クボタ課徴金納付命令審決取消訴訟事件,東京高判,平成24.2.24,2,0,unresolved_no_hanrei,
ケイマン諸島ダブルSPCに関するTH課税事件,東京高判,令和4.3.10,3,0,unresolved_no_hanrei,
ダクタイル鋳鉄管直管の製造販売業者に対する課徴金納付命令事件,公取委,平成21.6.30,2,0,unresolved_no_hanrei,
ブライト証券賃金減額事件,東京地判,平成16.5.28,2,0,unresolved_no_hanrei,
主基斎田抜穂の儀参列住民訴訟,最高一小判,平成14.7.11,3,4,SPLIT_confirmed,平成１１年（受）６０２号|平成１１年（行ツ）９３号|平成１４年（オ）５６４号／平成１４年（受）５６６号|平成１４年（受）５３８号
九州訴訟福岡高裁・関西訴訟,福岡高判,平成4.2.28,2,0,unresolved_no_hanrei,
二酸化炭素含有粘性組成物事件,知財高判,令和1.6.7,2,0,unresolved_no_hanrei,
住友軽金属工業事件,最高三小判,平成18.4.11,3,2,SPLIT_confirmed,平成１４年（受）１１９９号|平成１４年（受）１３５８号／平成１４年（受）１３５９号
先行事件,東京地決,平成10.6.4,2,0,unresolved_no_hanrei,
労働組合のビラへの名誉毀損損害償請求事件,東京地判,平成17.3.28,3,0,unresolved_no_hanrei,
労災保険審査会への再審査請求を経ずになされた休業補償等不支給処分取消訴訟,最高一小判,平成7.7.6,2,2,SPLIT_confirmed,平成４年（行ツ）６８号|平成５年（行ツ）２０２号
原子力発電所の稼働差止めを求める仮処分命令申立事件,福岡高宮崎支決,平成28.4.6,2,0,unresolved_no_hanrei,
同性婚東京第一次訴訟,東京地判,令和4.11.30,3,0,unresolved_no_hanrei,
国立市建築物高さ制限条例無効確認等請求事件,東京地判,平成14.2.14,2,0,unresolved_no_hanrei,
国立研究開発法人国立精神・神経医療研究センター事件,東京高判,令和7.3.27,4,0,unresolved_no_hanrei,
境界確定の訴えと固有必要的共同訴訟,最高三小判,平成11.11.9,3,3,SPLIT_confirmed,平成９年（オ）４２６号|平成９年（オ）８７３号|平成９年（オ）９６号
実務と学説からみた憲法訴訟,岐阜地判,令和4.2.21,3,0,unresolved_no_hanrei,
実務と学説からみた憲法訴訟,大阪高判,令和4.2.22,2,0,unresolved_no_hanrei,
東京電力福島第一原発事故訴訟,横浜地判,平成31.2.20,4,0,unresolved_no_hanrei,
活性炭談合事件・本町化学工業による排除措置命令等取消請求訴訟,東京高判,令和6.10.16,2,0,unresolved_no_hanrei,
登記官の右地図上への記入が抗告訴訟の対象となる行政処分といえないから義務確認訴訟,東京地判,平成3.12.20,2,0,unresolved_no_hanrei,
系統外出荷制限における市場閉鎖効果が問題になった事件,東京高判,令和1.11.27,3,0,unresolved_no_hanrei,
譲渡制限のある株式の株式売買価格申請事件において株券の供託がないことを理由とする売買の解除が権利濫用にあたるとされた事件,名古屋高決,平成10.8.21,3,0,unresolved_no_hanrei,
12・6秘密法国会傍聴者弾圧事件,東京地判,平成27.2.24,3,0,unresolved_no_hanrei,
NHK番組期待権訴訟,最高一小判,平成20.6.12,3,0,unresolved_no_hanrei,
NHK記者証言拒絶事件,最高三小決,平成18.10.3,2,2,SPLIT_confirmed,平成１８年（オ）１３１５号／平成１８年（受）１５２１号|平成１８年（許）１９号
Twitterリツイート事件,知財高判,平成30.4.25,2,0,unresolved_no_hanrei,
で得た資料の逋脱事件,大阪地判,平成30.5.9,3,0,unresolved_no_hanrei,
はみ出し自販機による道路不法占有者に対する債権不行使と住民訴訟,最高二小判,平成16.4.23,2,3,SPLIT_confirmed,平成１２年（行ヒ）２４６号|平成１４年（受）２４８号|平成１５年（オ）１７４７号
アメリカ合衆国とカリフォルニア州法人間の損害賠償請求訴訟,東京地判,平成7.10.27,2,0,unresolved_no_hanrei,
イメーション対ワンブルー事件,東京地判,平成27.2.18,3,0,unresolved_no_hanrei,
ウォール・ストリート・ジャーナル事件,東京高判,平成6.10.27,2,0,unresolved_no_hanrei,
ウーバー・ジャパンほか1社事件,,令和4.11.25,3,30,SPLIT_confirmed,令和２年（ネ）４０９号|令和２年（ワ）１１６８６号|令和２年（ワ）２２２７５号|令和２年（ワ）２６２５号|令和２年（ワ）５１０６号|令和２年（ワ）８４８号
エアセパレートガス価格カルテル事件,東京高判,平成28.5.25,2,0,unresolved_no_hanrei,
エコリカ・キヤノン事件,大阪地判,令和5.6.2,3,0,unresolved_no_hanrei,
エフオーアイ損害賠償請求事件,東京地判,平成28.12.20,2,0,unresolved_no_hanrei,
オークビルサービス事件,東京高判,平成16.11.24,2,0,unresolved_no_hanrei,
キルビー事件,最高三小判,平成12.4.11,2,2,SPLIT_confirmed,平成１０年（オ）１８号|平成１０年（オ）３６４号
クレディ・スイス事件,東京地判,平成25.3.1,2,0,unresolved_no_hanrei,
コイル状ストラップ付きタッチペン事件,東京地判,平成24.12.25,3,0,unresolved_no_hanrei,
コメダ珈琲店・店舗外観事件,東京地決,平成28.12.19,2,0,unresolved_no_hanrei,
シャープエレクトロニクスマーケティング事件,大阪地判,平成12.2.23,3,0,unresolved_no_hanrei,
ソーダ灰の輸入取引に関する独占禁止法違反事件,審決,昭和58.3.31,2,0,unresolved_no_hanrei,
プライバシー権・名誉権侵害を理由に海外企業が掲載した記事等の削除を求めた訴訟,東京地判,平成28.11.30,2,0,unresolved_no_hanrei,
プロ野球ドリームナイン事件,知財高判,平成27.6.24,3,0,unresolved_no_hanrei,
ホームレス退去強制損害賠償請求事件,東京地判,平成27.3.13,2,0,unresolved_no_hanrei,
マルナカに対する排除措置命令事件,公取委,平成23.6.22,2,0,unresolved_no_hanrei,
メンディングテープ上記載手形金請求事件,大阪高判,平成11.10.14,2,0,unresolved_no_hanrei,
ユナイテッド航空事件,東京高判,平成12.11.28,3,0,unresolved_no_hanrei,
令和4年最判後の初の総則6項事件,東京地判,令和6.1.18,3,0,unresolved_no_hanrei,
伊波善春他対ノースウエスト・エアラインズ・インコーポレイテッド事件,東京高判,昭和57.7.19,3,0,unresolved_no_hanrei,
個人的鑑賞を目的とする猥褻表現物の輸入事件,東京高判,平成4.7.13,3,0,unresolved_no_hanrei,
優越的地位の濫用と独禁法25条訴訟,東京高判,平成26.5.30,2,0,unresolved_no_hanrei,
光華寮明渡請求事件,大阪高判,昭和57.4.14,2,0,unresolved_no_hanrei,
全日本手をつなぐ育成会事件,東京地判,平成28.10.26,2,0,unresolved_no_hanrei,
全逓ビラ貼り・建造物侵入事件,最高二小判,昭和58.4.8,3,1,MERGE_party_alias,昭和５５年（あ）９０６号
再生品の利用を妨げる措置と特許侵害訴訟,東京地判,令和2.7.22,2,0,unresolved_no_hanrei,
加治川水害訴訟,最高一小判,昭和60.3.28,2,4,SPLIT_confirmed,昭和５６年（オ）２９２号|昭和５７年（オ）５６０号|昭和５８年（行ツ）１０１号|昭和５９年（あ）１６００号
千里桃山台団地一括建替え事件,最高一小判,平成21.4.23,2,0,unresolved_no_hanrei,
原弘産対日本ハウズイング株主名簿閲覧謄写仮処分事件,東京高決,平成20.6.12,2,0,unresolved_no_hanrei,
品川白煉瓦事件,最高一小判,昭和32.11.14,2,6,SPLIT_confirmed,昭和２７年（オ）９６号|昭和３０年（オ）９６１号|昭和３０年（オ）９６２号|昭和３１年（オ）８９３号|昭和３１年（オ）９２６号|昭和３２年（オ）７４２号
唯一の証拠方法と民事訴訟,最高二小判,昭和30.9.9,3,7,SPLIT_confirmed,昭和２７年（オ）６５３号|昭和２８年（オ）１３１５号|昭和２８年（オ）４０７号|昭和２９年（テ）１３号|昭和２９年（テ）１４号|昭和３０年（オ）１７４号
国の規制権限の不行使による人権侵害事件,横浜地判,平成24.5.25,2,0,unresolved_no_hanrei,
国立市事件,東京地判,平成26.9.25,2,0,unresolved_no_hanrei,
国鉄乗車証団交拒否事件,東京地判,昭和61.2.27,2,0,unresolved_no_hanrei,
大学入学金等返還請求事件,京都地判,平成15.7.16,2,0,unresolved_no_hanrei,
大成会福岡記念病院事件,,昭和58.2.24,2,21,SPLIT_confirmed,昭和５０年（ワ）２７４９号／昭和５０年（ワ）２７５０号／昭和５０年（ワ）６１８３号／昭和５３年（ワ）１６７７号|昭和５２年（ワ）１９４号|昭和５２年（ワ）８２２３号|昭和５３年（行ウ）３号|昭和５３年（行ケ）２０２号|昭和５４年（ネ）３０７６号
大阪環状線福島駅事件,最高三小判,昭和61.3.25,2,1,MERGE_party_alias,昭和５８年（オ）１１３２号／昭和５８年（オ）１１３３号
奥道後路線バス私的独占事件,高松高判,昭和61.4.8,3,0,unresolved_no_hanrei,
学校法人南山学園事件,名古屋地判,令和1.7.30,2,0,unresolved_no_hanrei,
定期検診における結核看過事件,最高一小判,昭和57.4.1,2,2,SPLIT_confirmed,昭和５１年（オ）１２４９号|昭和５６年（オ）７８３号
専売公社山形工場戒告無効確認事件,最高一小判,昭和56.4.9,2,3,SPLIT_confirmed,昭和５３年（オ）１３３９号|昭和５３年（オ）４１４号|昭和５３年（オ）８２８号
広島県石商広島市連合会価格カルテル事件,公取委,平成9.6.24,3,0,unresolved_no_hanrei,
建築CADソフトウェア海賊版事件,東京地判,平成30.1.30,2,0,unresolved_no_hanrei,
当該特許権が無効審決により無効確定した場合の再審請求事件,知財高判,平成20.7.14,2,0,unresolved_no_hanrei,
捜査に関して作成された書類の写しが民事訴訟,最高三小決,平成31.1.22,3,0,unresolved_no_hanrei,
控訴審において初めてした過失相殺の主張を訴訟,最高一小判,平成20.3.27,3,0,unresolved_no_hanrei,
文書提出命令に従わない場合に民事訴訟,東京高判,平成14.1.31,2,0,unresolved_no_hanrei,
新協和海運事件,東京高判,平成30.4.25,2,0,unresolved_no_hanrei,
新潟水俣病事件,新潟地判,平成4.3.31,2,0,unresolved_no_hanrei,
日本アイ・ビー・エム事件,横浜地判,平成19.5.29,3,0,unresolved_no_hanrei,
日本交通株式会社ほか事件,東京地判,平成9.10.29,2,0,unresolved_no_hanrei,
日本航空事件,大阪地判,平成27.1.28,2,0,unresolved_no_hanrei,
日本言語研究所他法人格否認事件,東京地判,平成21.12.10,2,0,unresolved_no_hanrei,
日本郵便晴海郵便局事件,東京高判,令和1.7.11,2,0,unresolved_no_hanrei,
朝鮮学校に対する襲撃事件,大阪高判,平成26.7.8,3,0,unresolved_no_hanrei,
東京都水道メーター談合事件,最高二小決,平成12.9.25,2,1,MERGE_party_alias,平成１０年（あ）１４８号
株式会社ロッテホールディングス事件,東京地判,平成29.4.13,2,0,unresolved_no_hanrei,
消費税法を制定した国会議員の立法行為を理由とする国賠訴訟,東京地判,平成2.3.26,3,0,unresolved_no_hanrei,
淡路五色カントリー倶楽部名称続用事件,最高二小判,平成16.2.20,2,6,SPLIT_confirmed,平成１４年（受）３９９号|平成１４年（受）９１２号|平成１５年（オ）１９３６号／平成１５年（受）２０５３号|平成１５年（オ）３８６号／平成１５年（受）３９０号|平成１５年（受）２８３号|平成１５年（許）４８号
熊本県漁連・佐賀県有明海漁協事件,公取委,令和6.5.15,3,0,unresolved_no_hanrei,
生活保護基準引下げ違憲訴訟,東京地判,令和4.6.24,3,0,unresolved_no_hanrei,
白山比〓神社御鎮座二千百年式年大祭奉賛会事件,最高一小判,平成22.7.22,3,6,SPLIT_confirmed,平成２０年（オ）１３１０号／平成２０年（受）１５８９号|平成２０年（オ）１３１１号|平成２０年（受）１５９０号|平成２０年（行ツ）２０２号|平成２２年（オ）１０３４号／平成２２年（受）１２６９号|平成２２年（行ツ）５３号／平成２２年（行ヒ）５４号
県立高校校長による生徒会誌掲載拒否事件,東京高判,平成16.2.25,3,0,unresolved_no_hanrei,
石川島播磨東2工場事件,東京高判,昭和59.10.31,3,0,unresolved_no_hanrei,
確定判決の効力を受ける第三者の民事訴訟,最高一小決,平成25.11.21,2,3,SPLIT_confirmed,平成２３年（受）９８９号|平成２４年（受）１０５号|平成２４年（許）４３号
社会保険庁職員国家公務員法違反事件,東京地判,平成18.6.29,2,0,unresolved_no_hanrei,
神戸ポートピアホテル預かり品盗難事件,最高二小判,平成15.2.28,3,1,MERGE_party_alias,平成１３年（受）１０６１号
第2種市街地再開発事業の事業計画決定と取消訴訟,大阪地判,昭和61.3.26,2,0,unresolved_no_hanrei,
総理大臣靖国神社参拝違憲訴訟,福岡地判,平成16.4.7,2,0,unresolved_no_hanrei,
繁藤災害訴訟,高松高判,昭和63.1.22,2,0,unresolved_no_hanrei,
自己発熱性・自己反応性化学物質製造物責任事件,東京高判,平成26.10.29,3,0,unresolved_no_hanrei,
葛飾マンション立入事件,最高二小判,平成21.11.30,3,0,unresolved_no_hanrei,
裁量労働制の適用を否定したK工房事件,京都地判,平成29.4.27,2,0,unresolved_no_hanrei,
複数不動産に関する同一の競売事件,最高一小判,平成11.4.22,2,7,SPLIT_confirmed,平成１０年（行ツ）６１号|平成１０年（行ツ）８１号|平成７年（オ）１６０号|平成８年（オ）２４２０号|平成８年（オ）９９９号|平成９年（オ）１１０４号
要指導医薬品対面販売規制違憲訴訟,東京高判,平成31.2.6,3,0,unresolved_no_hanrei,
認知症鉄道事故訴訟,名古屋高判,平成26.4.24,3,0,unresolved_no_hanrei,
近江八幡市献穀祭訴訟,大阪高判,平成10.12.15,3,0,unresolved_no_hanrei,
遅くとも同種の集団訴訟,最高二小判,平成23.4.22,2,5,SPLIT_confirmed,平成２０年（受）１９４０号|平成２１年（受）１３１号|平成２１年（受）１８３０号|平成２１年（受）５１６号|平成２２年（受）１０７９号
配当表に債権者として記載されていない者と配当異議訴訟,最高一小判,平成6.7.14,2,9,SPLIT_confirmed,平成２年（オ）１１２８号|平成２年（オ）３９１号|平成３年（オ）１７６２号|平成４年（オ）９９６号|平成５年（行ツ）１６４号|平成６年（オ）２６０号
鉄道建設・運輸施設整備支援機構事件,東京高判,平成21.3.25,2,0,unresolved_no_hanrei,
銀行の本部の担当部署から各営業店長等にあてて発出されたいわゆる社内通達文書であって一般的な業務遂行上の指針等が記載されたものが民事訴訟,最高二小決,平成18.2.17,2,1,MERGE_party_alias,平成１７年（許）３９号
長崎島原中国人技能実習生事件,長崎地判,平成25.3.4,2,0,unresolved_no_hanrei,
長銀配当損害賠償事件,東京地判,平成17.5.19,3,0,unresolved_no_hanrei,
電算機プログラムの無断複製販売をめぐる損害賠償請求事件,東京地判,昭和57.12.6,2,0,unresolved_no_hanrei,
靖國神社合祀情報提供行為国賠訴訟,最高二小判,令和7.1.17,3,1,MERGE_party_alias,令和６年（受）２７５号
首都圏青年ユニオン執行委員長ほか事件,東京地判,令和2.11.13,3,0,unresolved_no_hanrei,
高専機構賃下げ事件,東京地判,平成27.1.21,3,0,unresolved_no_hanrei,
LPガス事件,東京高判,平成17.4.27,2,0,unresolved_no_hanrei,
いずみ生協事件,大阪地堺支判,平成15.6.18,2,0,unresolved_no_hanrei,
ときめきメモリアル事件,最高三小判,平成13.2.13,2,4,SPLIT_confirmed,平成１１年（受）９５５号|平成１２年（受）１４６３号|平成１２年（行ツ）３０２号|平成９年（オ）６３６号
アップルジャパン対三星電子事件,知財高判,平成26.5.16,2,0,unresolved_no_hanrei,
オートオークション事件,東京高判,平成5.6.28,2,0,unresolved_no_hanrei,
サブリース訴訟,最高三小判,平成15.10.21,2,2,SPLIT_confirmed,平成１２年（受）１２３号|平成１２年（受）５７３号／平成１２年（受）５７４号
ザ・ウィンザー・ホテルズインターナショナル事件,札幌高判,平成24.10.19,2,0,unresolved_no_hanrei,
シンガー・ソーイング・メシーン事件,最高二小判,昭和48.1.19,2,1,MERGE_party_alias,昭和４４年（オ）１０７３号
ジュース表示事件,最高三小判,昭和53.3.14,2,1,MERGE_party_alias,昭和４９年（行ツ）９９号
セクハラ労災訴訟,札幌地判,平成27.3.6,2,0,unresolved_no_hanrei,
ディー・エヌ・エー事件,公取委,平成23.6.9,2,0,unresolved_no_hanrei,
ハマナカ毛糸事件,東京高判,平成23.4.22,2,0,unresolved_no_hanrei,
ハンプテイ商会ほか1社事件,東京地判,令和2.6.11,2,0,unresolved_no_hanrei,
ビックカメラ事件,東京高判,平成25.7.19,2,0,unresolved_no_hanrei,
フーズシステムほか事件,東京地判,平成30.7.5,2,0,unresolved_no_hanrei,
ベネッセコーポレーション事件,東京地判,平成8.6.28,2,0,unresolved_no_hanrei,
ホワイト・コーワ号事件,東京地判,平成23.7.15,2,0,unresolved_no_hanrei,
ラーメンフランチャイズ事件,最高一小決,平成22.3.15,2,0,unresolved_no_hanrei,
リニア中央新幹線入札談合刑事事件,東京高判,令和5.3.2,2,0,unresolved_no_hanrei,
リング・リング・サーカス事件,最高一小判,平成9.9.4,2,0,unresolved_no_hanrei,
三菱重工難聴訴訟,最高一小判,平成3.4.11,2,0,unresolved_no_hanrei,
予防接種ワクチン禍事件,東京地判,昭和59.5.18,2,0,unresolved_no_hanrei,
公共下水道用鉄蓋カルテル事件,公取委,平成5.9.10,2,0,unresolved_no_hanrei,
医療法人Y事件,東京高判,平成27.10.7,2,0,unresolved_no_hanrei,
協同飼料相場操縦事件,最高三小決,平成6.7.20,2,1,MERGE_party_alias,昭和６３年（あ）１１０２号
反射効と共同訴訟,最高一小判,昭和51.10.21,2,2,SPLIT_confirmed,昭和４９年（オ）７６３号|昭和４９年（オ）９３７号
古都保存協力税条例を争う訴訟,大阪高判,昭和60.11.29,2,0,unresolved_no_hanrei,
国際自動車事件,東京地判,平成30.6.14,2,0,unresolved_no_hanrei,
地方税の賦課徴収権と住民訴訟,最高三小判,昭和38.3.12,2,3,SPLIT_confirmed,昭和３４年（オ）４４号|昭和３５年（オ）７８１号|昭和３５年（オ）９９２号
地方裁判所に対して訴えの提起をして判決を求める民事訴訟,東京高決,令和5.5.25,2,0,unresolved_no_hanrei,
学校法人聖望学園ほか事件,東京地判,平成21.4.27,2,0,unresolved_no_hanrei,
実務と学説からみた憲法訴訟,最高二小判,令和5.11.17,2,0,unresolved_no_hanrei,
実務と学説からみた憲法訴訟,東京地判,令和4.6.30,2,0,unresolved_no_hanrei,
展カタログ事件,東京高判,平成15.5.28,2,0,unresolved_no_hanrei,
岡山県北生コンクリート協同組合事件,公取委,平成27.2.27,2,0,unresolved_no_hanrei,
日本放送協会事件,名古屋高判,平成30.6.26,2,0,unresolved_no_hanrei,
日本郵便事件,最高二小判,平成30.9.14,2,2,SPLIT_confirmed,平成２９年（受）３４７号|平成３０年（オ）８６１号／平成３０年（受）１０６０号
日本高周波鋼業事件,富山地高岡支判,昭和62.10.15,2,0,unresolved_no_hanrei,
旧道路公団鋼橋工事談合刑事事件,東京高判,平成19.12.7,2,0,unresolved_no_hanrei,
明治商事事件,最高二小判,昭和50.7.11,2,3,SPLIT_confirmed,昭和４６年（行ツ）８３号|昭和４９年（オ）１０５２号|昭和５０年（ク）３６号
東レエンタープライズ事件,大阪高判,平成25.12.20,2,0,unresolved_no_hanrei,
東京中郵慣行休息権事件,東京地判,平成3.8.7,2,0,unresolved_no_hanrei,
東京相和銀行仮装増資事件,東京地判,平成18.5.25,2,0,unresolved_no_hanrei,
東京都発注個人防護具入札談合事件,公取委,平成29.12.12,2,0,unresolved_no_hanrei,
東光高岳事件,東京地判,令和6.4.25,2,0,unresolved_no_hanrei,
東日本旅客鉄道事件,東京高判,平成5.2.10,2,0,unresolved_no_hanrei,
東日本電信電話事件,東京地判,平成21.11.16,2,0,unresolved_no_hanrei,
武蔵野市マンション日照妨害事件,東京高判,昭和60.3.26,2,0,unresolved_no_hanrei,
殖産住宅等贈収賄事件,最高二小決,昭和63.7.18,2,1,MERGE_party_alias,昭和５９年（あ）３４７号
着うた事件,公取委,平成20.7.24,2,0,unresolved_no_hanrei,
福井県経済農業協同組合連合会事件,公取委,平成27.1.16,2,0,unresolved_no_hanrei,
福島原発事故賠償訴訟,仙台高判,令和2.3.12,2,0,unresolved_no_hanrei,
経産省審議官インサイダー取引事件,最高一小決,平成28.11.28,2,0,unresolved_no_hanrei,
美容整形論争事件,東京地判,平成2.1.30,2,0,unresolved_no_hanrei,
藤田観光株価操作事件,東京地判,平成5.5.19,2,0,unresolved_no_hanrei,
西淀川大気汚染公害訴訟,大阪地判,平成7.7.5,2,0,unresolved_no_hanrei,
資生堂ほか1社事件,横浜地判,平成26.7.10,2,0,unresolved_no_hanrei,
足立税務署事件,最高二小判,昭和59.1.27,2,2,SPLIT_confirmed,昭和５６年（オ）５８３号|昭和５７年（行ツ）８２号
遺産につき相続人による共有物分割訴訟,最高三小判,昭和62.9.4,2,2,SPLIT_confirmed,昭和５９年（オ）５６９号|昭和６２年（行ツ）２１号
那覇市・孔子廟訴訟,,令和3.2.24,2,63,SPLIT_confirmed,令和１年（ワ）１３７７９号／令和２年（ワ）１６０８９号|令和１年（ワ）２１８３７号|令和１年（ワ）２７２２８号|令和１年（ワ）３０８３７号|令和１年（ワ）５７３号|令和１年（ワ）６４０号
野村證券事件,公取委,平成3.12.2,2,0,unresolved_no_hanrei,
鈴鹿さくら病院事件,,平成26.2.28,2,69,SPLIT_confirmed,平成２１年（ワ）１４３号|平成２２年（ワ）１２４９号|平成２２年（ワ）３０２９６号|平成２２年（ワ）４４３３４号／平成２４年（ワ）５６３９号|平成２３年（ワ）１００９号|平成２３年（ワ）１６０４２号
陸上自衛隊朝霞駐とん地事件,最高三小判,昭和61.12.19,2,2,SPLIT_confirmed,昭和５８年（オ）４０４号|昭和５９年（行ツ）６５号
雪印乳業・農林中金事件,公取委,昭和31.7.28,2,0,unresolved_no_hanrei,
電力カルテル事件,公取委,令和5.3.30,2,0,unresolved_no_hanrei,
昭和ゴム事件と野中教授への名誉毀損恫喝訴訟,東京地判,平成26.5.19,2,0,unresolved_no_hanrei,
金融機関が訴訟外の第三者として開示を求められた顧客情報が民事訴訟,最高三小決,平成19.12.11,2,0,unresolved_no_hanrei,
IBM事件,最高一小決,平成28.2.18,3,0,unresolved_no_hanrei,
ソロクト訴訟・楽生院訴訟,東京地判,平成17.10.25,3,0,unresolved_no_hanrei,
予防接種禍大阪集団訴訟事件,大阪地判,昭和62.9.30,2,0,unresolved_no_hanrei,
共有者を原告・被告とする訴訟における固有必要的共同訴訟,最高一小判,昭和31.5.10,3,4,SPLIT_confirmed,昭和２９年（オ）４号|昭和３０年（オ）４３６号|昭和３０年（オ）７１４号|昭和３１年（オ）７７号
多摩談合事件審決取消請求訴訟,東京高判,平成22.3.19,2,0,unresolved_no_hanrei,
岡山県北生コンクリート協同組合損害賠償事件,東京高判,平成29.4.21,2,0,unresolved_no_hanrei,
政党幹部宅の電話を複数の警察官が組織的に盗聴していた事件,東京地判,平成6.9.6,3,0,unresolved_no_hanrei,
生活保護老齢加算廃止違憲訴訟京都事件上告審判決・福岡事件,最高一小判,平成26.10.6,2,0,unresolved_no_hanrei,
いわゆる50年訴訟,東京高判,昭和60.4.24,3,0,unresolved_no_hanrei,
ガソリン廉売事件・LPガス差別対価事件,東京高判,平成17.5.31,2,0,unresolved_no_hanrei,
ケイマン諸島ダブルSPCに関するTH課税事件,最高二小判,令和5.11.6,2,2,SPLIT_confirmed,令和４年（行ヒ）２２８号／令和４年（行ヒ）２２９号|令和５年（し）７３５号
ナイトパブG7事件,東京高判,平成11.11.29,3,0,unresolved_no_hanrei,
ビルメンテナンス業団体による入札談合事件,公取委,平成5.5.14,3,0,unresolved_no_hanrei,
ポリプロピレン価格協定事件審決取消訴訟,公取委,平成19.8.8,2,0,unresolved_no_hanrei,
ロクラク〓事件・リツイート事件,最高一小判,平成23.1.20,2,3,SPLIT_confirmed,平成２１年（受）７８８号|平成２２年（オ）１０１９号／平成２２年（受）１２５１号|平成２２年（オ）１０２０号／平成２２年（受）１２５２号
不当労働行為救済命令取消請求訴訟,札幌地判,平成2.12.25,2,0,unresolved_no_hanrei,
不正競争防止法に基づく損害賠償請求控訴事件,東京高判,平成16.9.29,2,0,unresolved_no_hanrei,
代表者が既に個人として提起した損害賠償請求訴訟,東京高判,平成13.1.31,2,0,unresolved_no_hanrei,
体臭及び便臭を消す効果を標ぼうする商品の不当表示事件,公取委,平成22.2.24,3,0,unresolved_no_hanrei,
公害訴訟を提起した原告で構成する訴訟,東京高判,平成17.5.25,2,0,unresolved_no_hanrei,
勧告の公表に対する行政事件訴訟,東京高判,平成30.6.28,2,0,unresolved_no_hanrei,
即位儀式参列住民訴訟,最高二小判,平成16.6.28,3,1,MERGE_party_alias,平成１４年（行ツ）２７９号
原告が長期間にわたり訴訟,最高一小判,昭和63.4.14,3,2,SPLIT_confirmed,昭和６０年（オ）８７８号|昭和６３年（オ）２３５号
国土交通省3地方整備局発注鋼橋上部工事談合事件,公取委,平成21.9.16,3,0,unresolved_no_hanrei,
国立大学法人賃下げ訴訟,京都地判,平成27.5.7,2,0,unresolved_no_hanrei,
国鉄団交拒否事件・JR団交拒否事件,大阪地判,平成1.10.5,2,0,unresolved_no_hanrei,
国際航空貨物利用運送業務運賃カルテル事件,公取委,平成23.10.17,2,0,unresolved_no_hanrei,
外国税額控除余裕枠りそな銀行事件,大阪地判,平成13.12.14,2,0,unresolved_no_hanrei,
多摩談合事件審決取消訴訟,東京高判,平成21.5.29,2,0,unresolved_no_hanrei,
大手損保会社による企業向け保険に関する保険料率等調整事件,公取委,令和6.10.31,2,0,unresolved_no_hanrei,
大阪医科薬科大学事件,,令和2.10.13,2,27,SPLIT_confirmed,令和１年（ワ）１１７１８号|令和１年（ワ）１９０６４号|令和１年（ワ）２４０８８号|令和１年（ワ）２４２４０号|令和１年（ワ）２７０３１号|令和１年（ワ）３５１９５号
天皇風刺ビラ押収事件,大阪地判,昭和61.5.26,2,0,unresolved_no_hanrei,
安藤・斎藤国賠事件,最高三小判,平成12.2.22,2,1,MERGE_party_alias,平成５年（オ）１１８９号
所有権に基づき不動産の所有名義人の共同相続人らに対して所有権移転登記手続を求める訴訟,東京高判,昭和61.8.28,2,0,unresolved_no_hanrei,
控訴審で無罪が確定した殺人被告事件,東京高判,昭和58.10.20,2,0,unresolved_no_hanrei,
日本ユニシス株式相場操縦事件,東京地判,平成6.10.3,3,0,unresolved_no_hanrei,
日本航空JAL不当労働行為救済命令取消請求事件,東京地判,平成26.8.28,2,0,unresolved_no_hanrei,
東日本高速道路株式会社東北支社が発注する高速道路の舗装本復旧工事の入札談合事件,東京地判,平成30.11.8,2,0,unresolved_no_hanrei,
森友学園事件情報公開国家賠償訴訟,大阪地判,平成31.3.14,2,0,unresolved_no_hanrei,
永住外国人生活保護訴訟,最高二小判,平成26.7.18,3,3,SPLIT_confirmed,平成２４年（行ヒ）４５号|平成２４年（行ヒ）４５９号|平成２５年（受）９６５号
浜松市水道部事件,最高二小決,昭和47.2.10,3,1,MERGE_party_alias,昭和４６年（あ）１７６９号
無期転換直前の雇止め事件,横浜地判,令和2.2.27,3,0,unresolved_no_hanrei,
異性化糖・水あめ・ぶどう糖価格カルテル事件,東京高判,平成29.1.13,2,0,unresolved_no_hanrei,
破産管財人らに対する取引上の不法行為訴訟と民事訴訟,東京高決,平成15.3.26,2,0,unresolved_no_hanrei,
第2次ナウル共和国金融公社事件,東京地判,平成23.10.28,2,0,unresolved_no_hanrei,
米国前訴に対抗する消極的確認訴訟,大阪地判,令和3.1.21,2,0,unresolved_no_hanrei,
米軍根岸住宅地区訴訟,,令和3.3.5,2,25,SPLIT_confirmed,令和１年（ネ）１７５３号／令和２年（ネ）１８９１号|令和１年（ワ）１５８０９号|令和１年（ワ）２３４９９号|令和１年（ワ）２４３７７号|令和１年（ワ）３１３１１号|令和２年（オ）１３１２号／令和２年（受）１６０３号
自動車商品企画情報刑事事件,最高二小決,平成30.12.3,3,1,MERGE_party_alias,平成３０年（あ）５８２号
行政と現場も動かしたトヨタ過労死事件訴訟,名古屋地判,平成19.11.30,2,0,unresolved_no_hanrei,
訴訟係属中の承継人による共同訴訟,東京地判,平成19.6.27,2,0,unresolved_no_hanrei,
豊田商法国家賠償東京訴訟,東京地判,平成4.4.22,2,0,unresolved_no_hanrei,
軸受製造販売業者による価格カルテル事件,東京地判,平成27.2.4,2,0,unresolved_no_hanrei,
遺産分割の審判に対する即時抗告期間と訴訟,最高一小決,平成15.11.13,2,1,MERGE_party_alias,平成１５年（許）２１号
離婚に関する間接管轄と人事訴訟,東京地判,令和6.3.6,3,0,unresolved_no_hanrei,
000万円賠償事件,東京地判,平成7.11.27,2,0,unresolved_no_hanrei,
1971年沖縄協定批准阻止闘争事件,最高二小判,平成2.9.28,2,5,SPLIT_confirmed,平成１年（オ）１７３７号|昭和６２年（あ）４８６号|昭和６２年（オ）１５６６号|昭和６２年（オ）８２９号|昭和６３年（あ）１２９２号
4・11日教組スト事件,東京高判,昭和60.11.20,2,0,unresolved_no_hanrei,
5億円強奪事件,東京地判,昭和63.10.18,2,0,unresolved_no_hanrei,
ANA大阪空港事件,大阪地判,平成26.9.19,2,0,unresolved_no_hanrei,
BERETTA事件,東京高判,平成15.10.29,2,0,unresolved_no_hanrei,
FM信号復調装置事件,東京地判,平成11.4.22,2,0,unresolved_no_hanrei,
JASRAC排除型私的独占被疑事件,,平成24.6.12,2,6,SPLIT_confirmed,平成２２年（ワ）１５３号|平成２２年（ワ）８８９４号|平成２３年（ネ）３４９０号|平成２３年（ワ）１１５５号／平成２３年（ワ）１１５７号|平成２３年（ワ）９０１６号|平成２３年（行ツ）３１号／平成２３年（行ヒ）３８号
Japan事件,公取委,令和6.7.26,2,0,unresolved_no_hanrei,
NHK・JAPANデビュー事件,最高一小判,平成28.1.21,2,0,unresolved_no_hanrei,
NHK神戸放送局事件,神戸地判,平成26.6.5,2,0,unresolved_no_hanrei,
NTT三重偽装請負事件,京都地判,平成22.3.23,2,0,unresolved_no_hanrei,
NTT西日本配転事件,大阪高判,平成21.1.15,2,0,unresolved_no_hanrei,
Web事件,知財高判,平成25.12.11,2,0,unresolved_no_hanrei,
した販売業者をも含むとした事件,公取委,平成18.5.15,2,0,unresolved_no_hanrei,
ぬいぐるみタオルセット事件,大阪地判,平成10.9.10,2,0,unresolved_no_hanrei,
アメリカン・エキスプレス休職期間満了解雇事件,東京地判,平成26.11.26,2,0,unresolved_no_hanrei,
アルファーネット事件,最高三小決,平成13.7.16,2,0,unresolved_no_hanrei,
イレブン・ジャパン事件,東京地判,平成30.11.21,2,0,unresolved_no_hanrei,
エピクロロヒドリン事件,東京地判,平成27.4.28,2,0,unresolved_no_hanrei,
オリエンタルランド事件,東京地判,平成21.7.31,2,0,unresolved_no_hanrei,
ガソリンスタンド自動車盗難事件,東京高判,平成14.5.29,2,0,unresolved_no_hanrei,
クロロキン網膜症事件,東京高判,昭和63.3.11,2,0,unresolved_no_hanrei,
コンビニエンスストア本部による加盟店への優越的地位の濫用事件,,平成21.6.22,2,0,unresolved_no_hanrei,
コンビ事件,公取委,令和1.7.24,2,0,unresolved_no_hanrei,
コールド式パーマネントウェーブ液の製造業者による美容料金の拘束事件,審決,昭和58.7.6,2,0,unresolved_no_hanrei,
ゴルフ場運営会社の民事再生事件,東京高決,平成14.9.6,2,0,unresolved_no_hanrei,
シートカッター事件,最高二小判,平成29.7.10,2,1,MERGE_party_alias,平成２８年（受）６３２号
スティーブ・マックィーン肖像権侵害訴訟,東京地判,昭和55.11.10,2,0,unresolved_no_hanrei,
ストック・オプション税務訴訟,最高三小判,平成17.1.25,2,3,SPLIT_confirmed,平成１６年（オ）１８１３号／平成１６年（受）１９８８号|平成１６年（行ツ）１３３号／平成１６年（行ヒ）１４６号|平成１６年（行ヒ）１４１号
セントラル綜合サービス事件,東京地判,令和6.5.31,2,0,unresolved_no_hanrei,
ソキア株相場操縦に関する損害賠償事件,東京地判,平成19.10.5,2,0,unresolved_no_hanrei,
タキゲン事件,東京高判,令和3.5.20,2,0,unresolved_no_hanrei,
タトゥー施術業医師法違反事件,大阪高判,平成30.11.14,2,0,unresolved_no_hanrei,
ドラゴン・キーホルダー事件,東京地判,平成8.12.25,2,0,unresolved_no_hanrei,
ナショナル・ウエストミンスター銀行事件,東京地決,平成10.1.7,2,0,unresolved_no_hanrei,
ニックリサイクルトナーカートリッジ事件,大阪地判,平成29.1.31,2,0,unresolved_no_hanrei,
ネズミ撃退・駆除広告事件,公取委,平成11.10.1,2,0,unresolved_no_hanrei,
ノキアソリューションズ&ネットワークス事件,東京地判,平成31.2.27,2,0,unresolved_no_hanrei,
ノバルティス・アーゲー事件,最高二小判,平成11.10.22,2,3,SPLIT_confirmed,平成１０年（行ヒ）４３号|平成１０年（行ヒ）４４号|平成９年（オ）４３４号／平成９年（オ）４３５号
パチンコ平和事件,東京地判,平成9.4.25,2,0,unresolved_no_hanrei,
ファントム機墜落事件,横浜地判,昭和62.3.4,2,0,unresolved_no_hanrei,
フューチャーズ・フットボール・クラブ事件,東京地判,平成8.10.25,2,0,unresolved_no_hanrei,
ブラウン管カルテル事件,東京地判,平成28.1.29,2,0,unresolved_no_hanrei,
プラスパアパレル協同組合ほか事件,熊本地判,平成22.1.29,2,0,unresolved_no_hanrei,
プロ野球選手パブリシティ事件,知財高判,平成20.2.25,2,0,unresolved_no_hanrei,
マイクロシルエット事件,東京地判,平成15.2.20,2,0,unresolved_no_hanrei,
マンション法に関する2事件,横浜地判,昭和61.1.29,2,0,unresolved_no_hanrei,
モルガン・スタンレー・グループ事件,,令和6.6.27,2,43,SPLIT_confirmed,令和３年（ワ）１１９３６号|令和３年（ワ）１４２９２号／令和３年（ワ）１９８８６号／令和５年（ワ）１０７６１号|令和３年（ワ）２９１３号|令和３年（行ウ）８３号／令和３年（行ウ）２４１号|令和４年（ワ）２５７５５号|令和４年（ワ）３０１８３号
ヤマトロジスティクス事件,東京地判,平成20.9.30,2,0,unresolved_no_hanrei,
ライフサポート事件,大阪地判,令和3.4.22,2,0,unresolved_no_hanrei,
ラーメンフランチャイズ事件,東京地判,平成20.2.29,2,0,unresolved_no_hanrei,
ルブタン商品等表示事件,東京地判,令和4.3.11,2,0,unresolved_no_hanrei,
ヴィジュアル系バンド専属契約事件,知財高判,令和4.12.26,2,0,unresolved_no_hanrei,
三ッ星事件,大阪地決,令和4.7.1,2,0,unresolved_no_hanrei,
三井住友銀行条約法令漁り事件,大阪地判,平成13.5.18,2,0,unresolved_no_hanrei,
三菱重工業長崎造船所事件,長崎地判,昭和60.6.26,2,0,unresolved_no_hanrei,
上告審係属中における被告の破産と破産債権確定訴訟,最高二小判,昭和61.4.11,2,3,SPLIT_confirmed,昭和５５年（オ）４８８号|昭和５７年（オ）２７２号|昭和５８年（オ）１２０２号
上関原発用地入会権訴訟,最高一小判,平成20.4.14,2,0,unresolved_no_hanrei,
不動産の競売事件,東京地判,平成13.12.21,2,0,unresolved_no_hanrei,
不動産の詐取事件,最高二小判,令和2.3.6,2,1,MERGE_party_alias,平成３１年（受）６号
不動産競売事件,東京地判,平成6.10.28,2,0,unresolved_no_hanrei,
予防接種ワクチン事故九州訴訟,福岡地判,平成1.4.18,2,0,unresolved_no_hanrei,
井の頭踏切事故事件,最高二小判,昭和46.4.23,2,4,SPLIT_confirmed,昭和４０年（オ）５３６号|昭和４５年（オ）４０８号|昭和４５年（オ）４６号|昭和４５年（オ）８７９号
京都農業協同組合事件,,平成20.12.24,2,0,unresolved_no_hanrei,
伊予銀行・いよぎんスタッフサービス事件,最高二小決,平成21.3.27,2,0,unresolved_no_hanrei,
住友ゴム工業事件,,平成21.12.22,2,0,unresolved_no_hanrei,
住友銀行・出資法違反事件,最高三小決,平成11.7.6,2,1,MERGE_party_alias,平成８年（あ）６１９号
佐山鉄筋工業・海外事業サポート協同組合事件,大阪地判,令和5.9.28,2,0,unresolved_no_hanrei,
元経済産業省大臣官房審議官による内部者取引事件,東京地判,平成25.6.28,2,0,unresolved_no_hanrei,
光ファイバケーブル製品の製造業者による価格カルテル事件,公取委,平成23.12.15,2,0,unresolved_no_hanrei,
全逓川口地方支部事件,浦和地決,平成2.7.26,2,0,unresolved_no_hanrei,
公務災害遺族補償給付の男女格差訴訟,大阪地判,平成25.11.25,2,0,unresolved_no_hanrei,
共有物分割訴訟,東京地判,平成25.2.22,2,0,unresolved_no_hanrei,
兵庫県教委団交拒否事件,神戸地判,昭和63.2.19,2,0,unresolved_no_hanrei,
再発見・民事訴訟,最高一小判,昭和36.4.27,2,5,SPLIT_confirmed,昭和３３年（オ）１０７２号|昭和３３年（オ）１１３２号|昭和３３年（オ）６１９号|昭和３４年（オ）１２８１号|昭和３４年（オ）８５１号
判例に学ぶ民事訴訟,最高三小判,昭和47.2.15,2,2,SPLIT_confirmed,昭和４３年（オ）６２７号|昭和４５年（オ）１１５号
判例に学ぶ民事訴訟,最高一小判,昭和55.2.7,2,0,unresolved_no_hanrei,
判例に学ぶ民事訴訟,最高二小判,昭和43.5.31,2,2,SPLIT_confirmed,昭和４２年（オ）１０２３号|昭和４３年（オ）２３６号
別府マンション事件,最高二小判,平成19.7.6,2,0,unresolved_no_hanrei,
加野青果事件,名古屋高判,平成29.11.30,2,0,unresolved_no_hanrei,
北海道拓殖銀行栄木不動産事件,札幌高判,平成17.3.25,2,0,unresolved_no_hanrei,
北海道歯科用品商協同組合による販売先等制限事件,審決,昭和62.8.11,2,0,unresolved_no_hanrei,
北海道歯科用品商協同組合事件,公取委,昭和62.8.11,2,0,unresolved_no_hanrei,
北海道立夕張高校事件,札幌高判,昭和57.8.5,2,0,unresolved_no_hanrei,
医師の宿日直勤務に対する割増賃金の支払いを認めた事件,奈良地判,平成21.4.22,2,0,unresolved_no_hanrei,
千代田ビル管財事件,東京地判,平成18.7.26,2,0,unresolved_no_hanrei,
原発被害者の権利救済の道を開いた山木屋原発自死事件,福島地判,平成26.8.26,2,0,unresolved_no_hanrei,
君が代再雇用等不合格事件,東京地判,平成27.5.25,2,0,unresolved_no_hanrei,
商品陳列デザイン事件,大阪地判,平成22.12.16,2,0,unresolved_no_hanrei,
四天王寺国際仏教大学事件,大阪高決,平成1.2.8,2,0,unresolved_no_hanrei,
固有必要的共同訴訟,東京高判,平成4.12.17,2,0,unresolved_no_hanrei,
国・出雲労働基準監督署長事件,松江地判,令和3.5.31,2,0,unresolved_no_hanrei,
国・北九州東労働基準監督署長事件,福岡地判,令和4.3.18,2,0,unresolved_no_hanrei,
国籍法3条1項違憲訴訟,東京地判,平成17.4.13,2,0,unresolved_no_hanrei,
国鉄池袋電車区・蒲田電車区事件,東京地判,昭和63.2.24,2,0,unresolved_no_hanrei,
国鉄職員岩国デモ暴行免職事件,最高二小判,昭和56.12.18,2,4,SPLIT_confirmed,昭和５５年（オ）１号|昭和５６年（オ）３６０号|昭和５６年（オ）５９５号|昭和５６年（行ツ）１１９号
地方公共団体発注ストーカ炉入札談合事件,公取委,平成18.6.27,2,0,unresolved_no_hanrei,
地球温暖化防止情報公開訴訟,最高二小判,平成23.10.14,2,0,unresolved_no_hanrei,
外国航空機製造会社に対する製造物責任訴訟,,昭和59.3.27,2,18,SPLIT_confirmed,昭和４９年（ワ）１２６号|昭和５３年（ワ）８８１号|昭和５４年（行ツ）７４号|昭和５５年（オ）７８３号|昭和５５年（ワ）８７３４号|昭和５６年（ワ）２１０４号／昭和５７年（ワ）６９０号
外国裁判所による離婚判決が民事訴訟,東京家判,平成19.9.11,2,0,unresolved_no_hanrei,
外壁塗装リフォーム業者事件,大阪地判,平成31.4.11,2,0,unresolved_no_hanrei,
大和証券・日の出証券事件,大阪地判,平成27.4.24,2,0,unresolved_no_hanrei,
大学教授に対する懲戒解雇事件,大阪地判,平成27.11.18,2,0,unresolved_no_hanrei,
大学病院当直医割り箸看過事件,東京高判,平成20.11.20,2,0,unresolved_no_hanrei,
大林ファシリティーズ事件,最高二小決,平成19.10.19,2,0,unresolved_no_hanrei,
大津漁業協同組合事件,水戸地判,令和6.4.26,2,0,unresolved_no_hanrei,
大阪医科薬科大労契法20条事件,大阪地判,平成30.1.24,2,0,unresolved_no_hanrei,
太地町立くじらの博物館事件,和歌山地判,平成28.3.25,2,0,unresolved_no_hanrei,
家政婦兼訪問介護ヘルパー過労死事件,東京地判,令和4.9.29,2,0,unresolved_no_hanrei,
専修大学労災患者解雇事件,東京高判,平成28.9.12,2,0,unresolved_no_hanrei,
山中浅間神社入会事件,最高一小判,昭和57.7.1,2,4,SPLIT_confirmed,昭和５１年（オ）４２４号|昭和５３年（オ）６０８号|昭和５５年（オ）１０４５号|昭和５７年（オ）３２８号
川辺川ダム利水訴訟,熊本地判,平成12.9.8,2,0,unresolved_no_hanrei,
市立小学校に民間から赴任した校長が在任1年足らずで自死した事件,最高三小判,平成22.4.27,2,2,SPLIT_confirmed,平成２１年（受）１５２７号|平成２１年（受）２５２号／平成２１年（受）２５３号
希少車両の減価償却資産該当性・フェラーリ事件,東京地判,令和5.3.9,2,0,unresolved_no_hanrei,
帯広電報電話局控訴事件,札幌高判,昭和58.8.25,2,0,unresolved_no_hanrei,
平作川・吉井川等水害訴訟,最高二小判,平成8.7.12,2,9,SPLIT_confirmed,平成３年（オ）１５３４号|平成５年（オ）１３号|平成５年（オ）１７８８号|平成５年（オ）７９号|平成５年（行ツ）１５９号|平成７年（オ）２０８０号
平成21年改正独禁法2条9項4号が最初に適用されたトーニングシューズの再販事件,公取委,平成24.3.2,2,0,unresolved_no_hanrei,
平成28年7月10日執行の参議院選挙区選出議員選挙に係る定数訴訟,,平成28.7.10,2,0,unresolved_no_hanrei,
平成2年執行の衆議院議員選挙にかかる定数訴訟,東京高判,平成3.2.8,2,0,unresolved_no_hanrei,
広島県石油商業組合独禁法8条1項4号違反事件,公取委,平成8.6.13,2,0,unresolved_no_hanrei,
弁護士法人甲野弁護士事務所事件,横浜地川崎支判,令和3.4.27,2,0,unresolved_no_hanrei,
後順位担保権者によって提起された更生担保権確定訴訟,東京地判,平成13.7.11,2,0,unresolved_no_hanrei,
御國ハイヤー事件,高松高判,平成1.2.27,2,0,unresolved_no_hanrei,
愛知製鋼による告訴事件,名古屋地判,令和4.3.18,2,0,unresolved_no_hanrei,
提訴後に行われた総会決議の主張と訴訟,最高三小判,平成17.2.15,2,2,SPLIT_confirmed,平成１５年（オ）１５６９号／平成１５年（受）１６７１号|平成１５年（受）９９５号
損害賠償査定決定に対する異議訴訟,東京地判,平成17.6.14,2,0,unresolved_no_hanrei,
携帯液晶ゲーム事件,東京地判,平成12.7.12,2,0,unresolved_no_hanrei,
教科書検定第1次訴訟,東京高判,昭和61.3.19,2,0,unresolved_no_hanrei,
教科書検定第二次訴訟,最高一小判,昭和57.4.8,2,0,unresolved_no_hanrei,
敬愛学園事件,最高一小判,平成6.9.8,2,4,SPLIT_confirmed,平成３年（オ）１８１７号|平成５年（オ）７３４号|平成６年（オ）１０２５号|平成６年（オ）８９８号
断熱ドンホース事件,大阪地判,平成8.11.28,2,0,unresolved_no_hanrei,
新世紀ユニオン事件,大阪高判,平成23.2.25,2,0,unresolved_no_hanrei,
新和産業事件,大阪高判,平成25.4.25,2,0,unresolved_no_hanrei,
新宿労基署・宮崎橋脳出血死事件,東京高判,平成3.5.27,2,0,unresolved_no_hanrei,
新宿労基署事件,東京高判,平成14.7.11,2,0,unresolved_no_hanrei,
新日鐵在籍出向訴訟,最高二小判,平成15.4.18,2,2,SPLIT_confirmed,平成１１年（受）１５１９号|平成１１年（受）８０５号
新潟水道局職員パワハラ自死事件,新潟地判,令和4.11.24,2,0,unresolved_no_hanrei,
日刊工業新聞社事件,東京高判,平成20.2.13,2,0,unresolved_no_hanrei,
日本アイ・ビー・エム事件,東京地判,平成28.3.28,2,0,unresolved_no_hanrei,
日本オートマチックマシン事件,横浜地判,平成19.1.23,2,0,unresolved_no_hanrei,
日本サーファクタント工業事件,東京高判,令和6.8.28,2,0,unresolved_no_hanrei,
日本ヒルトン・ホテル事件,東京地判,平成14.3.11,2,0,unresolved_no_hanrei,
日本年金機構データプリントサービス入札談合事件,公取委,令和4.3.3,2,0,unresolved_no_hanrei,
日本振興銀行事件,東京地判,平成28.5.19,2,0,unresolved_no_hanrei,
日本政策金融公庫うつ病自殺事件,大阪高判,平成26.7.17,2,0,unresolved_no_hanrei,
日本織物加工株式のインサイダー取引事件,東京高判,平成10.9.21,2,0,unresolved_no_hanrei,
日本航空客室乗務員解雇事件,東京地判,平成24.3.30,2,0,unresolved_no_hanrei,
日本電信電話事件,最高二小判,平成12.3.31,2,1,MERGE_party_alias,平成８年（オ）１０２６号
早稲田大学江沢民主席講演会参加者名簿提出事件,東京地判,平成13.4.11,2,0,unresolved_no_hanrei,
昭和シェル石油事件,東京地判,平成21.6.29,2,0,unresolved_no_hanrei,
昭和リース対クレープハウス・ユニ事件,東京高判,平成22.10.27,2,0,unresolved_no_hanrei,
東京オリンピック・パラリンピック刑事事件,東京地判,令和6.7.11,2,0,unresolved_no_hanrei,
東宝・スバル事件,東京高判,昭和26.9.19,2,0,unresolved_no_hanrei,
東栄衣料・県南繊維協同組合事件,福島地白河支判,平成24.2.14,2,0,unresolved_no_hanrei,
東海地方予防接種禍集団訴訟,名古屋地判,昭和60.10.31,2,0,unresolved_no_hanrei,
東芝・日本電気入札談合事件,公取委,平成15.6.27,2,0,unresolved_no_hanrei,
株式会社の社外役員で構成される調査委員会の作成にかかる調査報告書が民事訴訟,大阪高決,令和1.7.3,2,0,unresolved_no_hanrei,
根抵当権設定登記後にされた賃貸人と賃借人との間の将来の賃料支払債務と従前の保証金返還債務との相殺合意が根抵当権者の物上代位による差押えに劣後するとして取立訴訟,東京地判,平成12.3.27,2,0,unresolved_no_hanrei,
横浜銀行事件,横浜地判,平成8.9.4,2,0,unresolved_no_hanrei,
機構内部に置かれた医療事故評価委員会から付託を受けた評価専門医が作成した医療事故報告書が民事訴訟,東京高決,平成23.5.17,2,0,unresolved_no_hanrei,
武蔵野市給水拒否刑事被告事件,東京地八王子支判,昭和59.2.24,2,0,unresolved_no_hanrei,
歯愛メディカル事件,東京地判,令和6.1.30,2,0,unresolved_no_hanrei,
沖縄国体日の丸焼却事件,那覇地判,平成5.3.23,2,0,unresolved_no_hanrei,
沖縄密約情報公開訴訟,最高二小判,平成26.7.14,2,1,MERGE_party_alias,平成２４年（行ヒ）３３号
洋書輸入業者カルテル事件,公取委,平成8.5.31,2,0,unresolved_no_hanrei,
浜中村主畜農協事件,公取委,昭和32.3.7,2,0,unresolved_no_hanrei,
炭素鋼製突合せ溶接式管継手の販売価格に関する基本合意型カルテル事件,公取委,令和4.12.15,2,0,unresolved_no_hanrei,
犯行当時18歳の殺人事件,広島高判,平成25.5.30,2,0,unresolved_no_hanrei,
瑞鳳小学校岡林脳内出血死事件,名古屋地判,平成1.12.22,2,0,unresolved_no_hanrei,
甲の乙に対する売買契約に基づく所有権移転登記手続を求める訴訟,最高三小判,平成6.9.27,2,3,SPLIT_confirmed,平成３年（オ）１１７０号|平成５年（オ）１９８７号|平成６年（オ）１１７０号
病院開設中止勧告事件,最高二小判,平成17.7.15,2,2,SPLIT_confirmed,平成１４年（行ヒ）２０７号|平成１６年（受）１６１１号
石油入札価格協定事件,東京高判,昭和31.11.9,2,0,unresolved_no_hanrei,
社会保険庁年金用シール談合課徴金事件,公取委,平成8.8.6,2,0,unresolved_no_hanrei,
社会福祉法人〓引福寿会事件,仙台高秋田支判,令和4.8.31,2,0,unresolved_no_hanrei,
社団法人K事件,神戸地判,平成17.9.28,2,0,unresolved_no_hanrei,
禁治産者の後見人がその就職前にした無権代理による訴えの提起および弁護士に対する訴訟,最高一小判,平成7.11.9,2,1,MERGE_party_alias,平成４年（オ）７３５号
福生ふれあいの友事件,東京地立川支判,平成25.2.13,2,0,unresolved_no_hanrei,
立川自衛隊宿舎イラク反戦ビラ入れ事件,東京地八王子支判,平成16.12.16,2,0,unresolved_no_hanrei,
立川防衛庁宿舎イラク反戦ビラ入れ事件,東京高判,平成17.12.9,2,0,unresolved_no_hanrei,
第2次千代田区特例選挙区違憲訴訟,最高二小判,平成11.1.22,2,4,SPLIT_confirmed,平成１０年（オ）１９５６号|平成１０年（オ）８７７号|平成１０年（行ツ）５９号|平成７年（行ツ）１００号
網走管内コンクリート製品協同組合事件,公取委,平成27.1.14,2,0,unresolved_no_hanrei,
総合花巻病院事件,最高一小判,昭和60.5.23,2,5,SPLIT_confirmed,昭和５６年（オ）１１７５号|昭和５７年（オ）１０１７号|昭和５７年（行ツ）１２６号|昭和５７年（行ツ）６３号|昭和６０年（あ）１０７号
群馬の森追悼碑訴訟,前橋地判,平成30.2.14,2,0,unresolved_no_hanrei,
群馬県東電事件,前橋地判,平成5.8.24,2,0,unresolved_no_hanrei,
自己には課税負担がないものと誤解して妻と締結した財産分与契約の効力が問われる民事訴訟,最高一小判,平成1.9.14,2,3,SPLIT_confirmed,昭和５９年（あ）２７０号|昭和６３年（オ）３８５号|昭和６３年（オ）７３４号
衆議院議員千葉6区小選挙区定数配分訴訟,東京高判,平成9.11.17,2,0,unresolved_no_hanrei,
製品差別化の程度が不明確な商品を対象とした再販売価格の拘束事件,公取委,令和6.12.19,2,0,unresolved_no_hanrei,
視覚障害教師教壇復帰訴訟,神戸地判,平成28.5.26,2,0,unresolved_no_hanrei,
記事名誉毀損事件,東京地判,昭和60.11.27,2,0,unresolved_no_hanrei,
訴状および判決の送達と再審訴訟,最高一小判,平成4.9.10,2,0,unresolved_no_hanrei,
訴訟上の相殺に供された債権を受働債権とする訴訟,東京地判,令和3.2.17,2,0,unresolved_no_hanrei,
証人等の氏名等の代替開示措置および条件付与等措置に関する刑事訴訟,最高二小決,平成30.7.3,2,1,MERGE_party_alias,平成３０年（し）１７０号
諫早湾土地改良事業における開門調査確定判決に基づく間接強制事件,最高二小決,平成27.1.22,2,2,SPLIT_confirmed,平成２６年（許）１７号|平成２６年（許）２６号
警備業法違憲訴訟,岐阜地判,令和3.10.1,2,0,unresolved_no_hanrei,
警視庁・HIV感染者退職強要事件,東京地判,平成15.5.28,2,0,unresolved_no_hanrei,
豊田商法国家賠償大阪訴訟,大阪高判,平成10.1.29,2,0,unresolved_no_hanrei,
豚肉差額関税事件,東京高判,平成25.11.27,2,0,unresolved_no_hanrei,
赤碕町長選挙違反事件,最高二小判,昭和56.6.26,2,2,SPLIT_confirmed,昭和５５年（あ）１４２号|昭和５５年（あ）３５３号
超時空要塞マクロス不正競争事件,東京地判,平成16.7.1,2,0,unresolved_no_hanrei,
農業協同組合による系統外出荷制限事件,公取委,平成29.3.29,2,0,unresolved_no_hanrei,
近時注目されるセクハラ事件,長崎地判,令和4.5.30,2,0,unresolved_no_hanrei,
遊佐町水循環条例事件,最高三小判,令和4.1.25,2,1,MERGE_party_alias,令和３年（行ツ）６４号／令和３年（行ツ）６５号
過去事例から学ぶ税務訴訟,東京地判,平成24.12.7,2,0,unresolved_no_hanrei,
過去事例から学ぶ税務訴訟,東京地判,平成25.10.30,2,0,unresolved_no_hanrei,
選挙供託金制度違憲訴訟,東京地判,令和1.5.24,2,0,unresolved_no_hanrei,
部活動顧問残業等による過労死の県・市の責任を全面的に認めた滑川中学校事件,富山地判,令和5.7.5,2,0,unresolved_no_hanrei,
郵便番号自動読取区分機類談合事件,公取委,平成22.10.25,2,0,unresolved_no_hanrei,
野村証券元従業員事件,東京地判,平成28.3.31,2,0,unresolved_no_hanrei,
野村證券事件,公取委,平成3.11.11,2,0,unresolved_no_hanrei,
金沢市庁舎前広場事件,金沢地判,令和2.9.18,2,0,unresolved_no_hanrei,
金沢市役所前広場訴訟,金沢地判,平成28.2.5,2,0,unresolved_no_hanrei,
鈴鹿さくら病院事件,名古屋高判,平成26.11.27,2,0,unresolved_no_hanrei,
鋼橋上部工入札談合事件,東京高判,平成19.9.21,2,0,unresolved_no_hanrei,
錦絵の写真転載事件,大阪地判,平成27.9.24,2,0,unresolved_no_hanrei,
関ヶ原署名調査事件,名古屋高判,平成24.4.27,2,0,unresolved_no_hanrei,
関西国際空港島新聞販売事件,大阪地判,平成16.6.9,2,0,unresolved_no_hanrei,
関西電力多奈川火力発電所事件,大阪地判,昭和59.2.28,2,0,unresolved_no_hanrei,
関西靖国訴訟,大阪高判,平成4.7.30,2,0,unresolved_no_hanrei,
電気マッサージ器兼用携帯ストラップ事件,東京地判,平成25.7.19,2,0,unresolved_no_hanrei,
非嫡出子住民票続柄記載国家賠償事件,東京高判,平成7.3.22,2,0,unresolved_no_hanrei,
非嫡出子相続分規定違憲訴訟,最高一小判,平成16.10.14,2,4,SPLIT_confirmed,平成１５年（オ）８０２号／平成１５年（受）８５５号|平成１６年（オ）７０１号|平成１６年（オ）８０３号／平成１６年（受）８２３号|平成１６年（オ）９９２号
駐留軍楚辺通信所用地等暫定使用違憲訴訟,最高一小判,平成15.11.27,2,2,SPLIT_confirmed,平成１３年（オ）４０８号|平成１５年（オ）１２９号／平成１５年（受）１４１号
高知談合事件,公取委,平成24.10.17,2,0,unresolved_no_hanrei,
鳴和タクシー事件,,昭和61.1.24,2,9,SPLIT_confirmed,昭和５３年（ワ）１１９０５号|昭和５５年（行ツ）４０号|昭和５７年（ワ）３４８２号／昭和５８年（ワ）８２０３号|昭和５８年（ワ）８２８号|昭和５８年（ワ）９５１号|昭和５９年（ネ）１７号
国鉄南延岡機関区事件,最高三小決,昭和49.7.16,7,4,SPLIT_confirmed,昭和４５年（あ）２３７３号|昭和４８年（あ）２７２１号|昭和４８年（オ）３５９号|昭和４８年（オ）８３９号
名古屋中職安笹島出張所事件,最高二小判,昭和27.11.21,6,3,SPLIT_confirmed,昭和２７年（あ）１１号|昭和２７年（オ）３３４号|昭和２７年（オ）３６７号
全林野青森事件,最高一小判,昭和62.3.19,5,0,unresolved_no_hanrei,
に係る国家賠償請求事件,京都地判,平成13.7.9,2,0,unresolved_no_hanrei,
先行事件開始決定後後行事件,東京高決,平成10.9.14,2,0,unresolved_no_hanrei,
北炭空地炭鉱事件,最高一小判,昭和24.12.22,4,1,MERGE_party_alias,昭和２４年（れ）１９８１号
東北電通局事件,最高三小決,昭和47.3.28,4,1,MERGE_party_alias,昭和４６年（あ）１４０２号
福岡中央労基署長事件,最高二小判,昭和57.5.28,4,2,SPLIT_confirmed,昭和５６年（オ）７５７号|昭和５７年（あ）９８号
CD利用明細書によるCDカード不正作出事件,東京地判,平成1.2.17,3,0,unresolved_no_hanrei,
いのちのとりで裁判・富山地裁判決と富山訴訟,富山地判,令和6.1.24,2,0,unresolved_no_hanrei,
みちのく銀行事件,最高一小判,平成12.9.9,2,0,unresolved_no_hanrei,
ブラウン管カルテル審決取消請求事件,東京高判,平成28.4.14,2,0,unresolved_no_hanrei,
先行事件は無剰余だが無剰余にならない後行事件,名古屋高決,平成16.12.7,2,0,unresolved_no_hanrei,
大阪市思想調査国賠訴訟,大阪地判,平成27.3.30,2,0,unresolved_no_hanrei,
大阪靖国訴訟,大阪地判,平成16.2.27,3,0,unresolved_no_hanrei,
宮入バルブ第一次事件,東京地決,昭和63.12.2,2,0,unresolved_no_hanrei,
専売公社徳島工場事件,最高三小判,昭和45.12.22,3,2,SPLIT_confirmed,昭和４２年（あ）２３０７号|昭和４３年（オ）２８３号
弁護士が侵入者に刺殺された事件において臨場した警察官らの義務違反を認めて国家賠償請求を一部認容した事件,仙台高秋田支判,平成31.2.13,2,0,unresolved_no_hanrei,
強い関連性を有する別件事件,金沢地決,平成28.3.31,2,0,unresolved_no_hanrei,
日本アジアグループ事件にみる最近の買収防衛策発動差止仮処分命令申立事件,名古屋地決,令和3.3.24,2,0,unresolved_no_hanrei,
通信販売業者による過去の販売価格を比較対照価格とする二重価格表示に対する景品表示法に基づく措置命令取消訴訟,大阪地裁判決,令和3.4.22,2,0,unresolved_no_hanrei,
B型肝炎感染者採用拒否事件,東京地判,平成15.6.20,2,0,unresolved_no_hanrei,
IT事業者による不当な取引妨害に関する確約事件,公取委,令和4.6.30,2,0,unresolved_no_hanrei,
JR九州等採用差別事件,,平成1.3.24,2,18,SPLIT_confirmed,平成１年（ヨ）１１７２号|平成１年（行ツ）３号|昭和５１年（ワ）８６１３号|昭和５３年（ワ）８７３号|昭和５６年（ワ）７９６号／昭和５６年（ワ）７９７号／昭和５７年（ワ）４３１号|昭和５７年（ワ）１６８１号
あけぼのタクシー事件,最高一小決,昭和55.9.25,2,0,unresolved_no_hanrei,
いわゆる第三伸栄丸故意海難事件,神戸地判,昭和57.3.29,2,0,unresolved_no_hanrei,
これを放置していたことが訴訟,東京地判,昭和58.10.24,2,0,unresolved_no_hanrei,
の弁論を分離して複数の判決がされた場合における共同訴訟,東京高判,平成6.6.29,2,0,unresolved_no_hanrei,
の派遣労働者労災事故死亡事件,東京地判,平成20.2.13,2,0,unresolved_no_hanrei,
みちのく銀行事件,青森地判,平成17.3.25,2,0,unresolved_no_hanrei,
キャッツ相場操縦事件,東京地判,平成17.3.11,2,0,unresolved_no_hanrei,
ケイラインロジスティックス事件,,平成24.10.26,2,13,SPLIT_confirmed,平成２１年（ワ）３号|平成２２年（ワ）１０３０５号／平成２２年（ワ）２２９４８号|平成２２年（ワ）１１９９３号|平成２２年（ワ）３８５２号|平成２２年（ワ）５０７０号／平成２３年（ワ）２８９号|平成２３年（ワ）２３３４号／平成２３年（ワ）４２００号／平成２４年（ワ）２５６３号
サンランドリー事件,東京地判,平成24.12.14,2,0,unresolved_no_hanrei,
シリーズ・民事訴訟,秋田地判,平成29.10.16,2,0,unresolved_no_hanrei,
シンエネコーポレーション事件,公取委,平成19.11.27,2,0,unresolved_no_hanrei,
セクハラ事件,,平成26.3.5,2,26,SPLIT_confirmed,平成２４年（ワ）１５５８１号|平成２４年（ワ）２２７４７号|平成２４年（ワ）３０４６０号／平成２５年（ワ）２５８８３号|平成２４年（ワ）３１３６２号|平成２４年（ワ）３３１１号|平成２４年（ワ）３６８７８号
ノースウエスト航空事件,東京高判,平成20.3.27,2,0,unresolved_no_hanrei,
バブル崩壊後の不動産値下げ販売訴訟,東京地判,平成15.2.3,2,0,unresolved_no_hanrei,
ブルドーザー事件,最高三小判,平成7.9.19,2,5,SPLIT_confirmed,平成４年（オ）１６２０号|平成４年（オ）５２４号|平成４年（行ツ）５２号|平成５年（オ）５４１号|平成５年（オ）５４２号
・国鉄鳥栖保線区事件,福岡地小倉支判,平成3.1.29,2,0,unresolved_no_hanrei,
三井化学工業事件,最高一小判,昭和27.1.17,2,1,MERGE_party_alias,昭和２６年（れ）１９５２号
中国人夫婦間での離婚・養育権争いと国際訴訟,東京高判,平成17.9.14,2,0,unresolved_no_hanrei,
主債務者のためには民事訴訟,東京高決,昭和61.5.8,2,0,unresolved_no_hanrei,
主観的予備的併合と同時審判申出共同訴訟,最高二小判,昭和43.3.8,2,4,SPLIT_confirmed,昭和４２年（オ）１０８８号|昭和４２年（オ）１２３９号|昭和４２年（オ）７６７号|昭和４２年（オ）９０１号
京都市交通局事件,最高二小判,平成16.7.12,2,1,MERGE_party_alias,平成１５年（行ヒ）１０９号
介護保険制度の崩壊を可視化したヘルパー国賠訴訟,最高二小決,令和7.3.12,2,0,unresolved_no_hanrei,
住友軽金属団体定期保険訴訟,名古屋高判,平成14.4.24,2,0,unresolved_no_hanrei,
住宅供給公社の職員による巨額横領事件,青森地判,平成18.2.28,2,0,unresolved_no_hanrei,
優生保護審査会文書の重要性と情報公開訴訟,大津地判,令和5.3.24,2,0,unresolved_no_hanrei,
再発見・民事訴訟,最高三小判,昭和41.11.22,2,7,SPLIT_confirmed,昭和３８年（オ）５１６号|昭和４０年（あ）２５２６号|昭和４０年（オ）３１９号|昭和４０年（オ）３６１号|昭和４１年（オ）２６３号|昭和４１年（オ）２８５号
利用者の視点から考える知的障害者施設の職員解雇訴訟,福岡地飯塚支決,平成19.1.12,2,0,unresolved_no_hanrei,
北陸新幹線融雪設備工事の条件付一般競争入札にかかる予定価格漏洩事件,東京地判,平成26.7.9,2,0,unresolved_no_hanrei,
原告が爾余の訴訟行為をしないため訴訟,仙台地判,平成5.6.30,2,0,unresolved_no_hanrei,
同族会社発行の社債利息のうち適正利率を超える部分の支払利息の否認事件,最高二小決,平成20.6.27,2,0,unresolved_no_hanrei,
同業他社への就職を理由とする退職金不支給事件,東京地判,平成15.9.19,2,0,unresolved_no_hanrei,
営業所閉鎖・整理解雇事件,大津地決,平成13.7.24,2,0,unresolved_no_hanrei,
国立マンション訴訟,東京高決,平成12.12.22,2,0,unresolved_no_hanrei,
国立大学法人賃下げ訴訟,水戸地土浦支判,平成27.7.17,2,0,unresolved_no_hanrei,
国立病院の独立行政法人化にともなう労働条件の不利益変更・雇止め事件,東京高判,平成23.3.30,2,0,unresolved_no_hanrei,
在日韓国人元日本兵の恩給訴訟,最高一小判,平成14.7.18,2,5,SPLIT_confirmed,平成１２年（行ツ）１９１号|平成１３年（受）１０９３号|平成１３年（行ヒ）１０４号|平成１４年（オ）６５７号|平成１４年（受）４２４号
地位・関係性を利用した継続的な性行為強要型セクハラ事件,東京高判,令和4.2.10,2,0,unresolved_no_hanrei,
外国人配偶者への離婚訴訟,東京高判,令和5.9.20,2,0,unresolved_no_hanrei,
婚姻共同生活を営んだことがない夫婦の離婚事件,福岡高判,平成21.4.10,2,0,unresolved_no_hanrei,
宮崎日日新聞社事件,宮崎地判,平成14.4.25,2,0,unresolved_no_hanrei,
専属的合意管轄と異なる法定管轄裁判所に提起された民事訴訟,神戸地尼崎支決,平成21.12.28,2,0,unresolved_no_hanrei,
当該訴えの提起後に区分所有者のために選任された民事訴訟,札幌地判,平成31.1.22,2,0,unresolved_no_hanrei,
当該陳述書が同訴訟,東京地判,平成13.4.25,2,0,unresolved_no_hanrei,
情報公開不開示賠償訴訟,鹿児島地判,平成13.10.1,2,0,unresolved_no_hanrei,
成田インターナショナルホテル事件,,昭和58.12.14,2,5,SPLIT_confirmed,昭和５７年（ネ）１５３６号|昭和５７年（ネ）５６９号|昭和５８年（ネ）２５８号|昭和５８年（ラ）４８８号|昭和５８年（レ）１８４号
扶養料支払を命じるシンガポール共和国判決の執行判決訴訟,千葉地判,令和6.7.19,2,0,unresolved_no_hanrei,
日本ニューホランド再雇用拒否事件,札幌地判,平成22.3.30,2,0,unresolved_no_hanrei,
日本電工事件,福島地郡山支判,昭和59.7.19,2,0,unresolved_no_hanrei,
日本高圧瓦斯工業事件,大阪地判,昭和59.7.25,2,0,unresolved_no_hanrei,
日野車体工業事件,最高三小判,昭和61.9.16,2,1,MERGE_party_alias,昭和６１年（オ）５３７号
旧小淵沢町公共工事談合住民訴訟,東京高判,平成23.3.23,2,0,unresolved_no_hanrei,
最高裁朝日放送事件,東京地判,平成16.5.17,2,0,unresolved_no_hanrei,
東京電力山梨事件,甲府地判,平成5.12.22,2,0,unresolved_no_hanrei,
東京高判平成22・10・29・ミュー事件,,平成22.10.29,2,20,SPLIT_confirmed,平成１８年（行ウ）４７２号等／平成１９年（行ウ）４７２号／平成１９年（行ウ）４９３号／平成１９年（行ウ）４９４号／平成１９年（行ウ）４９５号／平成１９年（行ウ）４９６号／平成１９年（行ウ）４９７号／平成１９年（行ウ）４９８号／平成１９年（行ウ）７１５号／平成１９年（行ウ）７８５号／平成２０年（行ウ）５５号／平成２０年（行ウ）１３２号／平成２０年（行ウ）１３３号／平成２０年（行ウ）４０４号／平成２０年（行ウ）４０５号／平成２０年（行ウ）４０６号／平成２０年（行ウ）４０７号／平成２０年（行ウ）４０８号／平成２０年（行ウ）６８６号／平成２０年（行ウ）７５６号／平成２０年（行ウ）３６７号|平成１９年（ワ）１６７８号|平成１９年（ワ）３１２５２号|平成２０年（ワ）１７１９６号|平成２０年（ワ）２７１３４号／平成２０年（ワ）２７４５０号|平成２０年（ワ）３６３０７号
業務委託契約不成立を理由とする解雇・採用拒否と損害賠償事件,大阪高判,平成13.3.6,2,0,unresolved_no_hanrei,
独立当事者参加がされたいわゆる3面訴訟,東京高判,平成3.12.17,2,0,unresolved_no_hanrei,
現実の犯罪事件,大阪高判,平成9.10.8,2,0,unresolved_no_hanrei,
石川島播磨重工業事件,東京地判,昭和57.7.14,2,0,unresolved_no_hanrei,
神奈川厚生農業協同組合連合会事件,東京高判,平成19.2.15,2,0,unresolved_no_hanrei,
自立支援をうたう違法な寄宿型施設監禁事件,横浜地判,令和7.5.15,2,0,unresolved_no_hanrei,
花王化粧品販売事件,審決,平成10.12.18,2,0,unresolved_no_hanrei,
西日本旅客鉄道事件,,平成24.10.31,2,23,SPLIT_confirmed,平成２０年（ワ）２４９７４号／平成２１年（ワ）１５３１２号|平成２１年（ワ）４０４７３号|平成２１年（ワ）７２号|平成２２年（ワ）４２６４８号／平成２３年（ワ）１５０９８号|平成２３年（ワ）１０２３号|平成２３年（ワ）１５３０４号
西田工業事件,最高三小決,昭和47.6.6,2,2,SPLIT_confirmed,昭和４４年（あ）１５７７号|昭和４６年（あ）９８９号
要指導医薬品対面販売規制事件,東京地判,平成29.7.18,2,0,unresolved_no_hanrei,
訴え提起時に管轄権のない事件,福岡高決,令和2.11.27,2,0,unresolved_no_hanrei,
過労死・過労自殺事件,神戸地判,平成16.6.10,2,0,unresolved_no_hanrei,
過去に理事職務代行者として関与した事件,福岡地決,令和5.8.30,2,0,unresolved_no_hanrei,
過去事例から学ぶ税務訴訟,宮崎地判,平成5.9.17,2,0,unresolved_no_hanrei,
過去事例から学ぶ税務訴訟,大阪地判,昭和58.2.8,2,0,unresolved_no_hanrei,
過去事例から学ぶ税務訴訟,横浜地判,平成4.9.30,2,0,unresolved_no_hanrei,
都市再生機構事件,東京地判,平成29.11.10,2,0,unresolved_no_hanrei,
重要な事項に関して虚偽記載のある有価証券報告書を提出した事件,最高二小判,平成21.12.7,2,0,unresolved_no_hanrei,
難病の素因があった従業員の過労死認定事件,千葉地判,平成17.9.21,2,0,unresolved_no_hanrei,
静岡エイプリル・フール訴訟,東京高判,平成27.7.30,2,0,unresolved_no_hanrei,
