endorsement_count,bib_id,isbn,title,sources
5,alo:book:isbn:9784641233324,9784641233324,株式会社法,businesslawyers;keisobiblio;keiyakuwatch;niben;shiseido
5,alo:book:isbn:9784641136090,9784641136090,株式会社法,businesslawyers;keisobiblio;keiyakuwatch;niben;shiseido
5,alo:book:isbn:9784641138650,9784641138650,株式会社法,businesslawyers;keisobiblio;keiyakuwatch;niben;shiseido
5,alo:book:isbn:9784641233522,9784641233522,契約書作成の実務と書式 : 企業実務家視点の雛形とその解説,businesslawyers;keisobiblio;keiyakuwatch;legaljobboard;shiseido
5,alo:book:isbn:9784641138148,9784641138148,契約書作成の実務と書式 : 企業実務家視点の雛形とその解説,businesslawyers;keisobiblio;keiyakuwatch;legaljobboard;shiseido
5,alo:book:isbn:9784641136595,9784641136595,契約書作成の実務と書式 : 企業実務家視点の雛形とその解説,businesslawyers;keisobiblio;keiyakuwatch;legaljobboard;shiseido
5,alo:book:isbn:9784535806856,9784535806856,労働法,businesslawyers;keisobiblio;keiyakuwatch;niben;shiseido
5,alo:book:isbn:9784335315602,9784335315602,労働法,businesslawyers;keisobiblio;keiyakuwatch;niben;shiseido
5,alo:book:isbn:9784844976035,9784844976035,労働法,businesslawyers;keisobiblio;keiyakuwatch;niben;shiseido
5,alo:book:isbn:9784335315473,9784335315473,労働法,businesslawyers;keisobiblio;keiyakuwatch;niben;shiseido
4,alo:book:isbn:9784785728229,9784785728229,独占禁止法,keisobiblio;keiyakuwatch;niben;shiseido
4,alo:book:isbn:9784335357510,9784335357510,独占禁止法,keisobiblio;keiyakuwatch;niben;shiseido
4,alo:book:manual:title_6238,9784641243668,独占禁止法,keisobiblio;keiyakuwatch;niben;shiseido
4,alo:book:isbn:9784535518186,9784535518186,法律文書作成の基本,keisobiblio;legaljobboard;niben;shiseido
4,alo:book:isbn:9784535523845,9784535523845,法律文書作成の基本,keisobiblio;legaljobboard;niben;shiseido
3,alo:book:isbn:9784130323895,9784130323895,会社法,businesslawyers;keiyakuwatch;shiseido
3,alo:book:isbn:9784641038004,9784641038004,会社法,businesslawyers;keiyakuwatch;shiseido
3,alo:book:isbn:9784535806863,9784535806863,会社法,businesslawyers;keiyakuwatch;shiseido
3,alo:book:isbn:9784641179110,9784641179110,会社法,businesslawyers;keiyakuwatch;shiseido
3,alo:book:isbn:9784130324014,9784130324014,会社法,businesslawyers;keiyakuwatch;shiseido
3,alo:book:isbn:9784788200326,9784788200326,会社法,businesslawyers;keiyakuwatch;shiseido
3,alo:book:isbn:9784785719265,9784785719265,会社法コンメンタール,businesslawyers;keiyakuwatch;shiseido
3,alo:book:isbn:9784785717889,9784785717889,会社法コンメンタール,businesslawyers;keiyakuwatch;shiseido
3,alo:book:isbn:9784785716769,9784785716769,会社法コンメンタール,businesslawyers;keiyakuwatch;shiseido
3,alo:book:isbn:9784785722043,9784785722043,会社法コンメンタール,businesslawyers;keiyakuwatch;shiseido
3,alo:book:isbn:9784785721664,9784785721664,会社法コンメンタール,businesslawyers;keiyakuwatch;shiseido
3,alo:book:isbn:9784785726683,9784785726683,会社法コンメンタール,businesslawyers;keiyakuwatch;shiseido
3,alo:book:isbn:9784785718121,9784785718121,会社法コンメンタール,businesslawyers;keiyakuwatch;shiseido
3,alo:book:isbn:9784785717780,9784785717780,会社法コンメンタール,businesslawyers;keiyakuwatch;shiseido
3,alo:book:isbn:9784785718213,9784785718213,会社法コンメンタール,businesslawyers;keiyakuwatch;shiseido
3,alo:book:isbn:9784785728564,9784785728564,会社法コンメンタール,businesslawyers;keiyakuwatch;shiseido
3,alo:book:isbn:9784785714741,9784785714741,会社法コンメンタール,businesslawyers;keiyakuwatch;shiseido
3,alo:book:isbn:9784785723972,9784785723972,会社法コンメンタール,businesslawyers;keiyakuwatch;shiseido
3,alo:book:isbn:9784785719067,9784785719067,会社法コンメンタール,businesslawyers;keiyakuwatch;shiseido
3,alo:book:isbn:9784785728755,9784785728755,会社法コンメンタール,businesslawyers;keiyakuwatch;shiseido
3,alo:book:isbn:9784785727420,9784785727420,会社法コンメンタール,businesslawyers;keiyakuwatch;shiseido
3,alo:book:isbn:9784785721671,9784785721671,会社法コンメンタール,businesslawyers;keiyakuwatch;shiseido
3,alo:book:isbn:9784785720698,9784785720698,会社法コンメンタール,businesslawyers;keiyakuwatch;shiseido
3,alo:book:isbn:9784785716455,9784785716455,会社法コンメンタール,businesslawyers;keiyakuwatch;shiseido
3,alo:book:isbn:9784785720537,9784785720537,会社法コンメンタール,businesslawyers;keiyakuwatch;shiseido
3,alo:book:isbn:9784785716752,9784785716752,会社法コンメンタール,businesslawyers;keiyakuwatch;shiseido
3,alo:book:isbn:9784785721169,9784785721169,会社法コンメンタール,businesslawyers;keiyakuwatch;shiseido
3,alo:book:isbn:9784785716127,9784785716127,会社法コンメンタール,businesslawyers;keiyakuwatch;shiseido
3,alo:book:isbn:9784785722104,9784785722104,会社法コンメンタール,businesslawyers;keiyakuwatch;shiseido
3,alo:book:isbn:9784502276910,9784502276910,業務委託契約書作成のポイント,businesslawyers;keiyakuwatch;shiseido
3,alo:book:isbn:9784502406010,9784502406010,業務委託契約書作成のポイント,businesslawyers;keiyakuwatch;shiseido
3,alo:book:isbn:9784845203710,9784845203710,新・労働法実務相談 : 職場トラブル解決のためのQ&A,businesslawyers;keiyakuwatch;shiseido
3,alo:book:isbn:9784785727970,9784785727970,個人情報保護法制大全,businesslawyers;keiyakuwatch;shiseido
3,alo:book:isbn:9784865564099,9784865564099,著作権法,businesslawyers;keiyakuwatch;shiseido
3,alo:book:isbn:9784492533680,9784492533680,事業担当者のための逆引きビジネス法務ハンドブック,businesslawyers;keiyakuwatch;shiseido
3,alo:book:isbn:9784492533987,9784492533987,事業担当者のための逆引きビジネス法務ハンドブック,businesslawyers;keiyakuwatch;shiseido
3,alo:book:isbn:9784492534397,9784492534397,事業担当者のための逆引きビジネス法務ハンドブック,businesslawyers;keiyakuwatch;shiseido
3,alo:book:isbn:9784502274718,9784502274718,M&Aの契約実務,keisobiblio;keiyakuwatch;shiseido
3,alo:book:isbn:9784535514898,9784535514898,我妻・有泉コンメンタール民法 : 総則・物権・債権,keisobiblio;keiyakuwatch;shiseido
3,alo:book:isbn:9784535525368,9784535525368,我妻・有泉コンメンタール民法 : 総則・物権・債権,keisobiblio;keiyakuwatch;shiseido
3,alo:book:isbn:9784326403059,9784326403059,著作権法コンメンタール,keisobiblio;keiyakuwatch;shiseido
3,alo:book:isbn:9784326403066,9784326403066,著作権法コンメンタール,keisobiblio;keiyakuwatch;shiseido
3,alo:book:isbn:9784326404001,9784326404001,著作権法コンメンタール,keisobiblio;keiyakuwatch;shiseido
3,alo:book:isbn:9784326403073,9784326403073,著作権法コンメンタール,keisobiblio;keiyakuwatch;shiseido
2,alo:book:isbn:9784788291249,9784788291249,会社法実務スケジュール,businesslawyers;shiseido
2,alo:book:manual:title_1074,,新版会社法実務スケジュール,businesslawyers;shiseido
2,alo:book:manual:title_3677,9784502447716,「会社法」法令集,businesslawyers;shiseido
2,alo:book:isbn:9784788283701,9784788283701,新民法対応契約審査手続マニュアル,businesslawyers;shiseido
2,alo:book:isbn:9784130311922,9784130311922,詳解労働法,businesslawyers;shiseido
2,alo:book:isbn:9784130312141,9784130312141,詳解労働法,businesslawyers;shiseido
2,alo:book:isbn:9784903613215,9784903613215,労働事件ハンドブック,businesslawyers;shiseido
2,alo:book:isbn:9784903613321,9784903613321,労働事件ハンドブック,businesslawyers;shiseido
2,alo:book:manual:title_2860,,60分で要点を理解する!個人情報保護法の実務における基礎,businesslawyers;shiseido
2,alo:book:manual:title_2605,,GLOBAL LAW UPDATE 台湾の最新法制度動向ー台湾個人情報保護法の最新改正動向について,businesslawyers;shiseido
2,alo:book:isbn:9784788282896,9784788282896,Q&A改正個人情報保護法と企業対応のポイント,businesslawyers;shiseido
2,alo:book:manual:title_4196,,Q&Aで学ぶ 企業におけるパーソナルデータ利活用の法律実務-令和2年改正個人情報保護法と実務対応-,businesslawyers;shiseido
2,alo:book:isbn:9784324103470,9784324103470,改正個人情報保護法対応ブック : Q&Aとチェックリストでよくわかる!,businesslawyers;shiseido
2,alo:book:isbn:9784502447518,9784502447518,中国個人情報保護法制の実務,businesslawyers;shiseido
2,alo:book:isbn:9784384049213,9784384049213,事業者必携最新特定商取引法・景品表示法・個人情報保護法の法律入門,businesslawyers;shiseido
2,alo:book:isbn:9784502359118,9784502359118,令和2年改正個人情報保護法Q&A,businesslawyers;shiseido
2,alo:book:manual:title_3886,9784539729090,すっきりまとめて解説個人情報保護法Q&A令和2年・令和3年改正,businesslawyers;shiseido
2,alo:book:isbn:9784384046816,9784384046816,すぐに役立つ入門図解改正対応!個人情報保護法とマイナンバー法のしくみ,businesslawyers;shiseido
2,alo:book:isbn:9784384047677,9784384047677,すぐに役立つ図解とQ&Aでわかる最新個人情報保護法と秘密保持契約をめぐる法律問題とセキュリティ対策,businesslawyers;shiseido
2,alo:book:manual:title_2798,,個人情報保護法の実務対応Q&A,businesslawyers;shiseido
2,alo:book:isbn:9784417017158,9784417017158,個人情報保護法の法律相談,businesslawyers;shiseido
2,alo:book:isbn:9784641228221,9784641228221,新・個人情報保護法の逐条解説,businesslawyers;shiseido
2,alo:book:manual:title_5256,,民法大改正&個人情報保護法,businesslawyers;shiseido
2,alo:book:isbn:9784817843975,9784817843975,"ストーリーとQ&Aで学ぶ改正個人情報保護法 : 取得,管理,利用,提供,漏えい,開示請求,越境移転,匿名加工情報,通信の秘密,位置情報,AI",businesslawyers;shiseido
2,alo:book:isbn:9784909712035,9784909712035,詳説個人情報保護法,businesslawyers;shiseido
2,alo:book:isbn:9784909712066,9784909712066,詳説次世代医療基盤法 : 医療分野の研究開発に資するための匿名加工医療情報に関する法律 : 医療情報の取り扱いを定めた個人情報保護法の特別法,businesslawyers;shiseido
2,alo:book:isbn:9784788288317,9784788288317,令和2年改正個人情報保護法の実務対応 : Q&Aと事例,businesslawyers;shiseido
2,alo:book:isbn:9784785730178,9784785730178,法律相談個人情報保護法,businesslawyers;shiseido
2,alo:book:manual:title_6140,9784797261332,個人情報保護法ガイドライン,businesslawyers;shiseido
2,alo:book:manual:title_6193,9784326404469,個人情報保護法コンメンタール,businesslawyers;shiseido
2,alo:book:manual:title_6071,,個人情報保護法実務の基礎,businesslawyers;shiseido
2,alo:book:isbn:9784297103262,9784297103262,良いウェブサービスを支える「利用規約」の作り方,businesslawyers;shiseido
2,alo:book:isbn:9784785727956,9784785727956,弁護士になった「その先」のこと。,businesslawyers;shiseido
2,alo:book:isbn:9784785728090,9784785728090,希望の法務 : 法的三段論法を超えて,businesslawyers;keiyakuwatch
2,alo:book:isbn:9784641243286,9784641243286,労働者側の実践知,businesslawyers;shiseido
2,alo:book:isbn:9784785727406,9784785727406,起業の法務 : 新規ビジネス設計のケースメソッド,businesslawyers;shiseido
2,alo:book:isbn:9784902625608,9784902625608,スキルアップのための企業法務のセオリー : 実務の基礎とルールを学ぶ,keiyakuwatch;shiseido
2,alo:book:isbn:9784641126268,9784641126268,条文の読み方,keisobiblio;keiyakuwatch
2,alo:book:isbn:9784502388019,9784502388019,株主間契約・合弁契約の実務,keiyakuwatch;shiseido
2,alo:book:isbn:9784502345913,9784502345913,ライセンス契約書作成のポイント,keiyakuwatch;shiseido
2,alo:book:isbn:9784535517271,9784535517271,債権総論,keiyakuwatch;shiseido
2,alo:book:isbn:9784797211641,9784797211641,債権総論,keiyakuwatch;shiseido
2,alo:book:manual:title_2763,9784000616904,債権総論,keiyakuwatch;shiseido
2,alo:book:manual:title_3434,9784535527126,債権総論,keiyakuwatch;shiseido
2,alo:book:isbn:9784535806993,9784535806993,債権総論,keiyakuwatch;shiseido
2,alo:book:isbn:9784589039637,9784589039637,債権総論,keiyakuwatch;shiseido
2,alo:book:isbn:9784474059450,9784474059450,債権総論,keiyakuwatch;shiseido
2,alo:book:isbn:9784474059467,9784474059467,債権総論,keiyakuwatch;shiseido
2,alo:book:isbn:9784641134393,9784641134393,債権総論,keiyakuwatch;shiseido
2,alo:book:isbn:9784535516595,9784535516595,契約法,keiyakuwatch;shiseido
2,alo:book:isbn:9784535806634,9784535806634,契約法,keiyakuwatch;shiseido
2,alo:book:isbn:9784474102934,9784474102934,論点体系会社法,keiyakuwatch;shiseido
2,alo:book:isbn:9784474103368,9784474103368,論点体系会社法,keiyakuwatch;shiseido
2,alo:book:isbn:9784474059535,9784474059535,論点体系会社法,keiyakuwatch;shiseido
2,alo:book:isbn:9784474059542,9784474059542,論点体系会社法,keiyakuwatch;shiseido
2,alo:book:isbn:9784474059559,9784474059559,論点体系会社法,keiyakuwatch;shiseido
2,alo:book:isbn:9784474059566,9784474059566,論点体系会社法,keiyakuwatch;shiseido
2,alo:book:isbn:9784474059573,9784474059573,論点体系会社法,keiyakuwatch;shiseido
2,alo:book:isbn:9784474059580,9784474059580,論点体系会社法,keiyakuwatch;shiseido
2,alo:book:isbn:9784641044654,9784641044654,独禁法講義,keiyakuwatch;shiseido
2,alo:book:isbn:9784641243088,9784641243088,独禁法講義,keiyakuwatch;shiseido
2,alo:book:isbn:9784335356025,9784335356025,条解独占禁止法,keiyakuwatch;shiseido
2,alo:book:isbn:9784335359019,9784335359019,条解独占禁止法,keiyakuwatch;shiseido
2,alo:book:isbn:9784417018285,9784417018285,下請法の法律相談,keiyakuwatch;shiseido
2,alo:book:isbn:9784641143739,9784641143739,著作権法入門,keiyakuwatch;shiseido
2,alo:book:isbn:9784641179547,9784641179547,知的財産法,keiyakuwatch;shiseido
2,alo:book:isbn:9784641044999,9784641044999,知的財産法,keiyakuwatch;shiseido
2,alo:book:isbn:9784335359323,9784335359323,条解著作権法,keiyakuwatch;shiseido
2,alo:book:isbn:9784908069567,9784908069567,若手弁護士のための初動対応の実務,legaljobboard;shiseido
2,alo:book:isbn:9784313511606,9784313511606,若手法律家のための法律相談入門,legaljobboard;shiseido
2,alo:book:isbn:9784313511767,9784313511767,若手法律家のための法律相談入門,legaljobboard;shiseido
2,alo:book:isbn:9784324100233,9784324100233,弁護士の周辺学 : 実務のための税務・会計・登記・戸籍の基礎知識,legaljobboard;shiseido
2,alo:book:isbn:9784788286818,9784788286818,交通事故事件の実務 : 裁判官の視点,legaljobboard;shiseido
2,alo:book:isbn:9784788279261,9784788279261,法律事務所の経理と税務,legaljobboard;osaka
2,alo:book:isbn:9784502387012,9784502387012,定款・各種規則の作成実務,legaljobboard;shiseido
2,alo:book:manual:title_1873,9784865561616,事例に学ぶ契約関係事件入門 : 事件対応の思考と実務,legaljobboard;shiseido
2,alo:book:isbn:9784896289343,9784896289343,事例に学ぶ建物明渡事件入門 : 権利実現の思考と実務,legaljobboard;shiseido
2,alo:book:isbn:9784865562156,9784865562156,事例に学ぶ損害賠償事件入門 : 事件対応の思考と実務,legaljobboard;shiseido
2,alo:book:manual:title_6327,9784865562033,事例に学ぶ刑事弁護入門 : 弁護方針完結の思考と実務,legaljobboard;shiseido
2,alo:book:manual:title_6332,,事例に学ぶ 成年後見入門〔第2版〕,legaljobboard;shiseido
2,alo:book:isbn:9784906531974,9784906531974,弁護のゴールデンルール,keisobiblio;niben
2,alo:book:isbn:9784324114179,9784324114179,要件事実マニュアル,niben;shiseido
2,alo:book:isbn:9784324114148,9784324114148,要件事実マニュアル,niben;shiseido
2,alo:book:isbn:9784324114155,9784324114155,要件事実マニュアル,niben;shiseido
2,alo:book:isbn:9784324107447,9784324107447,要件事実マニュアル,niben;shiseido
2,alo:book:isbn:9784324107454,9784324107454,要件事実マニュアル,niben;shiseido
2,alo:book:isbn:9784324107461,9784324107461,要件事実マニュアル,niben;shiseido
2,alo:book:isbn:9784324107478,9784324107478,要件事実マニュアル,niben;shiseido
2,alo:book:isbn:9784324107485,9784324107485,要件事実マニュアル,niben;shiseido
2,alo:book:isbn:9784324114162,9784324114162,要件事実マニュアル,niben;shiseido
2,alo:book:isbn:9784324114186,9784324114186,要件事実マニュアル,niben;shiseido
2,alo:book:isbn:9784324098417,9784324098417,Q&A証拠説明書・陳述書の実務,niben;shiseido
2,alo:book:isbn:9784785719883,9784785719883,労働関係訴訟の実務,niben;shiseido
2,alo:book:isbn:9784785726287,9784785726287,労働関係訴訟の実務,niben;shiseido
2,alo:book:isbn:9784641144811,9784641144811,知的財産法 : 入門,niben;shiseido
2,alo:book:isbn:9784004312666,9784004312666,知的財産法入門,niben;shiseido
2,alo:book:manual:title_6307,9784641243422,知的財産法入門,niben;shiseido
2,alo:book:isbn:9784502951909,9784502951909,知的財産法入門,niben;shiseido
2,alo:book:isbn:9784785727093,9784785727093,破産管財人の財産換価,niben;shiseido
2,alo:book:isbn:9784641129511,9784641129511,行政救済法,niben;shiseido
2,alo:book:isbn:9784641130586,9784641130586,行政救済法,niben;shiseido
2,alo:book:isbn:9784417016847,9784417016847,独占禁止法の法律相談,niben;shiseido
2,alo:book:isbn:9784417015185,9784417015185,独占禁止法の法律相談,niben;shiseido
2,alo:book:isbn:9784788286597,9784788286597,破産管財手続の運用と書式,osaka;shiseido
2,alo:book:isbn:9784877988449,9784877988449,少年事件ビギナーズ,osaka;shiseido
2,alo:book:isbn:9784324080085,9784324080085,立証の実務 : 証拠収集とその活用の手引,keisobiblio;shiseido
2,alo:book:isbn:9784324101780,9784324101780,立証の実務 : 証拠収集とその活用の手引,keisobiblio;shiseido
2,alo:book:isbn:9784817842480,9784817842480,デジタル証拠の法律実務Q&A,keisobiblio;shiseido
2,alo:book:isbn:9784817849045,9784817849045,デジタル証拠の法律実務Q&A,keisobiblio;shiseido
2,alo:book:isbn:9784322144833,9784322144833,証拠保全の実務,keisobiblio;shiseido
2,alo:book:isbn:9784322126839,9784322126839,証拠保全の実務,keisobiblio;shiseido
2,alo:book:isbn:9784324096970,9784324096970,契約書式実務全書,keisobiblio;shiseido
2,alo:book:isbn:9784324096987,9784324096987,契約書式実務全書,keisobiblio;shiseido
2,alo:book:isbn:9784324096994,9784324096994,契約書式実務全書,keisobiblio;shiseido
2,alo:book:isbn:9784324107522,9784324107522,契約書式実務全書,keisobiblio;shiseido
2,alo:book:isbn:9784324107508,9784324107508,契約書式実務全書,keisobiblio;shiseido
2,alo:book:isbn:9784324107515,9784324107515,契約書式実務全書,keisobiblio;shiseido
2,alo:book:isbn:9784788277519,9784788277519,若手弁護士のための民事裁判実務の留意点,keisobiblio;shiseido
2,alo:book:isbn:9784865560985,9784865560985,文書提出命令の理論と実務,keisobiblio;shiseido
2,alo:book:isbn:9784324113127,9784324113127,慰謝料算定の実務,keisobiblio;shiseido
2,alo:book:isbn:9784324068830,9784324068830,慰謝料算定の実務,keisobiblio;shiseido
2,alo:book:isbn:9784322141436,9784322141436,民事執行の実務,keisobiblio;shiseido
2,alo:book:isbn:9784322141429,9784322141429,民事執行の実務,keisobiblio;shiseido
2,alo:book:isbn:9784322132649,9784322132649,民事執行の実務,keisobiblio;shiseido
2,alo:book:isbn:9784322132656,9784322132656,民事執行の実務,keisobiblio;shiseido
2,alo:book:isbn:9784322132625,9784322132625,民事執行の実務,keisobiblio;shiseido
2,alo:book:isbn:9784322132632,9784322132632,民事執行の実務,keisobiblio;shiseido
2,alo:book:isbn:9784785720018,9784785720018,民事保全の実務,keisobiblio;shiseido
2,alo:book:isbn:9784322139679,9784322139679,民事保全の実務,keisobiblio;shiseido
2,alo:book:isbn:9784322139686,9784322139686,民事保全の実務,keisobiblio;shiseido
2,alo:book:isbn:9784535516625,9784535516625,コンメンタール借地借家(しゃくや)法,keisobiblio;shiseido
2,alo:book:isbn:9784535523319,9784535523319,コンメンタール借地借家法,keisobiblio;shiseido
2,alo:book:isbn:9784788281059,9784788281059,借地借家事件処理マニュアル,keisobiblio;shiseido
2,alo:book:isbn:9784535001435,9784535001435,コンメンタールマンション区分所有法,keisobiblio;shiseido
2,alo:book:isbn:9784785726478,9784785726478,特定商取引に関する法律の解説,keisobiblio;shiseido
2,alo:book:isbn:9784785725150,9784785725150,景品表示法,keisobiblio;shiseido
2,alo:book:isbn:9784326402922,9784326402922,逐条講義製造物責任法 : 基本的考え方と裁判例,keisobiblio;shiseido
2,alo:book:manual:title_4964,9784641243057,労働基準法,keisobiblio;shiseido
2,alo:book:isbn:9784313313934,9784313313934,未払い残業代請求法律実務マニュアル,keisobiblio;shiseido
2,alo:book:isbn:9784417014928,9784417014928,新・商標法概説,keisobiblio;shiseido
2,alo:book:isbn:9784417015895,9784417015895,新・商標法概説,keisobiblio;shiseido
2,alo:book:isbn:9784417017981,9784417017981,新・不正競争防止法概説,keisobiblio;shiseido
2,alo:book:isbn:9784335304552,9784335304552,特許法,keisobiblio;shiseido
2,alo:book:isbn:9784326403141,9784326403141,最新判例にみるインターネット上の名誉毀損の理論と実務,keisobiblio;shiseido
2,alo:book:isbn:9784817847195,9784817847195,離婚調停,keisobiblio;shiseido
2,alo:book:isbn:9784817844545,9784817844545,離婚調停,keisobiblio;shiseido
2,alo:book:isbn:9784322121919,9784322121919,任意売却の法律と実務,keisobiblio;shiseido
2,alo:book:isbn:9784817838605,9784817838605,家庭裁判所における遺産分割・遺留分の実務,keisobiblio;shiseido
2,alo:book:isbn:9784817844194,9784817844194,家庭裁判所における遺産分割・遺留分の実務,keisobiblio;shiseido
2,alo:book:isbn:9784417012108,9784417012108,大コンメンタール刑法,keisobiblio;shiseido
2,alo:book:manual:title_6340,9784417010654,大コンメンタール刑法,keisobiblio;shiseido
2,alo:book:manual:title_6344,9784417016564,大コンメンタール刑法,keisobiblio;shiseido
2,alo:book:manual:title_6353,9784417010623,大コンメンタール刑法,keisobiblio;shiseido
2,alo:book:isbn:9784417011002,9784417011002,大コンメンタール刑事訴訟法,keisobiblio;shiseido
2,alo:book:isbn:9784417011057,9784417011057,大コンメンタール刑事訴訟法,keisobiblio;shiseido
2,alo:book:isbn:9784417015352,9784417015352,大コンメンタール刑事訴訟法,keisobiblio;shiseido
2,alo:book:manual:title_6210,9784417018391,大コンメンタール刑事訴訟法,keisobiblio;shiseido
2,alo:book:manual:title_6160,9784417018940,大コンメンタール刑事訴訟法,keisobiblio;shiseido
2,alo:book:isbn:9784335360312,9784335360312,条解刑法,keisobiblio;shiseido
2,alo:book:isbn:9784335359279,9784335359279,条解刑法,keisobiblio;shiseido
2,alo:book:isbn:9784335353697,9784335353697,条解刑事訴訟法,keisobiblio;shiseido
2,alo:book:isbn:9784335359262,9784335359262,条解行政事件訴訟法,keisobiblio;shiseido
2,alo:book:isbn:9784326402724,9784326402724,国家賠償法コンメンタール,keisobiblio;shiseido
2,alo:book:isbn:9784417018148,9784417018148,行政関係訴訟,keisobiblio;shiseido
1,alo:book:isbn:9784785725464,9784785725464,会社法書式集,businesslawyers
1,alo:book:manual:title_3741,,英文契約書の読み方・直し方,businesslawyers
1,alo:book:isbn:9784820759836,9784820759836,ビジネス契約書の読み方・書き方・直し方 : 現役法務と顧問弁護士が実践している,businesslawyers
1,alo:book:isbn:9784502994906,9784502994906,新しい労使関係のための労働時間・休日・休暇の法律実務,businesslawyers
1,alo:book:isbn:9784417017912,9784417017912,データ利活用とプライバシー・個人情報保護 : 最新の実務問題に対する解決事例108,businesslawyers
1,alo:book:isbn:9784417018551,9784417018551,データ利活用とプライバシー・個人情報保護 : 最新の実務問題に対する解決事例108,businesslawyers
1,alo:book:isbn:9784534057549,9784534057549,起業の法務マネジメント : 経営者・スタートアップのための,businesslawyers
1,alo:book:isbn:9784502366314,9784502366314,企業法務入門,keiyakuwatch
1,alo:book:isbn:9784908069321,9784908069321,契約審査のベストプラクティス : ビジネス・リスクに備える契約類型別の勘所,keiyakuwatch
1,alo:book:isbn:9784785730314,9784785730314,ザ・コントラクト : 新しい契約実務の提案,keiyakuwatch
1,alo:book:manual:title_3448,,会社法入門 第三版,keiyakuwatch
1,alo:book:manual:title_5139,9784641137462,会社法入門,keiyakuwatch
1,alo:book:isbn:9784761275297,9784761275297,手にとるようにわかる会社法入門 : 企業法務のプロが書いた!,keiyakuwatch
1,alo:book:isbn:9784641144705,9784641144705,条文から学ぶ独占禁止法,keiyakuwatch
1,alo:book:manual:title_5673,,企業労働法実務入門【書式編】,keiyakuwatch
1,alo:book:isbn:9784817848659,9784817848659,成長を叶えるリーガルリスクマネジメントの教科書 : 攻めの法務,businessandlaw
1,alo:book:manual:title_6236,9784641126473,キャリアプランニングのための企業法務弁護士入門,businessandlaw
1,alo:book:isbn:9784502482014,9784502482014,実務解説サイバーセキュリティ法,businessandlaw
1,alo:book:isbn:9784313314269,9784313314269,8士業が解説中小企業支援者のための社長の終活 : 事業承継・M&A・清算・破産・経営者保証,bengo4times
1,alo:book:isbn:9784589043412,9784589043412,こうして勝ち抜いてきた税務争訟の闘い方 : 調査立会・不服申立て・訴訟,bengo4times
1,alo:book:isbn:9784817843555,9784817843555,弁護士のための事務所開設・運営の手引き,legaljobboard
1,alo:book:isbn:9784474054851,9784474054851,弁護士独立・経営の不安解消Q&A,legaljobboard
1,alo:book:isbn:9784818519275,9784818519275,事例に学ぶサイバーセキュリティ : 多様化する脅威への対策と法務対応,legaljobboard
1,alo:book:isbn:9784865564815,9784865564815,失敗事例に学ぶ生活保護の現場対応Q&A,legaljobboard
1,alo:book:manual:title_6301,9784865564136,事例に学ぶ行政事件訴訟入門 : 紛争解決の思考と実務,legaljobboard
1,alo:book:isbn:9784535516984,9784535516984,法廷弁護技術,niben
1,alo:book:manual:title_6296,9784641138582,数字でわかる会社法,niben
1,alo:book:isbn:9784891861834,9784891861834,労働事件審理ノート,niben
1,alo:book:isbn:9784785726126,9784785726126,著作権・商標・不競法関係訴訟の実務,niben
1,alo:book:isbn:9784785724184,9784785724184,事業再生におけるスポンサー選定のあり方,niben
1,alo:book:isbn:9784641215054,9784641215054,実務に効く公正取引審決判例精選,niben
1,alo:book:isbn:9784535512962,9784535512962,特定商取引法ハンドブック,niben
1,alo:book:isbn:9784535523647,9784535523647,特定商取引法ハンドブック,niben
1,alo:book:isbn:9784474056923,9784474056923,Q&Aで分かる法律事務職員実践ガイド,niben
1,alo:book:isbn:9784788290440,9784788290440,証拠・資料収集マニュアル : 立証計画と法律事務の手引,osaka
1,alo:book:manual:title_587,,法律事務の手引き 全訂第9版,osaka
1,alo:book:isbn:9784474029319,9784474029316,弁護士独立のすすめ,keisobiblio
1,alo:book:isbn:9784474073074,9784474073074,弁護士独立のすすめ,keisobiblio
1,alo:book:isbn:9784535512832,9784535512832,リーガル・リサーチ,keisobiblio
1,alo:book:isbn:9784535521629,9784535521629,リーガル・リサーチ,keisobiblio
1,alo:book:isbn:9784535516229,9784535516229,リーガル・リサーチ,keisobiblio
1,alo:book:isbn:9784326403080,9784326403080,契約の法務,keisobiblio
1,alo:book:isbn:9784502174117,9784502174117,秘密保持契約の実務 : 作成・交渉から平成27年改正不競法まで,keisobiblio
1,alo:book:isbn:9784502315916,9784502315916,秘密保持契約の実務 : 作成・交渉から営業秘密/限定提供データの最新論点まで,keisobiblio
1,alo:book:isbn:9784539726822,9784539726822,応用自在!内容証明作成のテクニック,keisobiblio
1,alo:book:manual:title_543,,書記官事務を中心とした和解条項に関する実証的研究 補訂版・和解条項記載例集,keisobiblio
1,alo:book:isbn:9784788273832,9784788273832,和解・調停モデル文例集,keisobiblio
1,alo:book:isbn:9784891861612,9784891861612,民事事実認定と立証活動,keisobiblio
1,alo:book:isbn:9784891861629,9784891861629,民事事実認定と立証活動,keisobiblio
1,alo:book:isbn:9784865564112,9784865564112,完全講義民事裁判実務の基礎,keisobiblio
1,alo:book:manual:title_5089,9784788284975,契約違反と信頼関係の破壊による建物賃貸借契約の解除 : 違反類型別賃貸人の判断のポイント,keisobiblio
1,alo:book:isbn:9784417018513,9784417018513,近隣紛争の法律相談,keisobiblio
1,alo:book:isbn:9784417016014,9784417016014,交通損害関係訴訟,keisobiblio
1,alo:book:isbn:9784326403219,9784326403219,消費者行政法 : 安全・取引・表示・個人情報保護分野における執行の実務,keisobiblio
1,alo:book:isbn:9784785727451,9784785727451,消費者相談マニュアル,keisobiblio
1,alo:book:manual:title_5901,,トップ・ミドルのための採用から退職までの法律知識〈十四訂〉,keisobiblio
1,alo:book:isbn:9784502072109,9784502072109,トップ・ミドルのための採用から退職までの法律知識,keisobiblio
1,alo:book:isbn:9784535806931,9784535806931,租税法,keisobiblio
1,alo:book:isbn:9784502459511,9784502459511,法務デューデリジェンスの実務 : M&Aを成功に導く,keisobiblio
1,alo:book:isbn:9784502975509,9784502975509,法務デューデリジェンスの実務 : M&Aを成功に導く,keisobiblio
1,alo:book:isbn:9784326403103,9784326403103,家事事件の理論と実務,keisobiblio
1,alo:book:isbn:9784326403110,9784326403110,家事事件の理論と実務,keisobiblio
1,alo:book:isbn:9784326403127,9784326403127,家事事件の理論と実務,keisobiblio
1,alo:book:isbn:9784324110430,9784324110430,使用貸借の法律と実務,keisobiblio
1,alo:book:isbn:9784817843944,9784817843944,経営権争奪紛争の法律と実務Q&A,keisobiblio
1,alo:book:isbn:9784817840196,9784817840196,Q&A借地借家の法律と実務,keisobiblio
1,alo:book:isbn:9784817843906,9784817843906,Q&A借地借家の法律と実務,keisobiblio
1,alo:book:isbn:9784384048698,9784384048698,すぐに役立つ入門図解最新マンション管理の法律と実務,keisobiblio
1,alo:book:isbn:9784788285286,9784788285286,不動産取引における傾斜地・がけ地・擁壁の法律と実務,keisobiblio
1,alo:book:manual:title_3878,9784384048902,最新不動産売買の法律と実務書式 : 事業者必携 : これだけは知っておきたい,keisobiblio
1,alo:book:isbn:9784384048087,9784384048087,すぐに役立つ最新借地借家の法律と実務書式87,keisobiblio
1,alo:book:isbn:9784384046656,9784384046656,債権回収の法律と実務 : 図解で早わかり,keisobiblio
1,alo:book:manual:title_5050,9784817845429,保証契約の法律と実務Q&A : 中小企業の経営者による個人保証,keisobiblio
1,alo:book:isbn:9784817843166,9784817843166,再生可能エネルギービジネスの法律と実務,keisobiblio
1,alo:book:isbn:9784817842602,9784817842602,建築瑕疵の法律と実務,keisobiblio
1,alo:book:isbn:9784539727102,9784539727102,Q&Aでわかる医療ビッグデータの法律と実務 : 次世代医療基盤法・匿名加工医療情報の活用,keisobiblio
1,alo:book:isbn:9784788284524,9784788284524,死因贈与の法律と実務,keisobiblio
1,alo:book:isbn:9784817841612,9784817841612,渉外不動産登記の法律と実務 : 相続、売買、準拠法に関する実例解説,keisobiblio
1,alo:book:manual:title_5116,,渉外不動産登記の法律と実務2―相続、売買、準拠法に関する実例解説―,keisobiblio
1,alo:book:isbn:9784384049671,9784384049671,事業者必携出産・育児・介護休業のための法律と実務,keisobiblio
1,alo:book:isbn:9784344927254,9784344927254,これですっきり!太陽光発電の法律と実務,keisobiblio
1,alo:book:isbn:9784865562873,9784865562873,個人情報漏洩対策の法律と実務 : 漏洩時の対応から事前対策まで,keisobiblio
1,alo:book:isbn:9784785709105,9784785709105,役員報酬の法律と実務,keisobiblio
1,alo:book:manual:title_6112,9784384049732,すぐに役立つ入門図解マンション管理の法律と実務,keisobiblio
1,alo:book:isbn:9784803726237,9784803726237,証書の作成と文例,keisobiblio
1,alo:book:isbn:9784803726176,9784803726176,証書の作成と文例,keisobiblio
1,alo:book:manual:title_1086,9784803726152,証書の作成と文例,keisobiblio
1,alo:book:isbn:9784803726213,9784803726213,証書の作成と文例,keisobiblio
1,alo:book:isbn:9784817841711,9784817841711,家庭裁判所における成年後見・財産管理の実務 : 成年後見人・不在者財産管理人・遺産管理人・相続財産管理人・遺言執行者,keisobiblio
1,alo:book:isbn:9784882602637,9784882602637,任意後見契約書の解説と実務,keisobiblio
1,alo:book:isbn:9784313313149,9784313313149,要約離婚判例171,keisobiblio
1,alo:book:isbn:9784877984977,9784877984977,実践!刑事弁護異議マニュアル,keisobiblio
1,alo:book:isbn:9784877986353,9784877986353,刑事弁護人のための隠語・俗語・実務用語辞典,keisobiblio
1,alo:book:isbn:9784860880293,9784860880293,犯罪事実記載の実務,keisobiblio
1,alo:book:isbn:9784589040046,9784589040046,親族・相続,shiseido
1,alo:book:isbn:9784641134867,9784641134867,親族・相続,shiseido
1,alo:book:isbn:9784641115392,9784641115392,親族・相続,shiseido
1,alo:book:isbn:9784785714161,9784785714161,コンメンタール会社法施行規則・電子公告規則,shiseido
1,alo:book:isbn:9784785716783,9784785716783,コンメンタール会社計算規則・商法施行規則,shiseido
1,alo:book:isbn:9784785722999,9784785722999,新株予約権ハンドブック,shiseido
1,alo:book:isbn:9784785723088,9784785723088,取締役・執行役ハンドブック,shiseido
1,alo:book:isbn:9784785722869,9784785722869,商業登記ハンドブック,shiseido
1,alo:book:isbn:9784785729165,9784785729165,会社分割ハンドブック,shiseido
1,alo:book:isbn:9784785727413,9784785727413,合併ハンドブック,shiseido
1,alo:book:isbn:9784785727178,9784785727178,コンプライアンス・内部統制ハンドブック,shiseido
1,alo:book:isbn:9784785725181,9784785725181,コンプライアンス・内部統制ハンドブック,shiseido
1,alo:book:isbn:9784785731717,9784785731717,IPOハンドブック,shiseido
1,alo:book:isbn:9784785729851,9784785729851,取締役・取締役会の法律実務Q&A,shiseido
1,alo:book:isbn:9784785709532,9784785709532,M&A法大全,shiseido
1,alo:book:isbn:9784785726867,9784785726867,M&A法大全,shiseido
1,alo:book:isbn:9784785726874,9784785726874,M&A法大全,shiseido
1,alo:book:isbn:9784641136984,9784641136984,M&A法大系,shiseido
1,alo:book:isbn:9784502274213,9784502274213,業種別法務デュー・ディリジェンス実務ハンドブック,shiseido
1,alo:book:isbn:9784502510717,9784502510717,業種別法務デュー・ディリジェンス実務ハンドブック,shiseido
1,alo:book:isbn:9784785728007,9784785728007,M&Aにおける労働法務DDのポイント,shiseido
1,alo:book:isbn:9784785722852,9784785722852,M&A実務の基礎,shiseido
1,alo:book:isbn:9784785726461,9784785726461,M&A実務の基礎,shiseido
1,alo:book:isbn:9784785726003,9784785726003,M&A契約 : モデル条項と解説,shiseido
1,alo:book:isbn:9784502276118,9784502276118,中小企業買収の法務 : 事業承継型M&A・ベンチャー企業M&A,shiseido
1,alo:book:isbn:9784502504419,9784502504419,中小企業買収の法務 : 事業承継型M&A・スタートアップM&A,shiseido
1,alo:book:isbn:9784785731984,9784785731984,事業譲渡の実務,shiseido
1,alo:book:isbn:9784641138452,9784641138452,会社・株主間契約の理論と実務 : 合弁事業・資本提携・スタートアップ投資,shiseido
1,alo:book:isbn:9784502197116,9784502197116,資本・業務提携の実務,shiseido
1,alo:book:isbn:9784502533617,9784502533617,スタートアップの法務A to Z : 起業からIPOまで,shiseido
1,alo:book:isbn:9784883843596,9784883843596,金融商品取引法,shiseido
1,alo:book:manual:title_5946,,金融商品取引法〔青林書院〕,shiseido
1,alo:book:isbn:9784785732080,9784785732080,ファイナンス法大全,shiseido
1,alo:book:isbn:9784785732097,9784785732097,ファイナンス法大全,shiseido
1,alo:book:isbn:9784502119712,9784502119712,買収ファイナンスの法務,shiseido
1,alo:book:isbn:9784502287619,9784502287619,買収ファイナンスの法務,shiseido
1,alo:book:isbn:9784785729240,9784785729240,エクイティ・ファイナンスの理論と実務,shiseido
1,alo:book:isbn:9784322139822,9784322139822,ファンドビジネスの法務,shiseido
1,alo:book:isbn:9784785728700,9784785728700,ファンド契約の実務Q&A,shiseido
1,alo:book:isbn:9784322128208,9784322128208,逐条解説不動産特定共同事業法,shiseido
1,alo:book:isbn:9784502392511,9784502392511,不動産ファイナンスの法務と契約実務,shiseido
1,alo:book:isbn:9784335358265,9784335358265,条解破産法,shiseido
1,alo:book:isbn:9784335355998,9784335355998,条解破産法,shiseido
1,alo:book:isbn:9784322126624,9784322126624,破産管財の手引,shiseido
1,alo:book:isbn:9784641138773,9784641138773,破産法・民事再生法,shiseido
1,alo:book:isbn:9784641137448,9784641137448,破産法・民事再生法,shiseido
1,alo:book:isbn:9784641136731,9784641136731,破産法・民事再生法,shiseido
1,alo:book:isbn:9784322135244,9784322135244,破産実務Q&A220問,shiseido
1,alo:book:isbn:9784641133273,9784641133273,倒産処理法入門,shiseido
1,alo:book:manual:title_6226,9784641233256,倒産処理法入門,shiseido
1,alo:book:isbn:9784322132892,9784322132892,個人再生の実務Q&A120問,shiseido
1,alo:book:isbn:9784000248693,9784000248693,民事訴訟法,shiseido
1,alo:book:isbn:9784641179257,9784641179257,民事訴訟法,shiseido
1,alo:book:isbn:9784641138490,9784641138490,民事訴訟法,shiseido
1,alo:book:manual:title_6235,9784641159587,民事訴訟法,shiseido
1,alo:book:isbn:9784474063372,9784474063372,企業法務のための民事訴訟の実務解説,shiseido
1,alo:book:isbn:9784474078765,9784474078765,企業法務のための民事訴訟の実務解説,shiseido
1,alo:book:isbn:9784474096325,9784474096325,企業法務のための民事訴訟の実務解説,shiseido
1,alo:book:isbn:9784324115442,9784324115442,民事保全・非訟マニュアル : 書式のポイントと実務 : 証拠保全付き,shiseido
1,alo:book:isbn:9784324106433,9784324106433,民事保全・非訟マニュアル : 書式のポイントと実務 : 証拠保全付き,shiseido
1,alo:book:isbn:9784417015024,9784417015024,労働関係訴訟,shiseido
1,alo:book:isbn:9784417018261,9784417018261,労働関係訴訟,shiseido
1,alo:book:isbn:9784417018278,9784417018278,労働関係訴訟,shiseido
1,alo:book:isbn:9784785728366,9784785728366,企業結合ガイドライン,shiseido
1,alo:book:isbn:9784502064203,9784502064203,商標法,shiseido
1,alo:book:manual:title_6185,,最新 不正競争防止法概説 上巻,shiseido
1,alo:book:manual:title_6184,,最新 不正競争防止法概説 下巻,shiseido
1,alo:book:isbn:9784896280654,9784896280654,取引基本契約書の作成と審査の実務,shiseido
1,alo:book:isbn:9784641126572,9784641126572,企業法務のリーガル・リサーチ,shiseido
1,alo:book:isbn:9784417018711,9784417018711,家事事件手続,shiseido
1,alo:book:isbn:9784417018728,9784417018728,家事事件手続,shiseido
1,alo:book:isbn:9784417018735,9784417018735,家事事件手続,shiseido
1,alo:book:isbn:9784641134034,9784641134034,家事事件手続法,shiseido
1,alo:book:isbn:9784788286009,9784788286009,離婚に伴う財産分与 : 裁判官の視点にみる分与の実務,shiseido
1,alo:book:isbn:9784417018605,9784417018605,離婚調停・離婚訴訟,shiseido
1,alo:book:isbn:9784417016137,9784417016137,離婚調停・離婚訴訟,shiseido
1,alo:book:isbn:9784324064047,9784324064047,離婚・離縁事件実務マニュアル,shiseido
1,alo:book:isbn:9784324099384,9784324099384,離婚・離縁事件実務マニュアル,shiseido
1,alo:book:isbn:9784865564914,9784865564914,実践訴訟戦術,shiseido
1,alo:book:isbn:9784324100615,9784324100615,遺産分割実務マニュアル,shiseido
1,alo:book:isbn:9784324109274,9784324109274,遺産分割実務マニュアル,shiseido
1,alo:book:isbn:9784474059924,9784474059924,こんなところでつまずかない!相続事件21のメソッド,shiseido
1,alo:book:isbn:9784474062115,9784474062115,こんなところでつまずかない!交通事故事件の実務用語辞典,shiseido
1,alo:book:isbn:9784417017370,9784417017370,後遺障害入門 : 認定から訴訟まで,shiseido
1,alo:book:isbn:9784417018162,9784417018162,類型別労働関係訴訟の実務,shiseido
1,alo:book:isbn:9784417018179,9784417018179,類型別労働関係訴訟の実務,shiseido
1,alo:book:isbn:9784417017233,9784417017233,類型別労働関係訴訟の実務,shiseido
1,alo:book:isbn:9784324107539,9784324107539,新労働事件実務マニュアル,shiseido
1,alo:book:isbn:9784324102497,9784324102497,新労働事件実務マニュアル,shiseido
1,alo:book:isbn:9784903867205,9784903867205,新労働相談実践マニュアル,shiseido
1,alo:book:manual:title_4778,9784817846150,労働事件の基本と実務 : 紛争類型別手続と事件処理の流れ、書式,shiseido
1,alo:book:manual:title_4920,9784817845719,ハラスメント事件の基本と実務 : モデルストーリーとその実務、書式と裁判例,shiseido
1,alo:book:isbn:9784322135565,9784322135565,破産・民事再生の実務,shiseido
1,alo:book:isbn:9784322135572,9784322135572,破産・民事再生の実務,shiseido
1,alo:book:isbn:9784417015987,9784417015987,破産管財実践マニュアル,shiseido
1,alo:book:isbn:9784896289190,9784896289190,破産管財BASIC : チェックポイントとQ&A,shiseido
1,alo:book:isbn:9784865561371,9784865561371,破産管財PRACTICE : 留意点と具体的処理事例,shiseido
1,alo:book:isbn:9784865563757,9784865563757,破産管財ADVANCED : 応用事例の処理方法と書式,shiseido
1,alo:book:isbn:9784785720278,9784785720278,民事再生の手引,shiseido
1,alo:book:isbn:9784785725822,9784785725822,民事再生の手引,shiseido
1,alo:book:isbn:9784891861957,9784891861957,個人再生の手引,shiseido
1,alo:book:isbn:9784335313820,9784335313820,債権回収のチェックポイント,shiseido
1,alo:book:isbn:9784335354885,9784335354885,条解民事訴訟法,shiseido
1,alo:book:isbn:9784324090565,9784324090565,総論・民法1,shiseido
1,alo:book:manual:title_5489,,要件事実マニュアル 第5版 第3巻 商事・手形・執行・破産・保険・金融・知的財産,shiseido
1,alo:book:isbn:9784324101704,9784324101704,家事事件・人事訴訟,shiseido
1,alo:book:isbn:9784896284621,9784896284621,Q&A過払金返還請求の手引 : サラ金からの簡易・迅速な回収をめざして,shiseido
1,alo:book:isbn:9784785720858,9784785720858,会社訴訟の基礎,shiseido
1,alo:book:isbn:9784474077034,9784474077034,法律家のための税法,shiseido
1,alo:book:isbn:9784474058187,9784474058187,法律家のための税法,shiseido
1,alo:book:isbn:9784474033061,9784474033061,法律家のための税法,shiseido
1,alo:book:isbn:9784817850065,9784817850065,Q&A若手弁護士からの相談423問,shiseido
1,alo:book:isbn:9784817847836,9784817847836,Q&A若手弁護士からの相談203問,shiseido
1,alo:book:isbn:9784817848680,9784817848680,Q&A若手弁護士からの相談199問 : 特別編-企業法務・キャリアデザイン,shiseido
1,alo:book:isbn:9784817849557,9784817849557,Q&A若手弁護士からの相談99問 : 特別編-リーガルリサーチ,shiseido
1,alo:book:isbn:9784313512160,9784313512160,裁判官!当職もっと本音が知りたいのです。 : 民事訴訟の説得力が上がる本,shiseido
1,alo:book:isbn:9784785723392,9784785723392,訴訟の技能 : 会社訴訟・知財訴訟の現場から,shiseido
1,alo:book:isbn:9784474076723,9784474076723,こんなところでつまずかない!弁護士21のルール,shiseido
1,alo:book:isbn:9784313511637,9784313511637,裁判官はこう考える弁護士はこう実践する民事裁判手続,shiseido
1,alo:book:isbn:9784324105795,9784324105795,"民事反対尋問のスキル : いつ,何を,どう聞くか?",shiseido
1,alo:book:manual:title_6251,9784313511989,失敗事例でわかる!民事尋問のゴールデンルール30,shiseido
1,alo:book:isbn:9784313511705,9784313511705,若手法律家のための民事尋問戦略,shiseido
1,alo:book:isbn:9784335313905,9784335313905,裁判書類作成・尋問技術のチェックポイント,shiseido
1,alo:book:isbn:9784903425900,9784903425900,弁護士倫理,shiseido
1,alo:book:manual:title_5158,9784788284616,不貞慰謝料の算定事例集 : 判例分析に基づく客観的な相場観,shiseido
1,alo:book:manual:title_3845,,明日、相談を受けても大丈夫!慰謝料請求事件の基本と実務,shiseido
1,alo:book:manual:title_4779,9784817846143,刑事・少年事件の基本と実務 : モデル事例で学ぶ実務、書式とポイント,shiseido
1,alo:book:isbn:9784641139145,9784641139145,刑事弁護の基礎知識,shiseido
1,alo:book:isbn:9784417018223,9784417018223,コンメンタール家事事件手続法,shiseido
1,alo:book:isbn:9784417018230,9784417018230,コンメンタール家事事件手続法,shiseido
1,alo:book:isbn:9784417016298,9784417016298,家事事件手続書式体系,shiseido
1,alo:book:isbn:9784417016304,9784417016304,家事事件手続書式体系,shiseido
1,alo:book:isbn:9784417017493,9784417017493,家事事件手続書式体系,shiseido
1,alo:book:isbn:9784417017509,9784417017509,家事事件手続書式体系,shiseido
1,alo:book:isbn:9784906929603,9784906929603,家事事件手続法下における書記官事務の運用に関する実証的研究 : 別表第一事件を中心に,shiseido
1,alo:book:isbn:9784906929696,9784906929696,家事事件手続法下における書記官事務の運用に関する実証的研究 : 家事調停事件及び別表第二審判事件を中心に,shiseido
1,alo:book:isbn:9784335353710,9784335353710,人事訴訟法,shiseido
1,alo:book:manual:title_3642,,調停等の条項例集-家事編-,shiseido
1,alo:book:isbn:9784906929962,9784906929962,すぐに役立つ調停等の条項例集,shiseido
1,alo:book:isbn:9784911236031,9784911236031,調停等の条項例集,shiseido
1,alo:book:isbn:9784335357626,9784335357626,詳解相続法,shiseido
1,alo:book:isbn:9784817848352,9784817848352,判例先例相続法,shiseido
1,alo:book:isbn:9784817848420,9784817848420,判例先例相続法,shiseido
1,alo:book:isbn:9784817802125,9784817802125,判例先例相続法,shiseido
1,alo:book:isbn:9784817838940,9784817838940,判例先例相続法,shiseido
1,alo:book:isbn:9784817840042,9784817840042,判例先例相続法,shiseido
1,alo:book:manual:title_4132,9784788289345,遺産分割の理論と審理,shiseido
1,alo:book:isbn:9784417018339,9784417018339,相続・遺言・遺産分割,shiseido
1,alo:book:isbn:9784817845658,9784817845658,弁護士のための遺産相続実務のポイント : 遺産分割・遺言無効・使途不明金ほか遺産分割の付随問題,shiseido
1,alo:book:isbn:9784788286399,9784788286399,遺産相続事件処理マニュアル,shiseido
1,alo:book:isbn:9784417018407,9784417018407,遺言執行と条項例の法律実務,shiseido
1,alo:book:isbn:9784817847485,9784817847485,遺言執行者の職務と遺言執行の要否 : 改正法を踏まえた実務詳解,shiseido
1,alo:book:isbn:9784865564464,9784865564464,遺言執行者の実務,shiseido
1,alo:book:isbn:9784817843081,9784817843081,実務相続関係訴訟 : 遺産分割の前提問題等に係る民事訴訟実務マニュアル,shiseido
1,alo:book:isbn:9784817846556,9784817846556,実務相続関係訴訟 : 遺産分割の前提問題等に係る民事訴訟実務マニュアル,shiseido
1,alo:book:isbn:9784817843845,9784817843845,実務相続関係訴訟 : 遺産分割の前提問題等に係る民事訴訟実務マニュアル,shiseido
1,alo:book:isbn:9784788286894,9784788286894,ケース別遺産分割協議書作成マニュアル,shiseido
1,alo:book:isbn:9784788287433,9784788287433,実務家が陥りやすい相続人不存在・不在者財産管理の落とし穴,shiseido
1,alo:book:isbn:9784817844507,9784817844507,相続財産管理人、不在者財産管理人に関する実務 : 財産管理、相続人の探索、選任の申立て、相続放棄の対応、権限外行為許可、相続財産の清算、登記、不在者への対応、失踪宣告,shiseido
1,alo:book:isbn:9784865562408,9784865562408,Q&A限定承認・相続放棄の実務と書式,shiseido
1,alo:book:isbn:9784641115385,9784641115385,民法判例百選,shiseido
1,alo:book:isbn:9784641018624,9784641018624,離婚判例ガイド,shiseido
1,alo:book:isbn:9784788287938,9784788287938,実務家が陥りやすい離婚事件の落とし穴,shiseido
1,alo:book:manual:title_3664,,離婚事件における 家庭裁判所の判断基準と弁護士の留意点,shiseido
1,alo:book:isbn:9784788290969,9784788290969,離婚事件における家庭裁判所の判断基準と弁護士の留意点,shiseido
1,alo:book:isbn:9784788287587,9784788287587,婚姻費用・養育費の算定 : 裁判官の視点にみる算定の実務,shiseido
1,alo:book:isbn:9784788289031,9784788289031,Q&A養育費・婚姻費用の事後対応 : 支払確保と事情変更,shiseido
1,alo:book:isbn:9784788291157,9784788291157,面会交流 : 裁判官の視点にみるその在り方,shiseido
1,alo:book:isbn:9784896289923,9784896289923,代理人のための面会交流の実務 : 離婚の調停・審判から実施に向けた調整・支援まで,shiseido
1,alo:book:isbn:9784817841155,9784817841155,裁判例からみた面会交流調停・審判の実務,shiseido
1,alo:book:isbn:9784865561180,9784865561180,夫婦関係調停条項作成マニュアル : 文例・判例と執行までの実務,shiseido
1,alo:book:isbn:9784817847119,9784817847119,ケーススタディ財産分与の実務 : 対象財産別調査・評価等の法務と税務のチェックポイント,shiseido
1,alo:book:isbn:9784641179394,9784641179394,国際私法,shiseido
1,alo:book:isbn:9784502357817,9784502357817,申請事例からみる交通事故後遺障害の等級認定,shiseido
1,alo:book:isbn:9784313314207,9784313314207,6つのケースでわかる!弁護士のための後遺障害の実務,shiseido
1,alo:book:isbn:9784326403653,9784326403653,交通事故医療法入門,shiseido
1,alo:book:isbn:9784324112236,9784324112236,注解交通損害賠償算定基準,shiseido
1,alo:book:isbn:9784891861926,9784891861926,大阪地裁における交通損害賠償の算定基準,shiseido
1,alo:book:isbn:9784896286250,9784896286250,わかりやすい物損交通事故紛争解決の手引,shiseido
1,alo:book:isbn:9784788290952,9784788290952,判例にみる自転車事故の責任と過失割合 : 危険運転事例を中心に,shiseido
1,alo:book:isbn:9784788287617,9784788287617,実務家が陥りやすい交通事故事件の落とし穴,shiseido
1,alo:book:isbn:9784474072527,9784474072527,判例INDEX : 後遺障害別に見る交通事故300判例の逸失利益算定,shiseido
1,alo:book:isbn:9784474068926,9784474068926,後遺障害別に見る交通事故300判例の慰謝料算定,shiseido
1,alo:book:isbn:9784474069213,9784474069213,判例INDEX : 被害者の素因別に見る素因減額300判例,shiseido
1,alo:book:isbn:9784474098992,9784474098992,判例INDEX : 被害者の素因別に見る素因減額300判例,shiseido
1,alo:book:isbn:9784474075870,9784474075870,裁判官が説く民事裁判実務の重要論点,shiseido
1,alo:book:isbn:9784474054523,9784474054523,裁判官が説く民事裁判実務の重要論点,shiseido
1,alo:book:isbn:9784474065840,9784474065840,裁判官が説く民事裁判実務の重要論点,shiseido
1,alo:book:isbn:9784474076037,9784474076037,裁判官が説く民事裁判実務の重要論点,shiseido
1,alo:book:isbn:9784474055940,9784474055940,裁判官が説く民事裁判実務の重要論点,shiseido
1,alo:book:isbn:9784474055346,9784474055346,裁判官が説く民事裁判実務の重要論点,shiseido
1,alo:book:isbn:9784474064379,9784474064379,裁判官が説く民事裁判実務の重要論点,shiseido
1,alo:book:isbn:9784474067882,9784474067882,裁判官が説く民事裁判実務の重要論点,shiseido
1,alo:book:isbn:9784313314191,9784313314191,裁判例にみる交通事故の刑事処分・量刑判断,shiseido
1,alo:book:manual:title_4503,,ワンアップ実務解説!交通事故事件処理の道標,shiseido
1,alo:book:manual:title_4577,,成年後見の実務-フローチャートとポイント-,shiseido
1,alo:book:isbn:9784788286931,9784788286931,成年後見の実務 : フローチャートとポイント,shiseido
1,alo:book:isbn:9784326403721,9784326403721,実務成年後見法,shiseido
1,alo:book:isbn:9784417017028,9784417017028,事例解説成年後見の実務,shiseido
1,alo:book:isbn:9784788287761,9784788287761,実務家が陥りやすい成年後見の落とし穴,shiseido
1,alo:book:isbn:9784313511583,9784313511583,成年後見の法律相談,shiseido
1,alo:book:isbn:9784788288300,9784788288300,死後事務委任契約実務マニュアル : Q&Aとケース・スタディ,shiseido
1,alo:book:isbn:9784417018308,9784417018308,終活と相続・財産管理の法律相談,shiseido
1,alo:book:isbn:9784788290617,9784788290617,任意後見の実務 : フローチャートとポイント,shiseido
1,alo:book:isbn:9784417014676,9784417014676,実務解説借地借家法,shiseido
1,alo:book:manual:title_6202,9784417018834,実務解説借地借家法,shiseido
1,alo:book:isbn:9784417017004,9784417017004,最新裁判実務大系,shiseido
1,alo:book:isbn:9784417016991,9784417016991,最新裁判実務大系,shiseido
1,alo:book:isbn:9784417017387,9784417017387,最新裁判実務大系,shiseido
1,alo:book:isbn:9784417017394,9784417017394,最新裁判実務大系,shiseido
1,alo:book:isbn:9784417016793,9784417016793,最新裁判実務大系,shiseido
1,alo:book:isbn:9784788282124,9784788282124,不動産明渡・引渡事件処理マニュアル,shiseido
1,alo:book:isbn:9784419069841,9784419069841,早期解決を実現する建物明渡請求の事件処理88 : 任意交渉から強制執行までの事例集,shiseido
1,alo:book:isbn:9784641115590,9784641115590,マンション判例百選,shiseido
1,alo:book:isbn:9784417017288,9784417017288,建築訴訟,shiseido
1,alo:book:isbn:9784417016472,9784417016472,建築訴訟,shiseido
1,alo:book:isbn:9784865565263,9784865565263,建築訴訟,shiseido
1,alo:book:isbn:9784817843494,9784817843494,ここが知りたい建築紛争 : 建築士と弁護士が事例で読み解く実務,shiseido
1,alo:book:isbn:9784324113059,9784324113059,建築請負・建築紛争の法律実務 : 複雑化する建築問題解決のための手引き,shiseido
1,alo:book:isbn:9784641233034,9784641233034,建設工事契約法,shiseido
1,alo:book:isbn:9784539728154,9784539728154,新債権法に基づく建設工事請負契約約款作成の実務,shiseido
1,alo:book:isbn:9784417018483,9784417018483,リフォーム工事の法律相談,shiseido
1,alo:book:isbn:9784417016588,9784417016588,リフォーム工事の法律相談,shiseido
1,alo:book:isbn:9784817845764,9784817845764,住宅会社のための建築工事請負契約約款モデル条項の解説,shiseido
1,alo:book:isbn:9784802833967,9784802833967,建築紛争における損害賠償算定基準,shiseido
1,alo:book:isbn:9784785724580,9784785724580,会社法実務相談,shiseido
1,alo:book:isbn:9784641115057,9784641115057,会社法判例百選,shiseido
1,alo:book:isbn:9784641115545,9784641115545,会社法判例百選,shiseido
1,alo:book:isbn:9784502992605,9784502992605,会社法務書式集,shiseido
1,alo:book:isbn:9784502465314,9784502465314,会社法務書式集,shiseido
1,alo:book:isbn:9784502171512,9784502171512,会社法務書式集,shiseido
1,alo:book:isbn:9784785727550,9784785727550,資本業務提携ハンドブック,shiseido
1,alo:book:isbn:9784785729257,9784785729257,デジタルトランスフォーメーションハンドブック,shiseido
1,alo:book:manual:title_4275,,新・会社法実務問題シリーズ/1定款・各種規則の作成実務〈第4版〉,shiseido
1,alo:book:manual:title_5769,,新・会社法実務問題シリーズ/2株式・種類株式〈第2版〉,shiseido
1,alo:book:manual:title_4285,,新・会社法実務問題シリーズ/3新株予約権・社債〈第3版〉,shiseido
1,alo:book:isbn:9784502375613,9784502375613,新株予約権・社債,shiseido
1,alo:book:manual:title_4242,,新・会社法実務問題シリーズ/4株主総会の準備事務と議事運営〈第5版〉,shiseido
1,alo:book:manual:title_4192,,新・会社法実務問題シリーズ/5機関設計・取締役・取締役会〈第2版〉,shiseido
1,alo:book:isbn:9784502387517,9784502387517,機関設計・取締役・取締役会,shiseido
1,alo:book:isbn:9784502430213,9784502430213,会社議事録の作り方 : 株主総会・取締役会・監査役会・委員会,shiseido
1,alo:book:isbn:9784502144516,9784502144516,会社の計算,shiseido
1,alo:book:isbn:9784502411816,9784502411816,組織再編,shiseido
1,alo:book:isbn:9784785729356,9784785729356,実務問答会社法,shiseido
1,alo:book:isbn:9784891861988,9784891861988,新・類型別会社非訟,shiseido
1,alo:book:isbn:9784322128710,9784322128710,実務ガイド新・会社非訟 : 会社非訟事件の実務と展望,shiseido
1,alo:book:isbn:9784785724757,9784785724757,全株懇モデル,shiseido
1,alo:book:isbn:9784502041402,9784502041402,事業譲渡・譲受けの法務 : M&A,shiseido
1,alo:book:isbn:9784785729684,9784785729684,新しい持株会設立・運営の実務,shiseido
1,alo:book:isbn:9784641138001,9784641138001,M&A契約研究 : 理論・実証研究とモデル契約条項,shiseido
1,alo:book:isbn:9784335315442,9784335315442,商取引法,shiseido
1,alo:book:isbn:9784785725709,9784785725709,実務家のための役員報酬の手引き,shiseido
1,alo:book:isbn:9784474066496,9784474066496,役員・従業員の不祥事対応の実務,shiseido
1,alo:book:isbn:9784908069017,9784908069017,役員・従業員の不祥事対応の実務,shiseido
1,alo:book:isbn:9784785730147,9784785730147,中小企業法務のすべて,shiseido
1,alo:book:isbn:9784785724955,9784785724955,中小企業法務のすべて,shiseido
1,alo:book:isbn:9784324098790,9784324098790,中小企業法務の実務,shiseido
1,alo:book:isbn:9784502190513,9784502190513,ベンチャー企業の法務A to Z : 起業からIPOまで,shiseido
1,alo:book:isbn:9784474065758,9784474065758,ベンチャー経営を支える法務ハンドブック : スタートアップを成長させる法と契約,shiseido
1,alo:book:isbn:9784785728281,9784785728281,スタートアップ投資契約 : モデル契約と解説,shiseido
1,alo:book:isbn:9784417018544,9784417018544,スタートアップの法律相談,shiseido
1,alo:book:isbn:9784502409615,9784502409615,スタートアップ法務,shiseido
1,alo:book:isbn:9784822255909,9784822255909,スタートアップ投資ガイドブック,shiseido
1,alo:book:isbn:9784785727376,9784785727376,ベンチャー企業による資金調達の法務,shiseido
1,alo:book:isbn:9784534052452,9784534052452,起業のファイナンス : ベンチャーにとって一番大切なこと,shiseido
1,alo:book:isbn:9784785729219,9784785729219,プラットフォームビジネスの法務,shiseido
1,alo:book:isbn:9784785727529,9784785727529,メーカー取引の法律実務Q&A,shiseido
1,alo:book:isbn:9784492533338,9784492533338,ジョイント・ベンチャー戦略大全 : 設計・交渉・法務のすべて,shiseido
1,alo:book:isbn:9784641135697,9784641135697,金融商品取引法概説,shiseido
1,alo:book:manual:title_6163,9784589044174,会社法・金融商品取引法入門,shiseido
1,alo:book:isbn:9784785729271,9784785729271,実務問答金商法,shiseido
1,alo:book:isbn:9784335300783,9784335300783,講座・新民事訴訟法,shiseido
1,alo:book:manual:title_1835,,新民事訴訟法における書記官事務の研究(III),shiseido
1,alo:book:manual:title_2311,,新民事訴訟法における書記官事務の研究(I),shiseido
1,alo:book:manual:title_2312,,新民事訴訟法における書記官事務の研究(II),shiseido
1,alo:book:isbn:9784641115279,9784641115279,民事訴訟法判例百選,shiseido
1,alo:book:isbn:9784641115019,9784641115019,民事訴訟法判例百選,shiseido
1,alo:book:isbn:9784535002050,9784535002050,コンメンタール民事訴訟法,shiseido
1,alo:book:isbn:9784535002074,9784535002074,コンメンタール民事訴訟法,shiseido
1,alo:book:isbn:9784535001534,9784535001534,コンメンタール民事訴訟法,shiseido
1,alo:book:isbn:9784535001527,9784535001527,コンメンタール民事訴訟法,shiseido
1,alo:book:isbn:9784535001541,9784535001541,コンメンタール民事訴訟法,shiseido
1,alo:book:isbn:9784535001558,9784535001558,コンメンタール民事訴訟法,shiseido
1,alo:book:isbn:9784535003507,9784535003507,コンメンタール民事訴訟法,shiseido
1,alo:book:isbn:9784535003538,9784535003538,コンメンタール民事訴訟法,shiseido
1,alo:book:isbn:9784535003514,9784535003514,コンメンタール民事訴訟法,shiseido
1,alo:book:isbn:9784535002081,9784535002081,コンメンタール民事訴訟法,shiseido
1,alo:book:isbn:9784535002098,9784535002098,コンメンタール民事訴訟法,shiseido
1,alo:book:isbn:9784820726760,9784820726760,若手弁護士のための民事弁護初動対応の実務,shiseido
1,alo:book:isbn:9784817848697,9784817848697,実践講座民事控訴審 : 元高裁判事による実務のマイルストーン,shiseido
1,alo:book:isbn:9784326403646,9784326403646,民事証拠収集 : 相談から執行まで,shiseido
1,alo:book:isbn:9784324111376,9784324111376,弁護士の現場力,shiseido
1,alo:book:isbn:9784896289183,9784896289183,実践訴訟戦術 : 弁護士はみんな悩んでいる,shiseido
1,alo:book:isbn:9784335359927,9784335359927,法律文章読本,shiseido
1,alo:book:isbn:9784324102664,9784324102664,証拠収集実務マニュアル,shiseido
1,alo:book:isbn:9784474078949,9784474078949,実例と経験談から学ぶ資料・証拠の調査と収集,shiseido
1,alo:book:isbn:9784474092549,9784474092549,実例と経験談から学ぶ資料・証拠の調査と収集,shiseido
1,alo:book:isbn:9784417017059,9784417017059,示談・調停・和解の手続と条項作成の実務,shiseido
1,alo:book:isbn:9784865563962,9784865563962,書式和解・民事調停の実務 : 申立てから手続終了までの書式と理論,shiseido
1,alo:book:isbn:9784817847423,9784817847423,実践演習民事弁護起案,shiseido
1,alo:book:isbn:9784908621147,9784908621147,民事弁護の起案技術 : 7の鉄則と77のオキテによる紛争類型別主張書面,shiseido
1,alo:book:isbn:9784865564655,9784865564655,争点整理の考え方と実務,shiseido
1,alo:book:manual:title_6362,,書式 少額訴訟の実務〔全訂4版〕,shiseido
1,alo:book:isbn:9784324113271,9784324113271,破産・再生マニュアル,shiseido
1,alo:book:isbn:9784324113288,9784324113288,破産・再生マニュアル,shiseido
1,alo:book:isbn:9784335355271,9784335355271,破産・再生,shiseido
1,alo:book:isbn:9784906929153,9784906929153,破産事件における書記官事務の研究 : 法人管財事件を中心として,shiseido
1,alo:book:isbn:9784785725358,9784785725358,破産管財人の債権調査・配当,shiseido
1,alo:book:isbn:9784785728915,9784785728915,破産管財人の債権調査・配当,shiseido
1,alo:book:isbn:9784417016915,9784417016915,法人破産申立て実践マニュアル,shiseido
1,alo:book:isbn:9784417017936,9784417017936,法人破産申立て実践マニュアル,shiseido
1,alo:book:isbn:9784417017271,9784417017271,実践フォーラム破産実務 : 手続選択から申立て・管財まで,shiseido
1,alo:book:isbn:9784417018742,9784417018742,実践フォーラム破産実務 : 手続選択から申立て・管財まで,shiseido
1,alo:book:isbn:9784322143409,9784322143409,ガイドラインによる個人債務整理の実務Q&A150問,shiseido
1,alo:book:manual:title_2216,,条解 民事再生法,shiseido
1,alo:book:isbn:9784335355608,9784335355608,条解民事再生法,shiseido
1,alo:book:isbn:9784335354083,9784335354083,条解民事再生法,shiseido
1,alo:book:isbn:9784322117462,9784322117462,新注釈民事再生法,shiseido
1,alo:book:isbn:9784322117479,9784322117479,新注釈民事再生法,shiseido
1,alo:book:isbn:9784322103212,9784322103212,注釈民事再生法,shiseido
1,alo:book:isbn:9784322103205,9784322103205,注釈民事再生法,shiseido
1,alo:book:isbn:9784865564532,9784865564532,書式民事再生の実務 : 申立てから手続終了までの書式と理論,shiseido
1,alo:book:isbn:9784322138436,9784322138436,通常再生の実務Q&A150問,shiseido
1,alo:book:isbn:9784641138384,9784641138384,会社更生法・特別清算法,shiseido
1,alo:book:isbn:9784896285925,9784896285925,特別清算の理論・実務と書式,shiseido
1,alo:book:isbn:9784322130270,9784322130270,私的整理の実務Q&A140問,shiseido
1,alo:book:isbn:9784474075849,9784474075849,進め方がよくわかる私的整理手続と実務,shiseido
1,alo:book:isbn:9784474050785,9784474050785,進め方がよくわかる私的整理手続と実務,shiseido
1,alo:book:isbn:9784865565706,9784865565706,書式労働事件の実務 : 本案訴訟・仮処分・労働審判・あっせん手続まで,shiseido
1,alo:book:isbn:9784865561968,9784865561968,書式労働事件の実務 : 本案訴訟・仮処分・労働審判・あっせん手続まで,shiseido
1,alo:book:isbn:9784474091429,9784474091429,論点体系判例労働法,shiseido
1,alo:book:isbn:9784474091436,9784474091436,論点体系判例労働法,shiseido
1,alo:book:isbn:9784474091443,9784474091443,論点体系判例労働法,shiseido
1,alo:book:isbn:9784474091450,9784474091450,論点体系判例労働法,shiseido
1,alo:book:isbn:9784474091467,9784474091467,論点体系判例労働法,shiseido
1,alo:book:isbn:9784845213436,9784845213436,賃金・労働時間,shiseido
1,alo:book:isbn:9784313512009,9784313512009,労働訴訟・審判の弁護士スキル,shiseido
1,alo:book:isbn:9784641243262,9784641243262,使用者側の実践知,shiseido
1,alo:book:isbn:9784502197314,9784502197314,就業規則の法律実務,shiseido
1,alo:book:isbn:9784502255212,9784502255212,労働契約解消の法律実務,shiseido
1,alo:book:isbn:9784502974205,9784502974205,配転・出向・降格の法律実務,shiseido
1,alo:book:isbn:9784502330315,9784502330315,同一労働同一賃金の基本と実務,shiseido
1,alo:book:isbn:9784502211911,9784502211911,割増賃金の基本と実務,shiseido
1,alo:book:isbn:9784502364419,9784502364419,割増賃金の基本と実務,shiseido
1,alo:book:isbn:9784502198519,9784502198519,労働者派遣法の基本と実務,shiseido
1,alo:book:isbn:9784502349119,9784502349119,ハラスメント防止の基本と実務,shiseido
1,alo:book:isbn:9784502163616,9784502163616,改正労働基準法の基本と実務,shiseido
1,alo:book:isbn:9784502270512,9784502270512,過重労働防止の基本と実務,shiseido
1,alo:book:isbn:9784535402447,9784535402447,労働組合法,shiseido
1,alo:book:isbn:9784417018438,9784417018438,未払い残業代請求の法律相談,shiseido
1,alo:book:isbn:9784845117116,9784845117116,残業代請求の理論と実務,shiseido
1,alo:book:isbn:9784845115648,9784845115648,残業代請求の理論と実務,shiseido
1,alo:book:isbn:9784863193994,9784863193994,労働基準法解釈総覧,shiseido
1,alo:book:isbn:9784641018648,9784641018648,注釈労働基準法・労働契約法,shiseido
1,alo:book:isbn:9784641018655,9784641018655,注釈労働基準法・労働契約法,shiseido
1,alo:book:isbn:9784641018662,9784641018662,注釈労働基準法・労働契約法,shiseido
1,alo:book:isbn:9784535402805,9784535402805,労働基準法・労働契約法,shiseido
1,alo:book:isbn:9784897614311,9784897614311,まる分かり平成24年改正労働契約法 : 速報版,shiseido
1,alo:book:isbn:9784417018506,9784417018506,労災の法律相談,shiseido
1,alo:book:isbn:9784417017813,9784417017813,労災の法律相談,shiseido
1,alo:book:isbn:9784788290426,9784788290426,ケース別懲戒処分検討のポイント : 判断・求償の考慮要素,shiseido
1,alo:book:isbn:9784903613277,9784903613277,懲戒をめぐる諸問題と法律実務 : 複雑化するトラブルに対応,shiseido
1,alo:book:isbn:9784417017820,9784417017820,医療事故の法律相談,shiseido
1,alo:book:isbn:9784474096011,9784474096011,弁護士のための医療法務,shiseido
1,alo:book:isbn:9784474078772,9784474078772,弁護士のための医療法務,shiseido
1,alo:book:isbn:9784502392610,9784502392610,基礎からわかる薬機法体系,shiseido
1,alo:book:isbn:9784785727536,9784785727536,ヘルステックの法務Q&A,shiseido
1,alo:book:isbn:9784785729707,9784785729707,ヘルステックの法務Q&A,shiseido
1,alo:book:isbn:9784785726645,9784785726645,医薬・ヘルスケアの法務 : 規制・知財・コーポレートのナビゲーション,shiseido
1,alo:book:manual:title_4333,9784535525429,刑事訴訟法,shiseido
1,alo:book:isbn:9784641179332,9784641179332,刑事訴訟法,shiseido
1,alo:book:manual:title_5792,9784641220508,刑事訴訟法,shiseido
1,alo:book:isbn:9784130323284,9784130323284,刑事訴訟法講義,shiseido
1,alo:book:isbn:9784641115323,9784641115323,刑事訴訟法判例百選,shiseido
1,alo:book:manual:title_5895,9784803745016,刑事事実認定重要判決50選,shiseido
1,alo:book:manual:title_5894,9784803743326,刑事事実認定重要判決50選,shiseido
1,alo:book:isbn:9784803743067,9784803743067,刑事事実認定重要判決50選,shiseido
1,alo:book:isbn:9784803743074,9784803743074,刑事事実認定重要判決50選,shiseido
1,alo:book:isbn:9784865565836,9784865565836,書式告訴・告発の実務 : 企業活動をめぐる犯罪対応の理論と書式,shiseido
1,alo:book:isbn:9784865561869,9784865561869,書式告訴・告発の実務 : 企業活動をめぐる犯罪対応の理論と書式,shiseido
1,alo:book:isbn:9784877985530,9784877985530,責任能力を争う刑事弁護,shiseido
1,alo:book:isbn:9784877983772,9784877983772,情状弁護ハンドブック,shiseido
1,alo:book:isbn:9784877986278,9784877986278,挑戦する交通事件弁護,shiseido
1,alo:book:manual:title_6338,9784877986490,人質司法に挑む弁護 : 勾留からの解放,shiseido
1,alo:book:isbn:9784877986940,9784877986940,入門・覚せい剤事件の弁護,shiseido
1,alo:book:manual:title_3860,9784883841219,刑法総論,shiseido
1,alo:book:isbn:9784641179226,9784641179226,刑法各論,shiseido
1,alo:book:manual:title_6209,9784641139701,刑法各論,shiseido
1,alo:book:isbn:9784130320771,9784130320771,刑法総論講義,shiseido
1,alo:book:isbn:9784130323185,9784130323185,刑法各論講義,shiseido
1,alo:book:isbn:9784130320788,9784130320788,刑法各論講義,shiseido
1,alo:book:manual:title_6279,9784641139589,少年法,shiseido
1,alo:book:isbn:9784417018674,9784417018674,企業における裁判に負けないための契約条項の実務,shiseido
1,alo:book:isbn:9784785727482,9784785727482,契約類型別債権法改正に伴う契約書レビューの実務,shiseido
1,alo:book:isbn:9784788290792,9784788290792,次世代ビジネス対応契約審査手続マニュアル : 「新しい資本主義」を踏まえた契約類型,shiseido
1,alo:book:isbn:9784865565287,9784865565287,業務委託契約書の作成と審査の実務,shiseido
1,alo:book:isbn:9784502238611,9784502238611,業務委託契約の基本と書式,shiseido
1,alo:book:manual:title_4091,,若手弁護士・パラリーガル必携 委任状書式百選,shiseido
1,alo:book:isbn:9784788289451,9784788289451,若手弁護士・パラリーガル必携委任状書式百選,shiseido
1,alo:book:isbn:9784502386213,9784502386213,秘密保持契約・予備的合意書・覚書の法務と書式,shiseido
1,alo:book:isbn:9784535516731,9784535516731,実践民事執行法民事保全法,shiseido
1,alo:book:isbn:9784335359026,9784335359026,条解民事執行法,shiseido
1,alo:book:isbn:9784335357749,9784335357749,条解民事執行法,shiseido
1,alo:book:isbn:9784324113554,9784324113554,民事執行マニュアル,shiseido
1,alo:book:isbn:9784324113561,9784324113561,民事執行マニュアル,shiseido
1,alo:book:manual:title_4169,9784417018131,民事執行法,shiseido
1,alo:book:manual:title_1993,,条解民事執行規則,shiseido
1,alo:book:isbn:9784417018094,9784417018094,民事執行の法律相談,shiseido
1,alo:book:isbn:9784865564921,9784865564921,書式不動産執行の実務 : 申立てから配当までの書式と理論,shiseido
1,alo:book:isbn:9784322135664,9784322135664,令和元年改正民事執行法制の法令解説・運用実務,shiseido
1,alo:book:isbn:9784313511774,9784313511774,失敗事例でわかる!民事保全・執行のゴールデンルール30,shiseido
1,alo:book:isbn:9784865560497,9784865560497,執行官実務の手引,shiseido
1,alo:book:isbn:9784641017542,9784641017542,新注釈民法,shiseido
1,alo:book:manual:title_6006,9784641017696,新注釈民法,shiseido
1,alo:book:isbn:9784641017740,9784641017740,新注釈民法,shiseido
1,alo:book:isbn:9784641017665,9784641017665,新注釈民法,shiseido
1,alo:book:isbn:9784641017573,9784641017573,新注釈民法,shiseido
1,alo:book:isbn:9784641017511,9784641017511,新注釈民法,shiseido
1,alo:book:isbn:9784641017566,9784641017566,新注釈民法,shiseido
1,alo:book:isbn:9784641017528,9784641017528,新注釈民法,shiseido
1,alo:book:isbn:9784641017719,9784641017719,新注釈民法,shiseido
1,alo:book:isbn:9784641017689,9784641017689,新注釈民法,shiseido
1,alo:book:isbn:9784641017726,9784641017726,新注釈民法,shiseido
1,alo:book:isbn:9784641017603,9784641017603,新注釈民法,shiseido
1,alo:book:isbn:9784641017597,9784641017597,新注釈民法,shiseido
1,alo:book:isbn:9784641017559,9784641017559,新注釈民法,shiseido
1,alo:book:manual:title_6031,,注釈民法(5) 総則(5),shiseido
1,alo:book:manual:title_6034,,注釈民法(8) 物権(3),shiseido
1,alo:book:manual:title_6032,,注釈民法(11) 債権(2),shiseido
1,alo:book:manual:title_6030,,注釈民法(12) 債権(3),shiseido
1,alo:book:manual:title_6033,,注釈民法(19) 債権(10),shiseido
1,alo:book:manual:title_5953,,新版注釈民法(10)2 債権(1),shiseido
1,alo:book:isbn:9784474093638,9784474093638,論点体系判例民法,shiseido
1,alo:book:isbn:9784474093546,9784474093546,論点体系判例民法,shiseido
1,alo:book:isbn:9784474059443,9784474059443,論点体系判例民法,shiseido
1,alo:book:isbn:9784474059498,9784474059498,論点体系判例民法,shiseido
1,alo:book:isbn:9784474059504,9784474059504,論点体系判例民法,shiseido
1,alo:book:isbn:9784641137769,9784641137769,担保物権法,shiseido
1,alo:book:isbn:9784797211634,9784797211634,担保物権法,shiseido
1,alo:book:isbn:9784535806870,9784535806870,担保物権法,shiseido
1,alo:book:isbn:9784788287440,9784788287440,時効の管理,shiseido
1,alo:book:isbn:9784641017184,9784641017184,事務管理・不当利得,shiseido
1,alo:book:isbn:9784797224023,9784797224023,不法行為法,shiseido
1,alo:book:isbn:9784641138872,9784641138872,信託法,shiseido
1,alo:book:isbn:9784641137516,9784641137516,信託の変更・終了・特例等,shiseido
1,alo:book:isbn:9784817843821,9784817843821,信託法からみた民事信託の実務と信託契約書例,shiseido
1,alo:book:isbn:9784817847089,9784817847089,信託法からみた民事信託の手引き,shiseido
1,alo:book:manual:title_4971,9784817842893,新しい家族信託 : 遺言相続、後見に代替する信託の実際の活用法と文例,shiseido
1,alo:book:isbn:9784817844286,9784817844286,家族信託契約 : 遺言相続、後見に代替する信託の実務,shiseido
1,alo:book:isbn:9784817848741,9784817848741,家族信託契約 : 遺言相続、後見に代替する信託の実務,shiseido
1,alo:book:isbn:9784785727444,9784785727444,実務解説資金決済法,shiseido
1,alo:book:isbn:9784322113013,9784322113013,M&Aファイナンス,shiseido
1,alo:book:isbn:9784322141658,9784322141658,DES・DDSの実務 : Debt equity swap・Debt debt swap,shiseido
1,alo:book:isbn:9784502049903,9784502049903,最新シンジケート・ローン契約書作成マニュアル : 国内・海外協調融資の実務,shiseido
1,alo:book:isbn:9784896287578,9784896287578,REITのすべて : 新規組成・上場から倒産処理まで,shiseido
1,alo:book:isbn:9784419053970,9784419053970,Q&A投資事業有限責任組合の法務・税務,shiseido
1,alo:book:isbn:9784322116250,9784322116250,資産・債権の流動化・証券化,shiseido
1,alo:book:isbn:9784785728328,9784785728328,経営者保証ガイドラインの実務と課題,shiseido
1,alo:book:isbn:9784785725983,9784785725983,経営者保証ガイドラインの実務と課題,shiseido
1,alo:book:isbn:9784641137912,9784641137912,保険法,shiseido
1,alo:book:isbn:9784641138728,9784641138728,保険法,shiseido
1,alo:book:manual:title_6319,9784641221291,保険法,shiseido
1,alo:book:isbn:9784474072251,9784474072251,論点体系保険法,shiseido
1,alo:book:isbn:9784474072244,9784474072244,論点体系保険法,shiseido
1,alo:book:isbn:9784641115026,9784641115026,保険法判例百選,shiseido
1,alo:book:isbn:9784322130133,9784322130133,詳解保険業法,shiseido
1,alo:book:isbn:9784335357305,9784335357305,保険業法,shiseido
1,alo:book:isbn:9784322116847,9784322116847,損害保険の法務と実務,shiseido
1,alo:book:isbn:9784785725389,9784785725389,法律家・法務担当者のためのIT技術用語辞典,shiseido
1,alo:book:isbn:9784785728618,9784785728618,法律家・法務担当者のためのIT技術用語辞典,shiseido
1,alo:book:isbn:9784785724948,9784785724948,ITビジネスの契約実務,shiseido
1,alo:book:isbn:9784785727086,9784785727086,IoT・AIの法律と戦略,shiseido
1,alo:book:isbn:9784785729141,9784785729141,データの法律と契約,shiseido
1,alo:book:isbn:9784502083006,9784502083006,インターネットにおける誹謗中傷法的対策マニュアル,shiseido
1,alo:book:isbn:9784817847164,9784817847164,インターネット削除請求・発信者情報開示請求の実務と書式,shiseido
1,alo:book:isbn:9784788291058,9784788291058,最新事例でみる発信者情報開示の可否判断,shiseido
1,alo:book:isbn:9784326403387,9784326403387,最新判例にみるインターネット上のプライバシー・個人情報保護の理論と実務,shiseido
1,alo:book:isbn:9784474078680,9784474078680,プロバイダ責任制限法,shiseido
1,alo:book:isbn:9784417018681,9784417018681,プロバイダ責任制限法と誹謗中傷の法律相談,shiseido
1,alo:book:isbn:9784589041883,9784589041883,紛争解決のためのシステム開発法務 : AI・アジャイル・パッケージ開発等のトラブル対応,shiseido
1,alo:book:isbn:9784502230813,9784502230813,システム開発訴訟,shiseido
1,alo:book:isbn:9784502433016,9784502433016,システム開発訴訟,shiseido
1,alo:book:isbn:9784865560749,9784865560749,電子証拠の理論と実務 : 収集・保全・立証,shiseido
1,alo:book:manual:title_5055,9784324106228,Q&Aインターネットの法的論点と実務対応 : ネットトラブルからAI・仮想通貨・裁判手続のIT化まで,shiseido
1,alo:book:isbn:9784417016724,9784417016724,IT・インターネットの法律相談,shiseido
1,alo:book:isbn:9784817848536,9784817848536,新アプリ法務ハンドブック,shiseido
1,alo:book:isbn:9784641227934,9784641227934,新実務家のための税務相談,shiseido
1,alo:book:isbn:9784641131989,9784641131989,新実務家のための税務相談,shiseido
1,alo:book:isbn:9784641131972,9784641131972,新実務家のための税務相談,shiseido
1,alo:book:isbn:9784433530341,9784433530341,弁護士業務にまつわる税法の落とし穴,shiseido
1,alo:book:isbn:9784474103146,9784474103146,論点体系独占禁止法 : 私的独占の禁止及び公正取引の確保に関する法律 下請代金支払遅延等防止法,shiseido
1,alo:book:isbn:9784474069008,9784474069008,論点体系独占禁止法 : 私的独占の禁止及び公正取引の確保に関する法律 下請代金支払遅延等防止法,shiseido
1,alo:book:isbn:9784641138407,9784641138407,独禁法務の実践知,shiseido
1,alo:book:isbn:9784335360121,9784335360121,条解景品表示法,shiseido
1,alo:book:isbn:9784817846754,9784817846754,Q&A広告宣伝・景品表示に関する法律と実務 : 景品表示法及び消費者関係法を踏まえた広告表現と販促活動・キャンペーンに関する実務解説,shiseido
1,alo:book:isbn:9784876220151,9784876220151,下請法の実務,shiseido
1,alo:book:isbn:9784474076426,9784474076426,弁護士のための下請取引規制法の実務 : 業種別Q&Aでつかむ下請法・建設業法のポイント,shiseido
1,alo:book:isbn:9784313511880,9784313511880,Q&Aでわかる業種別下請法の実務,shiseido
1,alo:book:isbn:9784785726027,9784785726027,優越的地位濫用規制と下請法の解説と分析,shiseido
1,alo:book:isbn:9784865565430,9784865565430,優越的地位の濫用の法理と実務 : ガイドライン、審決・判決、実態調査からみる独占禁止法適用の可能性,shiseido
1,alo:book:isbn:9784474079588,9784474079588,不正競争防止法コンメンタール,shiseido
1,alo:book:manual:title_5942,9784417015574,新・注解不正競争防止法,shiseido
1,alo:book:manual:title_5941,9784417015581,新・注解不正競争防止法,shiseido
1,alo:book:isbn:9784817845566,9784817845566,Q&A業務委託・企業間取引における法律と実務 : 下請法、独占禁止法、不正競争防止法、役務委託取引、大規模小売業・運送業・建設業・フリーランスにおける委託,shiseido
1,alo:book:isbn:9784417018865,9784417018865,最新不正競争防止法概説,shiseido
1,alo:book:isbn:9784417018858,9784417018858,最新不正競争防止法概説,shiseido
1,alo:book:isbn:9784641044098,9784641044098,営業秘密 : 逐条解説改正不正競争防止法,shiseido
1,alo:book:isbn:9784326404391,9784326404391,重点解説不正競争防止法の実務,shiseido
1,alo:book:manual:title_2306,,重点解説不正競争防止法の実務,shiseido
1,alo:book:isbn:9784785727277,9784785727277,逐条解説・不正競争防止法,shiseido
1,alo:book:isbn:9784322145489,9784322145489,実務詳説不正競争訴訟,shiseido
1,alo:book:isbn:9784417016595,9784417016595,秘密保持・競業避止・引抜きの法律相談,shiseido
1,alo:book:isbn:9784417017707,9784417017707,秘密保持・競業避止・引抜きの法律相談,shiseido
1,alo:book:isbn:9784817847577,9784817847577,Q&A競業避止、営業秘密侵害等の不正競争に関する実務,shiseido
1,alo:book:manual:title_5384,9784417015383,新・注解特許法,shiseido
1,alo:book:manual:title_5383,9784417017189,新・注解特許法,shiseido
1,alo:book:manual:title_6330,9784417017196,新・注解特許法,shiseido
1,alo:book:isbn:9784785724870,9784785724870,特許訴訟の実務,shiseido
1,alo:book:isbn:9784785719890,9784785719890,特許訴訟の実務,shiseido
1,alo:book:isbn:9784641143258,9784641143258,標準特許法,shiseido
1,alo:book:manual:title_6290,9784641243507,特許法入門,shiseido
1,alo:book:isbn:9784641144224,9784641144224,標準著作権法,shiseido
1,alo:book:isbn:9784322119817,9784322119817,実務詳説著作権訴訟,shiseido
1,alo:book:isbn:9784417016960,9784417016960,新・注解商標法,shiseido
1,alo:book:isbn:9784417016977,9784417016977,新・注解商標法,shiseido
1,alo:book:isbn:9784326404025,9784326404025,商標法コンメンタール,shiseido
1,alo:book:isbn:9784641114883,9784641114883,商標・意匠・不正競争判例百選,shiseido
1,alo:book:isbn:9784417015253,9784417015253,注解意匠法,shiseido
1,alo:book:isbn:9784326403998,9784326403998,意匠法コンメンタール,shiseido
1,alo:book:isbn:9784417014515,9784417014515,知的財産関係訴訟,shiseido
1,alo:book:isbn:9784785729509,9784785729509,知的財産契約の実務 : 理論と書式,shiseido
1,alo:book:isbn:9784785729516,9784785729516,知的財産契約の実務 : 理論と書式,shiseido
1,alo:book:isbn:9784785729493,9784785729493,知的財産契約の実務 : 理論と書式,shiseido
1,alo:book:isbn:9784817841681,9784817841681,技術法務のススメ : 事業戦略から考える知財・契約プラクティス : 知財戦略・知財マネジメント・契約交渉・契約書作成・特許ライセンス契約・秘密保持契約・共同開発契約・共同出願契約・ソフトウェアライセンス契約・ソフトウェア開発委託契約など,shiseido
1,alo:book:isbn:9784817848093,9784817848093,技術法務のススメ : 事業戦略から考える知財・契約プラクティス : 知財戦略・知財マネジメント・契約交渉・契約書作成・特許ライセンス契約・秘密保持契約・PoC〈技術検証〉契約・共同開発契約・共同出願契約・ソフトウェアライセンス契約・データ提供契約など,shiseido
1,alo:book:isbn:9784865561654,9784865561654,エンターテインメント法務Q&A : 権利・契約・トラブル対応・関係法律・海外取引,shiseido
1,alo:book:isbn:9784335358166,9784335358166,エンタテインメント法実務,shiseido
1,alo:book:isbn:9784641115118,9784641115118,行政判例百選,shiseido
1,alo:book:isbn:9784641228887,9784641228887,行政法概説,shiseido
1,alo:book:isbn:9784641228665,9784641228665,行政法概説,shiseido
1,alo:book:isbn:9784641130456,9784641130456,行政法概説,shiseido
1,alo:book:isbn:9784641227835,9784641227835,行政法概説,shiseido
1,alo:book:manual:title_4695,9784417017844,行政法総論,shiseido
1,alo:book:isbn:9784641130012,9784641130012,行政組織法,shiseido
1,alo:book:isbn:9784535806788,9784535806788,行政法,shiseido
1,alo:book:isbn:9784641129160,9784641129160,行政法,shiseido
1,alo:book:isbn:9784326403769,9784326403769,実務解説行政訴訟,shiseido
1,alo:book:isbn:9784535001442,9784535001442,行政手続法・行政不服審査法,shiseido
1,alo:book:isbn:9784641131750,9784641131750,行政不服審査法の逐条解説,shiseido
1,alo:book:isbn:9784641129016,9784641129016,新・情報公開法の逐条解説 : 行政機関情報公開法・独立行政法人等情報公開法,shiseido
1,alo:book:isbn:9784335357732,9784335357732,条解国家賠償法,shiseido
1,alo:book:isbn:9784817845436,9784817845436,国家賠償法実務ハンドブック,shiseido
1,alo:book:isbn:9784326403592,9784326403592,損失補償法コンメンタール,shiseido
1,alo:book:isbn:9784417018049,9784417018049,国家賠償訴訟,shiseido
1,alo:book:isbn:9784535514317,9784535514317,消費者法講義,shiseido
1,alo:book:isbn:9784817844248,9784817844248,消費者法実務ハンドブック : 消費者契約法・特定商取引法・割賦販売法の実務と書式,shiseido
1,alo:book:isbn:9784535519657,9784535519657,基本講義消費者法,shiseido
1,alo:book:isbn:9784785727581,9784785727581,コンメンタール消費者契約法,shiseido
1,alo:book:isbn:9784882602828,9784882602828,フランチャイズ契約の実務と書式,shiseido
1,alo:book:isbn:9784417016007,9784417016007,フランチャイズ契約の法律相談,shiseido
1,alo:book:isbn:9784539725061,9784539725061,フランチャイズ契約の実務と理論,shiseido
1,alo:book:isbn:9784417018353,9784417018353,逐条解説特定商取引法,shiseido
1,alo:book:isbn:9784417018346,9784417018346,逐条解説特定商取引法,shiseido
1,alo:book:isbn:9784896282320,9784896282320,詳解特定商取引法の理論と実務,shiseido
1,alo:book:isbn:9784417017516,9784417017516,逐条解説割賦販売法,shiseido
1,alo:book:isbn:9784417017523,9784417017523,逐条解説割賦販売法,shiseido
1,alo:book:isbn:9784817839787,9784817839787,実務英文契約書文例集,shiseido
1,alo:book:isbn:9784335301018,9784335301018,アメリカ契約法,shiseido
1,alo:book:isbn:9784335303753,9784335303753,アメリカ憲法,shiseido
1,alo:book:isbn:9784335303821,9784335303821,アメリカ高齢者法,shiseido
1,alo:book:isbn:9784335303845,9784335303845,アメリカ家族法,shiseido
1,alo:book:isbn:9784641046740,9784641046740,新・国際売買契約ハンドブック,shiseido
1,alo:book:isbn:9784641045750,9784641045750,アメリカ独占禁止法 : シカゴ学派の勝利,shiseido
1,alo:book:isbn:9784788718494,9784788718494,中国ビジネス法大全,shiseido
1,alo:book:isbn:9784785730062,9784785730062,はじめての中国法務Q&A,shiseido
1,alo:book:isbn:9784641048300,9784641048300,タイのビジネス法務,shiseido
1,alo:book:isbn:9784641048287,9784641048287,ミャンマーのビジネス法務,shiseido
1,alo:book:isbn:9784641048195,9784641048195,ベトナムのビジネス法務,shiseido
1,alo:book:isbn:9784641048263,9784641048263,インドのビジネス法務,shiseido
1,alo:book:isbn:9784865565607,9784865565607,Q&A個人情報取扱実務全書 : 基礎知識から利活用・トラブル対応まで,shiseido
1,alo:book:isbn:9784785730109,9784785730109,個人情報管理ハンドブック,shiseido
1,alo:book:isbn:9784785725969,9784785725969,個人情報管理ハンドブック,shiseido
1,alo:book:isbn:9784785730307,9784785730307,利用規約・プライバシーポリシーの作成・解釈 : 国内取引・国際取引を踏まえて,shiseido
1,alo:book:isbn:9784502419614,9784502419614,プライバシーポリシー作成のポイント,shiseido
1,alo:book:isbn:9784335356896,9784335356896,名誉毀損の法律実務,shiseido
1,alo:book:isbn:9784865566895,9784865566895,名誉毀損判例・実務全書 : 判例分析からみる法理と実務,shiseido
