content_id,title,publisher,isbn,pub_site,authors,release_date,n_templates,word,pdf,excel,dl_signal,dvd_signal,reader_url
504a7dc8c02d986dcb7e8e37014d4f3f4a208c10fd226b1e1f3cff4b2c2d1e78,新・会社法実務問題シリーズ／７会社議事録の作り方〈第３版〉,中央経済社,9784502430213,https://www.biz-book.jp/isbn/978-4-502-43021-3,"森・濱田松本法律事務所, 松井秀樹",2022/06/09,321,321,0,0,0,0,https://library.bengo4.com/reader/?cid=504a7dc8c02d986dcb7e8e37014d4f3f4a208c10fd226b1e1f3cff4b2c2d1e78&sort=default
7e64090b2a4cc89136e552ef3bb82900473ba570f4b9e7f3421316dd88b444ad,企業労働法実務入門【書式編】,日本リーダーズ協会,9784890170111,https://www.amazon.co.jp/dp/4890170111,企業人事労務研究会,2016/04/15,304,278,7,19,0,0,https://library.bengo4.com/reader/?cid=7e64090b2a4cc89136e552ef3bb82900473ba570f4b9e7f3421316dd88b444ad&sort=default
e25d09ca0ae43c120aac2dc9bede1d0fb8157898db4d485d8be88a1b23b183ad,会社法務書式集〈第3版〉,中央経済社,9784502465314,https://www.biz-book.jp/isbn/978-4-502-46531-4,"神﨑満治郎, 金子登志雄, 鈴木龍介, 株式会社リーガル",2023/07/27,238,238,0,0,0,0,https://library.bengo4.com/reader/?cid=e25d09ca0ae43c120aac2dc9bede1d0fb8157898db4d485d8be88a1b23b183ad&sort=default
95ab9131bac9c947fd160ab662c22a005bb81eac3bc3fa19662d302272596a06,問題社員をめぐるトラブル予防・対応文例集,新日本法規出版,,https://www.sn-hoki.co.jp/shop/item/5100176,"芦原一郎, 岩田浩",2021/06/01,200,200,0,0,0,0,https://library.bengo4.com/reader/?cid=95ab9131bac9c947fd160ab662c22a005bb81eac3bc3fa19662d302272596a06&sort=default
999ca9c058911dea0e4de53406dac422fcfbbb4d2892a3078b3fdaf466bc858f,株式会社・各種法人別 清算手続と書式,新日本法規出版,,https://www.sn-hoki.co.jp/shop/item/5100206,尾島史賢,2022/01/01,176,171,0,5,0,0,https://library.bengo4.com/reader/?cid=999ca9c058911dea0e4de53406dac422fcfbbb4d2892a3078b3fdaf466bc858f&sort=default
6bd54c096d54bde03c14c11ab869a0855857cc4dc101b784668dd14961930d99,事例解説 合同会社の登記,日本加除出版,,https://www.kajo.co.jp/c/book/02/0203/40853000001,泉水 悟,2021/03/01,162,162,0,0,0,0,https://library.bengo4.com/reader/?cid=6bd54c096d54bde03c14c11ab869a0855857cc4dc101b784668dd14961930d99&sort=default
793fd2e98a1928a140bb2d24c624ff8a0e77d30bba2348d49be847284f84521b,刑事弁護ビギナーズver.2.1,現代人文社,9784877987206,http://www.genjin.jp/book/b427613.html,,2019/03/30,147,71,76,0,0,1,https://library.bengo4.com/reader/?cid=793fd2e98a1928a140bb2d24c624ff8a0e77d30bba2348d49be847284f84521b&sort=default
794f0a0279ba1e3f9f7af1d0cac53e15391b0311f6237945294b81738d32fd10,民法改正対応 契約書式の実務 上,創耕舎,9784908621093,https://soko-sha.com/publication/98/,"犬塚 浩, 永 滋康, 第二東京弁護士会五月会",2019/11/26,144,144,0,0,0,0,https://library.bengo4.com/reader/?cid=794f0a0279ba1e3f9f7af1d0cac53e15391b0311f6237945294b81738d32fd10&sort=default
999c43ebadfc0a01af2e61ac2f284649b270d196f808d878067501da461e52ca,民法改正対応 契約書式の実務 下,創耕舎,9784908621109,https://soko-sha.com/publication/104/,"犬塚 浩, 永 滋康, 第二東京弁護士会五月会",2019/11/26,131,131,0,0,0,0,https://library.bengo4.com/reader/?cid=999c43ebadfc0a01af2e61ac2f284649b270d196f808d878067501da461e52ca&sort=default
90efc905bc88d8a2f9af4389d9b5cfbb4ccc2fc4ec53a45a6365a0622f30cfde,隣地をめぐるトラブル予防・解決文例集,新日本法規出版,,https://www.sn-hoki.co.jp/shop/item/5100144,"馬橋隆紀, 多田幸生, 幸田宏, 中野仁, 古屋丈順, 大谷和夫, 平野正也, 平本沙乙里",2020/10/01,126,126,0,0,0,0,https://library.bengo4.com/reader/?cid=90efc905bc88d8a2f9af4389d9b5cfbb4ccc2fc4ec53a45a6365a0622f30cfde&sort=default
47a2aa8ce30e46db0a4c9e2be77658b070d99254e03bc08daac22093431c46ad,第2版 一人でつくれる契約書・内容証明郵便の文例集,日本加除出版,,https://www.kajo.co.jp/book/40284000002.html,"安達 敏男, 吉川 樹士",2017/10/01,126,126,0,0,1,0,https://library.bengo4.com/reader/?cid=47a2aa8ce30e46db0a4c9e2be77658b070d99254e03bc08daac22093431c46ad&sort=default
1f9202f5cf0d04e09b6a7aee9d79c81133163af5ce41515d5f87107091f3f520,相続人不存在・不在者 財産管理の手続と書式,新日本法規出版,,https://www.sn-hoki.co.jp/shop/item/5100137,"濵田憲孝, 鳥羽浩司, 戸門大祐",2020/08/01,112,112,0,0,0,0,https://library.bengo4.com/reader/?cid=1f9202f5cf0d04e09b6a7aee9d79c81133163af5ce41515d5f87107091f3f520&sort=default
2bb36a3ec9fd5b620dd2fabe4c147a03bf1a77f1568abd825ea1b19429985254,情状弁護アドバンス,現代人文社,9784877987367,http://www.genjin.jp/book/b486633.html,季刊刑事弁護増刊,2019/10/25,111,77,31,3,0,0,https://library.bengo4.com/reader/?cid=2bb36a3ec9fd5b620dd2fabe4c147a03bf1a77f1568abd825ea1b19429985254&sort=default
1ae3ee106fb567b2ef870803dd811fd269c9445ec3a4696e5c2886a2048bc1c8,ケース別 遺言書作成のポイントとモデル文例,新日本法規出版,,https://www.sn-hoki.co.jp/shop/item/5100249,山田知司,2022/12/09,110,110,0,0,0,0,https://library.bengo4.com/reader/?cid=1ae3ee106fb567b2ef870803dd811fd269c9445ec3a4696e5c2886a2048bc1c8&sort=default
8ff99455e49be531e6b7b71c5f6bb5ad11f67e7c528b3ab05f974e4afa0c45e3,一般／公益 社団・財団法人 議事録モデル文例集,新日本法規出版,,https://www.sn-hoki.co.jp/shop/item/5100273,"内藤卓, 岡田高紀, 日高啓太郎",2023/06/01,108,108,0,0,0,0,https://library.bengo4.com/reader/?cid=8ff99455e49be531e6b7b71c5f6bb5ad11f67e7c528b3ab05f974e4afa0c45e3&sort=default
4bd46914919f2141523a335e4010b4fa29116109ee87fb05579ece1300b5f1aa,聴ける！実用法律書 事業者必携 風俗営業法と飲食業許可申請・届出のしくみと手続き,三修社,9784384049787,https://www.sanshusha.co.jp/np/isbn/9784384049787/,服部真和,2025/12/20,105,2,103,0,0,0,https://library.bengo4.com/reader/?cid=4bd46914919f2141523a335e4010b4fa29116109ee87fb05579ece1300b5f1aa&sort=default
cc26625979f3e3d6317700a93461ea864e5f5161d9b896257435dbf320b8b341,聴ける！実用法律書 事業者必携 出産・育児・介護休業のための法律と実務,三修社,9784384049671,https://www.sanshusha.co.jp/np/isbn/9784384049671/,近藤美穂,2025/07/20,100,2,98,0,0,0,https://library.bengo4.com/reader/?cid=cc26625979f3e3d6317700a93461ea864e5f5161d9b896257435dbf320b8b341&sort=default
175ad08634b6b7f61f4fe46717eebbca74de1d9024afb7f8cb816b2b4da3fba3,スキルアップ法律事務 裁判所提出書類の作り方・集め方 民事訴訟／保全／執行,日本加除出版,,https://www.kajo.co.jp/c/book/06/0606/40528000001,矢野 公一,2011/08/01,92,92,0,0,0,0,https://library.bengo4.com/reader/?cid=175ad08634b6b7f61f4fe46717eebbca74de1d9024afb7f8cb816b2b4da3fba3&sort=default
87c46f9f881ee0e04c93a6f64cfcf61721ac014abbed67a665cffa97bcf6e4f6,事業者必携 三訂版 建設業から風俗営業、入管手続き、ドローンまで 許認可手続きと申請書類の書き方,三修社,9784384049534,https://www.sanshusha.co.jp/np/isbn/9784384049534/,服部真和,2024/12/20,91,3,88,0,0,0,https://library.bengo4.com/reader/?cid=87c46f9f881ee0e04c93a6f64cfcf61721ac014abbed67a665cffa97bcf6e4f6&sort=default
c01294c98ba457bc073d984f8db2f65e00a3e45b99ae3cdcac89e09deca73831,近隣トラブル 解決のポイントと和解条項,新日本法規出版,,https://www.sn-hoki.co.jp/shop/item/5100226,"橋本潤, 三森敏明, 髙畠希之, 古屋丈順, 新名修三, 森本憲司郎, 濵島幸子, 下川慶子",2022/07/01,90,90,0,0,0,0,https://library.bengo4.com/reader/?cid=c01294c98ba457bc073d984f8db2f65e00a3e45b99ae3cdcac89e09deca73831&sort=default
b1cdc7bb006913fa9414e17708028dac03e505f5b49ca6f4ba6ef79523d587b6,不動産ファイナンスの法務と契約実務,中央経済社,9784502392511,https://www.biz-book.jp/isbn/978-4-502-39251-1,植松貴史,2022/06/14,86,86,0,0,0,0,https://library.bengo4.com/reader/?cid=b1cdc7bb006913fa9414e17708028dac03e505f5b49ca6f4ba6ef79523d587b6&sort=default
8d5f32bfd3de242587feaeb0550f7038977c28309329bfa29547c163d2b47a07,事業者必携 改訂新版 介護事業者のための 最新 介護福祉サービス申請手続きと書式,三修社,9784384049589,https://www.sanshusha.co.jp/np/isbn/9784384049589/,若林美佳,2025/02/20,84,0,84,0,0,0,https://library.bengo4.com/reader/?cid=8d5f32bfd3de242587feaeb0550f7038977c28309329bfa29547c163d2b47a07&sort=default
197c7477ef4621228d44aa829ada6bbc9bea846957d82ca9b696af078c436412,事業者必携 改訂新版 記載例つき 民泊ビジネス運営のための住宅宿泊事業法と旅館業法のしくみと手続き,三修社,9784384049350,https://www.sanshusha.co.jp/np/isbn/9784384049350/,服部 真和,2024/03/20,83,4,79,0,0,0,https://library.bengo4.com/reader/?cid=197c7477ef4621228d44aa829ada6bbc9bea846957d82ca9b696af078c436412&sort=default
b90cbe43a9fb0c97e020e0338181a6a1c8f6110f7f9a0578e987508fe51e35cf,改訂 会社非訟申立ての実務＋申立書式集,日本加除出版,,https://www.kajo.co.jp/book/40493000002.html,"池田 浩一郎, 田伏 岳人, 西谷 昌樹, 深山 徹, 本井 克樹",2018/04/01,80,80,0,0,1,0,https://library.bengo4.com/reader/?cid=b90cbe43a9fb0c97e020e0338181a6a1c8f6110f7f9a0578e987508fe51e35cf&sort=default
f433e42131a1c122ad690f189cf66fd588a3a3402a075e039d85797544a80ec6,家事審判における 抗告の理由,新日本法規出版,,https://www.sn-hoki.co.jp/shop/item/5100321,"林醇, 山田庸男, 増田広充, 杉野龍太, 辻映穂",2024/05/20,78,78,0,0,0,0,https://library.bengo4.com/reader/?cid=f433e42131a1c122ad690f189cf66fd588a3a3402a075e039d85797544a80ec6&sort=default
8e5fb04bde6156972105be29689f8474f595e31102d565b3deae78508719f1b8,最新 ハラスメント対策 モデル文例集,新日本法規出版,,https://www.sn-hoki.co.jp/shop/item/5100189,石井逸郎,2021/10/01,77,77,0,0,0,0,https://library.bengo4.com/reader/?cid=8e5fb04bde6156972105be29689f8474f595e31102d565b3deae78508719f1b8&sort=default
94d9f1990487899ce5ef536b7f4e438767b91b8aebc7fb89a129ce5ffc69cdce,業種別ビジネス契約書作成マニュアル—実践的ノウハウと契約締結のポイント サンプル書式ダウンロード特典付—,日本加除出版,,https://www.kajo.co.jp/book/40610000001.html,"田島 正広, 足木 良太, 上沼 紫野, 浦部 明子, 笹川 豪介, 柴山 将一, 寺西 章悟",2015/12/03,77,77,0,0,1,0,https://library.bengo4.com/reader/?cid=94d9f1990487899ce5ef536b7f4e438767b91b8aebc7fb89a129ce5ffc69cdce&sort=default
6355490ed29c6c6468d192e90c6ba90f733c99e1da9fcf1dfaa6987b06865dde,事業者必携 入門図解 採用から退職まで 給与計算・賞与・退職手続きの法律と税金実務マニュアル,三修社,9784384049176,https://www.sanshusha.co.jp/np/isbn/9784384049176/,"林 智之, 武田 守",2023/06/30,76,11,65,0,0,0,https://library.bengo4.com/reader/?cid=6355490ed29c6c6468d192e90c6ba90f733c99e1da9fcf1dfaa6987b06865dde&sort=default
2e0e19edbefbc448a99609ab5fd260a4d66d8161d05ce7d403662c1379ddf667,すぐに役立つ これだけは知っておきたい！遺言書の書き方と生前贈与の法律と税金,三修社,9784384049404,https://www.sanshusha.co.jp/np/isbn/9784384049404/,"木島康夫, 武田守",2024/05/20,75,65,10,0,0,0,https://library.bengo4.com/reader/?cid=2e0e19edbefbc448a99609ab5fd260a4d66d8161d05ce7d403662c1379ddf667&sort=default
3d98caff7e815e1d0ca2116750d2776d578aca17f9c03473dc9577c2f52c6baa,若手弁護士・パラリーガル必携 委任状書式百選,新日本法規出版,,https://www.sn-hoki.co.jp/shop/item/5100198,第一東京弁護士会 若手会員委員会 委任状研究部会,2021/11/01,74,74,0,0,0,0,https://library.bengo4.com/reader/?cid=3d98caff7e815e1d0ca2116750d2776d578aca17f9c03473dc9577c2f52c6baa&sort=default
b550eafa99a1afc341f9173859c7a6bcd003e1ca38780f1ac7b86fbe596e5cd0,新・会社法実務問題シリーズ／９組織再編〈第３版〉,中央経済社,9784502411816,https://www.biz-book.jp/isbn/978-4-502-41181-6,"森・濱田松本法律事務所, 石綿学, 石井裕介, 小松岳志, 邉英基, 高谷知佐子, 戸嶋浩二, 金丸祐子, 藤田知也",2022/03/15,73,73,0,0,0,0,https://library.bengo4.com/reader/?cid=b550eafa99a1afc341f9173859c7a6bcd003e1ca38780f1ac7b86fbe596e5cd0&sort=default
1136de1352534810c9e5270a306c710aeb60c373ab0ab56900952f3682e9d96e,聴ける！実用法律書 改訂新版 事業者必携 障害福祉事業者のための障害福祉サービスと申請手続きマニュアル,三修社,9784384049749,https://www.sanshusha.co.jp/np/isbn/9784384049749/,若林美佳,2025/10/20,72,0,72,0,0,0,https://library.bengo4.com/reader/?cid=1136de1352534810c9e5270a306c710aeb60c373ab0ab56900952f3682e9d96e&sort=default
c534529f8a528cf3e3e070d103fbf127f76435959f40365777d996e712c375b2,新生活様式対応 就業規則等整備・運用のポイント,新日本法規出版,,https://www.sn-hoki.co.jp/shop/item/5100211,東京弁護士会 法友会,2022/02/01,72,72,0,0,0,0,https://library.bengo4.com/reader/?cid=c534529f8a528cf3e3e070d103fbf127f76435959f40365777d996e712c375b2&sort=default
2b67891895a43c45ddfc35e35b8425ab8c7f6808875ab9b1d3fe46f5bc348857,外国人事件ビギナーズver.2,現代人文社,9784877987619,http://www.genjin.jp/book/b530092.html,外国人ローヤリングネットワーク,2020/09/25,71,49,22,0,0,0,https://library.bengo4.com/reader/?cid=2b67891895a43c45ddfc35e35b8425ab8c7f6808875ab9b1d3fe46f5bc348857&sort=default
10fdd6fb5a6052fd20ed39c448f3761e6738a37bd3de92dde21bb1305ee922d9,"第3版 Q&A 遺言・信託・任意後見の実務 公正証書作成から税金,遺言執行,遺産分割まで",日本加除出版,,https://www.kajo.co.jp/book/40471000003.html,"雨宮 則夫, 寺尾 洋",2018/08/27,70,70,0,0,0,0,https://library.bengo4.com/reader/?cid=10fdd6fb5a6052fd20ed39c448f3761e6738a37bd3de92dde21bb1305ee922d9&sort=default
20fb91a1b312ef57ae397f52adb494c43051ca63771728b857da53a18499f89e,事業者必携 知っておきたい 建設業事業者のための法律【労務・安全衛生・社会保険】と実務書式,三修社,9784384049367,https://www.sanshusha.co.jp/np/isbn/9784384049367/,林 智之,2024/03/20,69,1,68,0,0,0,https://library.bengo4.com/reader/?cid=20fb91a1b312ef57ae397f52adb494c43051ca63771728b857da53a18499f89e&sort=default
7c960d1f8e722d2ec3bbeb7a9f7c3a7ee9f1c6c8bf5c04a2ccac5013bfd6908d,Ｑ＆Ａ 賃金トラブル予防・対応の実務と書式,新日本法規出版,,https://www.sn-hoki.co.jp/shop/item/5100133,"町田悠生子, 亀田康次, 師子角允彬, 宮島朝子, 青山雄一, 塚本健夫, 石井林太郎, 鈴木佑脩",2020/07/02,67,67,0,0,0,0,https://library.bengo4.com/reader/?cid=7c960d1f8e722d2ec3bbeb7a9f7c3a7ee9f1c6c8bf5c04a2ccac5013bfd6908d&sort=default
452a30206c8bca9d2f45d2953769db810544d3c2e4c39b185bbafde9f131a690,Ｑ＆Ａ 労働時間・休日・休暇・休業トラブル予防・対応の実務と書式,新日本法規出版,,https://www.sn-hoki.co.jp/shop/item/5100132,"瓦林道広, 中山達夫, 片岡邦弘, 田島潤一郎, 池邊祐子, 平田健二, 飯島潤, 澤木謙太郎, 中野大地",2020/07/02,66,66,0,0,0,0,https://library.bengo4.com/reader/?cid=452a30206c8bca9d2f45d2953769db810544d3c2e4c39b185bbafde9f131a690&sort=default
2c5e2fa7d48842e96acc64828e301a96ec2e26690707ea415e57259681b8bf4c,少年事件ビギナーズver.2.1,現代人文社,9784877988449,http://www.genjin.jp/book/b634879.html,,2023/10/10,64,64,0,0,0,0,https://library.bengo4.com/reader/?cid=2c5e2fa7d48842e96acc64828e301a96ec2e26690707ea415e57259681b8bf4c&sort=default
ffffabc1460e8ec4c4ec31cfab63ae5b0435b935c8ec645a2279a5b8caad043e,今日から実践！ アパート・マンション明渡し・滞納家賃回収等の実務,日本加除出版,,https://www.kajo.co.jp/c/book/06/0605/40905000001,山北 英仁,2022/01/01,62,55,7,0,0,0,https://library.bengo4.com/reader/?cid=ffffabc1460e8ec4c4ec31cfab63ae5b0435b935c8ec645a2279a5b8caad043e&sort=default
18e60e157150708556d90505399e904976a21f25da75becd760f7dc6a9397fa8,個別労働トラブルにおける 和解のポイントと条項例,新日本法規出版,,https://www.sn-hoki.co.jp/shop/item/5100145,"軽部龍太郎, 豊島國史, 近藤圭介",2020/10/26,62,62,0,0,0,0,https://library.bengo4.com/reader/?cid=18e60e157150708556d90505399e904976a21f25da75becd760f7dc6a9397fa8&sort=default
47712bc2a4676ae1b4487c6660bb4b0edd97e95412fad059040bc22fcced5f83,最新 企業実務に即したモデル社内規程と運用ポイント  人事労務の現場実務に精通した精鋭の社労士が解説！,労働新聞社,9784897615981,https://www.rodo.co.jp/book/9784897615981/,社労士就業規則実践研究会,2016/04/21,58,58,0,0,0,0,https://library.bengo4.com/reader/?cid=47712bc2a4676ae1b4487c6660bb4b0edd97e95412fad059040bc22fcced5f83&sort=default
0d9c91207bd0cb8c45a40fa1cb95cc2eaa279c8c073c51ae344008a1caf917a2,第2版 インターネット削除請求・発信者情報開示請求の実務と書式,日本加除出版,,https://www.kajo.co.jp/c/book/06/0603/40872000002,神田 知宏,2023/09/01,56,56,0,0,0,0,https://library.bengo4.com/reader/?cid=0d9c91207bd0cb8c45a40fa1cb95cc2eaa279c8c073c51ae344008a1caf917a2&sort=default
0e261f1d7b98300d64add449320cfde699c2cfdea7d9857b4cec827ea97227af,図解 事業承継の実務ポイント,新日本法規出版,,https://www.sn-hoki.co.jp/shop/item/5100194,"浅野洋, 西良平, 浅野充昌, 妹尾明宏",2021/10/26,56,0,56,0,0,0,https://library.bengo4.com/reader/?cid=0e261f1d7b98300d64add449320cfde699c2cfdea7d9857b4cec827ea97227af&sort=default
ad7b12b5b276f7173625485aa44aa8370939cc1ef7bb42ae5d3ca236bcd8e7e7,すぐに役立つ 入門図解 知っておきたい 障害年金・遺族年金受給のためのしくみと手続き,三修社,9784384049541,https://www.sanshusha.co.jp/np/isbn/9784384049541/,林 智之,2024/12/20,55,0,55,0,0,0,https://library.bengo4.com/reader/?cid=ad7b12b5b276f7173625485aa44aa8370939cc1ef7bb42ae5d3ca236bcd8e7e7&sort=default
9ce09e1a634bed53ade5038a85c02d5bbd2fe93920aba17db57321e2727d0cf2,クロスボーダーＭ＆Ａの契約実務,中央経済社,9784502372711,https://www.biz-book.jp/isbn/978-4-502-37271-1,森幹晴,2021/03/22,55,55,0,0,0,0,https://library.bengo4.com/reader/?cid=9ce09e1a634bed53ade5038a85c02d5bbd2fe93920aba17db57321e2727d0cf2&sort=default
1e316eb1f4467eecef77bafdd60479c0b6d683701223bef8990ae4fd2bd7deb8,事業者必携 入門図解 介護施設の法律問題・施設管理と介護サービス申請手続き,三修社,9784384049121,https://www.sanshusha.co.jp/np/isbn/9784384049121/,若林 美佳,2023/03/30,54,0,54,0,0,0,https://library.bengo4.com/reader/?cid=1e316eb1f4467eecef77bafdd60479c0b6d683701223bef8990ae4fd2bd7deb8&sort=default
8d5c78550bcb2ce7367b03dffba1bd702d7b16e2ad3185cdfa94d3a3bf92434e,テーマ別 ヘルスケア事業の法律実務,中央経済社,9784502465116,https://www.biz-book.jp/isbn/978-4-502-46511-6,"田中宏岳, 古庄俊哉, 小山隆史, 廣瀬崇史, 小森悠吾, 吉村幸祐, 山田真吾, 黒田佑輝",2023/07/28,52,52,0,0,0,0,https://library.bengo4.com/reader/?cid=8d5c78550bcb2ce7367b03dffba1bd702d7b16e2ad3185cdfa94d3a3bf92434e&sort=default
2c8822227be94fbef697e90f0347197c1fe09d79de786b926c6e300ebc4d677e,すぐに役立つ 入門図解 最新 家事事件手続法のしくみと手続き 実践書式50,三修社,9784384049220,https://www.sanshusha.co.jp/np/isbn/9784384049220/,"森 公任, 森元 みのり",2023/08/30,51,0,51,0,0,0,https://library.bengo4.com/reader/?cid=2c8822227be94fbef697e90f0347197c1fe09d79de786b926c6e300ebc4d677e&sort=default
1706e260aa90c159350c8fac89044b379e3fdf5970202ae2579e8a72dfbc076a,ヒアリングシートを活用した 遺産分割相談 聴取事項のチェックポイント,新日本法規出版,,https://www.sn-hoki.co.jp/shop/item/5100181,濱口博史,2021/09/01,51,9,0,42,0,0,https://library.bengo4.com/reader/?cid=1706e260aa90c159350c8fac89044b379e3fdf5970202ae2579e8a72dfbc076a&sort=default
f55afab07318db3ae000c5f80634e4d899318d64ece225938f6e362b8e633bcc,実務解説 中小企業の株主総会,新日本法規出版,,https://www.sn-hoki.co.jp/shop/item/5100119,"東京八丁堀法律事務所, 中山雄太郎, 工藤洋治, 野田学, 石井達也, 白石紘一, 中村明奈, 土田悠太, 松村拓紀, 佐藤菜都季",2020/04/09,51,45,6,0,0,0,https://library.bengo4.com/reader/?cid=f55afab07318db3ae000c5f80634e4d899318d64ece225938f6e362b8e633bcc&sort=default
fd49543d23b1986468acbc2d8f0c85d582da6c8d373f6b87a9fb2038f21be216,すぐに役立つ 入門図解 特許・商標の法律と出願・申請手続き,三修社,9784384049442,https://www.sanshusha.co.jp/np/isbn/9784384049442/,渡辺弘司,2024/07/20,49,49,0,0,0,0,https://library.bengo4.com/reader/?cid=fd49543d23b1986468acbc2d8f0c85d582da6c8d373f6b87a9fb2038f21be216&sort=default
1a5cdc9fcb5aa7a5c6c36a0dfa7d1ff00c7cb269a0a8aa003bf123e34de92da1,事業者必携 入門図解 法人税・消費税のしくみと申告書の書き方,三修社,9784384049473,https://www.sanshusha.co.jp/np/isbn/9784384049473/,武田守,2024/09/20,47,0,47,0,0,0,https://library.bengo4.com/reader/?cid=1a5cdc9fcb5aa7a5c6c36a0dfa7d1ff00c7cb269a0a8aa003bf123e34de92da1&sort=default
9c19c4bee8cb4060decc93d5579da917f7f6e4a02cc5db153974bec01299e9e0,新・会社法実務問題シリーズ／8 会社の計算〈第3版〉,中央経済社,9784502444517,https://www.biz-book.jp/isbn/978-4-502-44451-7,"森・濱田松本法律事務所, 金丸和弘, 藤津康彦, 金丸由美",2022/11/11,45,45,0,0,0,0,https://library.bengo4.com/reader/?cid=9c19c4bee8cb4060decc93d5579da917f7f6e4a02cc5db153974bec01299e9e0&sort=default
df68c007306fc70543d6443e90c1abc762bee74ff3ae9b46888078f8a6d66b17,聴ける！実用法律書 事業者必携 請負・派遣・有料職業紹介事業の法律と手続き,三修社,9784384049701,https://www.sanshusha.co.jp/np/isbn/9784384049701/,林智之,2025/08/20,42,6,36,0,0,0,https://library.bengo4.com/reader/?cid=df68c007306fc70543d6443e90c1abc762bee74ff3ae9b46888078f8a6d66b17&sort=default
cb130951d1a2bbfedeceb086a7a19acf5d236d376249acbfe27076b603e15832,書式 成年後見の実務〔第3版〕,民事法研究会,9784865562569,http://www.minjiho.com/shopdetail/000000001066,坂野征四郎,2019/03/22,42,1,41,0,0,0,https://library.bengo4.com/reader/?cid=cb130951d1a2bbfedeceb086a7a19acf5d236d376249acbfe27076b603e15832&sort=default
8f3a364bfeb288037f74f952a844b1290cf91d11f56e8ae9dd69f7b3001da6cb,事業者必携 入門図解 最新 就業規則の作り方と社内規程サンプル集,三修社,9784384049190,https://www.sanshusha.co.jp/np/isbn/9784384049190/,小島 彰,2023/07/30,41,37,4,0,0,0,https://library.bengo4.com/reader/?cid=8f3a364bfeb288037f74f952a844b1290cf91d11f56e8ae9dd69f7b3001da6cb&sort=default
39ae3247d4c89f2d7c78b5af7e26a8cf2a6692f51dafdc26de5ac1e71b494f44,すぐに役立つ 入門図解 三訂版 仮差押・仮処分の法律と手続き,三修社,9784384049114,https://www.sanshusha.co.jp/np/isbn/9784384049114/,"森 公任, 森元 みのり",2023/03/30,41,33,8,0,0,0,https://library.bengo4.com/reader/?cid=39ae3247d4c89f2d7c78b5af7e26a8cf2a6692f51dafdc26de5ac1e71b494f44&sort=default
c7c5d8ae5d95a7ec16a6746465c6485b838e77e59018d09462b90e93c0d3d4b1,事業者必携 入門図解 2024年問題に対応！労働時間・休日・休暇・休業の法律と手続き,三修社,9784384049343,https://www.sanshusha.co.jp/np/isbn/9784384049343/,小島 彰,2024/02/29,40,4,36,0,0,0,https://library.bengo4.com/reader/?cid=c7c5d8ae5d95a7ec16a6746465c6485b838e77e59018d09462b90e93c0d3d4b1&sort=default
39e39670aec668af09862b424303226611d1457c5556bf23bf9ec6044496f3a6,障害者弁護ビギナーズ,現代人文社,9784877987763,http://www.genjin.jp/book/b564163.html,一般社団法人東京TSネット,2021/03/20,40,20,20,0,0,0,https://library.bengo4.com/reader/?cid=39e39670aec668af09862b424303226611d1457c5556bf23bf9ec6044496f3a6&sort=default
21cbbb7e344f576ac9886d9a3e7b7b7ef1879c19bc646c30a02a639bcc561673,聴ける！実用法律書 改訂新版 図解で早わかり 最新 労働安全衛生法の基本と実務がわかる事典,三修社,9784384049770,https://www.sanshusha.co.jp/np/isbn/9784384049770/,近藤美穂,2025/12/20,39,1,38,0,0,0,https://library.bengo4.com/reader/?cid=21cbbb7e344f576ac9886d9a3e7b7b7ef1879c19bc646c30a02a639bcc561673&sort=default
7eb00afb4f8f16fde370aae794a26540d077557ad5ee5fb3880e587537438f11,図解で早わかり 三訂版 労働安全衛生法のしくみ,三修社,9784384049572,https://www.sanshusha.co.jp/np/isbn/9784384049572/,林智之,2025/02/20,39,0,39,0,0,0,https://library.bengo4.com/reader/?cid=7eb00afb4f8f16fde370aae794a26540d077557ad5ee5fb3880e587537438f11&sort=default
91380844e40a975a7eb215b9b0b6316401240b4d82fa98988b4270d498b55cfa,Q&A限定承認・相続放棄の実務と書式,民事法研究会,9784865562408,http://www.minjiho.com/shopdetail/000000001034,相続実務研究会,2018/10/01,39,20,19,0,0,0,https://library.bengo4.com/reader/?cid=91380844e40a975a7eb215b9b0b6316401240b4d82fa98988b4270d498b55cfa&sort=default
d149df85c785793e5da9ef400e2ddb5b8b86c0ee6e8b0880b66f3a564665470e,事例でわかる 任意後見の実務,日本加除出版,,https://www.kajo.co.jp/c/book/05/0502/40868000001,勝 猛一,2021/06/01,37,37,0,0,0,0,https://library.bengo4.com/reader/?cid=d149df85c785793e5da9ef400e2ddb5b8b86c0ee6e8b0880b66f3a564665470e&sort=default
dc5561b02ece2abee98d8cdd65fd8066872397fb5b9f5f2d6fc0b5e6017cba6c,訴訟リスクを劇的にダウンさせる就業規則の考え方、作り方。  ～多くの負け裁判分析を基にした規程・運用例を収載～,労働新聞社,9784897615653,https://www.rodo.co.jp/book/9784897615653/,"堀下 和紀, 穴井 隆二, 渡邉 直貴, 兵頭 尚",2015/06/22,37,37,0,0,0,0,https://library.bengo4.com/reader/?cid=dc5561b02ece2abee98d8cdd65fd8066872397fb5b9f5f2d6fc0b5e6017cba6c&sort=default
966189ac4a4a0f6155de3fd1cd5ea7cb2814aa6f6d2018878a4f40932d283c9d,聴ける！実用法律書 すぐに役立つ 入管法と外国人雇用の法律と手続き,三修社,9784384049633,https://www.sanshusha.co.jp/np/isbn/9784384049633/,服部真和,2025/06/20,36,0,36,0,0,0,https://library.bengo4.com/reader/?cid=966189ac4a4a0f6155de3fd1cd5ea7cb2814aa6f6d2018878a4f40932d283c9d&sort=default
14107b3dbda3d1995abb8b8982510cbdefaf8c42b97e475cbfa5e302cda61ab0,医療現場における 対人トラブル対応の手引,新日本法規出版,,https://www.sn-hoki.co.jp/shop/item/5100286,蒔田覚,2023/08/08,36,36,0,0,0,0,https://library.bengo4.com/reader/?cid=14107b3dbda3d1995abb8b8982510cbdefaf8c42b97e475cbfa5e302cda61ab0&sort=default
b11bb69ba1642dd8404499da6b722cec7c7c8cc9ed0b0580c3ba21b5f59a5a9b,聴ける！実用法律書 すぐに役立つ よくわかる離婚の法律と手続き,三修社,9784384049640,https://www.sanshusha.co.jp/np/isbn/9784384049640/,森公任,2025/06/20,33,1,32,0,0,0,https://library.bengo4.com/reader/?cid=b11bb69ba1642dd8404499da6b722cec7c7c8cc9ed0b0580c3ba21b5f59a5a9b&sort=default
dcf6a89fa74c5b1565c08a8ee89d242cfa10237d02b5d82b0ba8ec8ce88d6ed7,聴ける！実用法律書 すぐに役立つ 不動産の相続しくみと手続き,三修社,9784384049756,https://www.sanshusha.co.jp/np/isbn/9784384049756/,"武田守, 安部高樹",2025/11/20,32,2,30,0,0,0,https://library.bengo4.com/reader/?cid=dcf6a89fa74c5b1565c08a8ee89d242cfa10237d02b5d82b0ba8ec8ce88d6ed7&sort=default
45353bbdc6cc05926766a4dbd131d3b3cec0fd1366de0f8fbe0accbbb456d367,改訂 家族信託契約,日本加除出版,,https://www.kajo.co.jp/c/book/05/0503/40693000002,遠藤 英嗣,2023/04/01,32,32,0,0,0,0,https://library.bengo4.com/reader/?cid=45353bbdc6cc05926766a4dbd131d3b3cec0fd1366de0f8fbe0accbbb456d367&sort=default
4f9292ba3093397bcfbea68702cbafdc854b3ac8bf4dc97626dfb56698d8d193,第2版 消費者法実務ハンドブック,日本加除出版,,https://www.kajo.co.jp/c/book/06/0602/40691000002,"安達 敏男, 吉川 樹士, 安重 洋介, 吉川 康代",2021/11/01,32,32,0,0,0,0,https://library.bengo4.com/reader/?cid=4f9292ba3093397bcfbea68702cbafdc854b3ac8bf4dc97626dfb56698d8d193&sort=default
a2de3ffa695fe2e762b53ab5b9c1e554a3363a1bc4376aafed341c4e05a19249,抵当権・根抵当権に関する登記と実務,日本加除出版,,https://www.kajo.co.jp/c/book/02/0201/40970000001,山田 猛司,2016/08/30,31,31,0,0,0,0,https://library.bengo4.com/reader/?cid=a2de3ffa695fe2e762b53ab5b9c1e554a3363a1bc4376aafed341c4e05a19249&sort=default
f55c2e0045a1b97dfb797ab4825687afae12b1ba2d83d0e1937332ffc8ddecac,すぐに役立つ 入門図解 最新 不動産競売・任意売却の法律と手続き,三修社,9784384049299,https://www.sanshusha.co.jp/np/isbn/9784384049299/,松岡 慶子,2023/12/30,29,9,20,0,0,0,https://library.bengo4.com/reader/?cid=f55c2e0045a1b97dfb797ab4825687afae12b1ba2d83d0e1937332ffc8ddecac&sort=default
3f89bc07fbb8b3813bb8116ace53bd249d737d3f752dc80dfefd138355e6156a,第2版 相続財産の管理と処分の実務,日本加除出版,,https://www.kajo.co.jp/book/40514000002.html,一般社団法人 日本財産管理協会,2018/09/29,28,28,0,0,0,0,https://library.bengo4.com/reader/?cid=3f89bc07fbb8b3813bb8116ace53bd249d737d3f752dc80dfefd138355e6156a&sort=default
daeea6c77aaeb10b9c4e285d120974bdc1469c8ddae480ae02e3723f5c21fa3c,Q&A 実務家のためのYouTube法務の手引き,日本加除出版,,https://www.kajo.co.jp/c/book/06/0603/40933000001,河瀬 季,2022/10/01,26,26,0,0,0,0,https://library.bengo4.com/reader/?cid=daeea6c77aaeb10b9c4e285d120974bdc1469c8ddae480ae02e3723f5c21fa3c&sort=default
65120df896ab2502448c643a11eb3a6720c994f17fb40aeb84d5339a45158bd2,インターネットにおける誹謗中傷法的対策マニュアル〈第４版〉,中央経済社,9784502411915,https://www.biz-book.jp/isbn/978-4-502-41191-5,中澤 佑一,2022/03/28,26,26,0,0,0,0,https://library.bengo4.com/reader/?cid=65120df896ab2502448c643a11eb3a6720c994f17fb40aeb84d5339a45158bd2&sort=default
865c28f725783547cc482d27f745f27e28f3ab99afd3f599cce19f00fc255508,行為類型別 詐害行為取消訴訟の実務,日本加除出版,,https://www.kajo.co.jp/c/book/06/0605/40889000001,高須 順一,2021/10/01,25,25,0,0,0,0,https://library.bengo4.com/reader/?cid=865c28f725783547cc482d27f745f27e28f3ab99afd3f599cce19f00fc255508&sort=default
9c5db47aa4c9d58144879ba5fa6a9f19c65fda13f564c1582879f2d1d5beb65c,実務・労働者派遣法概説〈第2版〉,中央経済社,9784502386817,https://www.biz-book.jp/isbn/978-4-502-38681-7,成田孝士,2021/04/09,25,25,0,0,0,0,https://library.bengo4.com/reader/?cid=9c5db47aa4c9d58144879ba5fa6a9f19c65fda13f564c1582879f2d1d5beb65c&sort=default
4a4850b85601f6f5b2489d59daf85ba90f09191a89538769ef0ce9d1c68e5176,消費者法実務ハンドブック 消費者契約法・特定商取引法・割賦販売法の実務と書式,日本加除出版,,https://www.kajo.co.jp/c/book/06/0602/40691000002,"安達 敏男, 吉川 樹士",2017/09/22,25,25,0,0,0,0,https://library.bengo4.com/reader/?cid=4a4850b85601f6f5b2489d59daf85ba90f09191a89538769ef0ce9d1c68e5176&sort=default
8b03d07059a0604a9b4ad2891ba40c1df6930bfbd58c708d90c6aabcbafba666,個人情報保護・管理の基本と書式〈第２版〉,中央経済社,9784502411311,https://www.biz-book.jp/isbn/978-4-502-41131-1,長谷川 俊明,2021/12/09,24,24,0,0,0,0,https://library.bengo4.com/reader/?cid=8b03d07059a0604a9b4ad2891ba40c1df6930bfbd58c708d90c6aabcbafba666&sort=default
0c54e860953116d577ec93932ecb77377dbfb8247567381499231c476e45b513,販売店契約の実務,中央経済社,9784502271014,https://www.biz-book.jp/isbn/978-4-502-27101-4,小島国際法律事務所,2018/06/29,24,24,0,0,0,0,https://library.bengo4.com/reader/?cid=0c54e860953116d577ec93932ecb77377dbfb8247567381499231c476e45b513&sort=default
e3033fe26824a882206c23ba65412c867e647cea6d9e06b022a2cf8ed2f2bff8,第３版 会社法定款事例集,日本加除出版,,https://www.kajo.co.jp/c/book/07/0704/40306000004,"田村 洋三, 土井 万二, 内藤 卓",2015/08/07,24,24,0,0,0,0,https://library.bengo4.com/reader/?cid=e3033fe26824a882206c23ba65412c867e647cea6d9e06b022a2cf8ed2f2bff8&sort=default
8b0f1faaf4f228af8fd4da81c77b6e94ff9a5a5b32134e6a1389b029548e8f26,聴ける！実用法律書 すぐに役立つ 民泊【住宅宿泊事業法・旅館業法】の法律問題,三修社,9784384049688,https://www.sanshusha.co.jp/np/isbn/9784384049688/,服部真和,2025/07/20,23,1,22,0,0,0,https://library.bengo4.com/reader/?cid=8b0f1faaf4f228af8fd4da81c77b6e94ff9a5a5b32134e6a1389b029548e8f26&sort=default
c805201a6bb6b4c4d59d89130f3f19c90847061a3f79723a0a4755aceb972c10,すぐに役立つ 入門図解 最新 パート、副業、高齢者雇用、派遣、請負契約の法律知識,三修社,9784384049626,https://www.sanshusha.co.jp/np/isbn/9784384049626/,近藤美穂,2025/04/20,23,5,18,0,0,0,https://library.bengo4.com/reader/?cid=c805201a6bb6b4c4d59d89130f3f19c90847061a3f79723a0a4755aceb972c10&sort=default
78979ae8921668151553283bc9311c54af026253b8a96ff2e3d1432a96afdef9,ケース解説 休職・休業・復職の実務と書式,新日本法規出版,,https://www.sn-hoki.co.jp/shop/item/5100316,浅井隆,2024/04/01,22,22,0,0,0,0,https://library.bengo4.com/reader/?cid=78979ae8921668151553283bc9311c54af026253b8a96ff2e3d1432a96afdef9&sort=default
2937d17cb79afb618b185873b90b3529b2b73c0ace5638d95176059a021ed98d,経験者が語るＱ＆Ａ電子契約導入・運用実務のすべて,中央経済社,9784502397615,https://www.biz-book.jp/isbn/978-4-502-39761-5,"柴山吉報, 高岸亘, 桑名直樹, 水井大, 冨山京子",2021/09/27,22,22,0,0,0,0,https://library.bengo4.com/reader/?cid=2937d17cb79afb618b185873b90b3529b2b73c0ace5638d95176059a021ed98d&sort=default
17770017a043bb5140bb22c5b5a1efde9860acbc983d36c99ecaa97729d2f0ec,事業者必携 改訂新版 入門図解 職場のハラスメント【セクハラ・パワハラ・マタハラ】の法律と対策,三修社,9784384049497,https://www.sanshusha.co.jp/np/isbn/9784384049497/,林智之,2024/10/20,21,4,17,0,0,0,https://library.bengo4.com/reader/?cid=17770017a043bb5140bb22c5b5a1efde9860acbc983d36c99ecaa97729d2f0ec&sort=default
50fb8c9afe0da8558767ebf1e70f3176cffee2ff7b1218b47ceb432197f06a52,チェックリストでわかる 実務家・企業のためのスタートアップ法務,日本加除出版,,https://www.kajo.co.jp/c/book/07/0704/40995000001,岡本直也,2024/08/01,21,21,0,0,0,0,https://library.bengo4.com/reader/?cid=50fb8c9afe0da8558767ebf1e70f3176cffee2ff7b1218b47ceb432197f06a52&sort=default
225807a266d3b7bb4c09d1f02687e78badd968ec431cbac915d3cbbb9ecef781,明日、相談を受けても大丈夫！労働事件の基本と実務,日本加除出版,,https://www.kajo.co.jp/c/book/07/0702/40800000001,旬報法律事務所,2020/01/01,21,21,0,0,0,0,https://library.bengo4.com/reader/?cid=225807a266d3b7bb4c09d1f02687e78badd968ec431cbac915d3cbbb9ecef781&sort=default
64d83d0039161f42c1b597d6db3e64d8ba7097a958cb38523ed8bacb07c573f4,契約書作成の実務と書式〔第2版〕,有斐閣,9784641138148,https://www.yuhikaku.co.jp/books/detail/9784641138148,阿部・井窪・片山法律事務所,2019/09/24,21,21,0,0,0,0,https://library.bengo4.com/reader/?cid=64d83d0039161f42c1b597d6db3e64d8ba7097a958cb38523ed8bacb07c573f4&sort=default
2d23fa2602f6b8a78f0690fc6c853560162af7d0947cfb5c9a79cc324aaca6e7,第２版 実務 英文契約書文例集,日本加除出版,,https://www.kajo.co.jp/c/book/07/0701/40457000002,"黒河内 明子, ムーン・キ・チャイ",2017/06/01,21,21,0,0,1,0,https://library.bengo4.com/reader/?cid=2d23fa2602f6b8a78f0690fc6c853560162af7d0947cfb5c9a79cc324aaca6e7&sort=default
85663188c5622fd2086df5ec68d8e47b6c5eeff7d1b52f551b056d77841baf8f,事業者必携 最新 働き方が変わる！テレワーク・副業・兼業の法律と手続き,三修社,9784384049459,https://www.sanshusha.co.jp/np/isbn/9784384049459/,林 智之,2024/08/20,19,15,4,0,0,0,https://library.bengo4.com/reader/?cid=85663188c5622fd2086df5ec68d8e47b6c5eeff7d1b52f551b056d77841baf8f&sort=default
774b7da4df4e40c4d60fa114ef99b8a40ef3ac2be2fe80ad59f1959855bea3de,事業者必携 労務リスクを減らすための 入門図解 労務管理の法律知識 実践マニュアル,三修社,9784384049077,https://www.sanshusha.co.jp/np/isbn/9784384049077/,小島 彰,2023/01/30,19,4,15,0,0,0,https://library.bengo4.com/reader/?cid=774b7da4df4e40c4d60fa114ef99b8a40ef3ac2be2fe80ad59f1959855bea3de&sort=default
5736f5b0aa00395fd93a77df5972e13de6224f5bd4a16528bfcdc8af807bf4f3,現代型ビジネスシーン別 契約条項例とチェックポイント,日本加除出版,,https://www.kajo.co.jp/c/book/07/0701/40843000001,"出澤 秀二, 丸野 登紀子, 大賀 祥大",2020/11/01,19,19,0,0,0,0,https://library.bengo4.com/reader/?cid=5736f5b0aa00395fd93a77df5972e13de6224f5bd4a16528bfcdc8af807bf4f3&sort=default
2646884604bd68fc6e4377cc74c3c8e51ab456df13f28bf1f44c5b50a7327afa,訴訟弁護士入門,中央経済社,9784502269110,https://www.biz-book.jp/isbn/978-4-502-26911-0,"飛松純一, 荒井正児, 佐藤久文, 阿南剛",2018/06/26,19,19,0,0,0,0,https://library.bengo4.com/reader/?cid=2646884604bd68fc6e4377cc74c3c8e51ab456df13f28bf1f44c5b50a7327afa&sort=default
4e0e54f32389c2739132521256071990e61c917c8c4aa8794d5273a2d4a34ab5,すぐに役立つ 知っておきたい！最新 不動産の売買・保有・賃貸・相続のための税金の基本,三修社,9784384049411,https://www.sanshusha.co.jp/np/isbn/9784384049411/,武田守,2024/06/20,18,0,18,0,0,0,https://library.bengo4.com/reader/?cid=4e0e54f32389c2739132521256071990e61c917c8c4aa8794d5273a2d4a34ab5&sort=default
a152276a8ffa71dff27be00ffa0cb5ba7baf291681490f09e8680e4eb7590dd2,監査等委員会設置会社の実務〈第２版〉,中央経済社,9784502175718,https://www.biz-book.jp/isbn/978-4-502-17571-8,松浪信也,2015/11/25,18,18,0,0,0,0,https://library.bengo4.com/reader/?cid=a152276a8ffa71dff27be00ffa0cb5ba7baf291681490f09e8680e4eb7590dd2&sort=default
d36772631f345bdb408aa8e3391f13861de7827d0bae8bbd9e1d2114a8f0b9d2,遺言無効紛争事件実務マニュアル,新日本法規出版,,https://www.sn-hoki.co.jp/shop/item/5100292,中根秀樹,2023/08/28,17,17,0,0,0,0,https://library.bengo4.com/reader/?cid=d36772631f345bdb408aa8e3391f13861de7827d0bae8bbd9e1d2114a8f0b9d2&sort=default
0d522b4d0c7a848cf18f2e03ead16361c8f7a8e5582a06db440b59e1b530b04a,業務委託契約の基本と書式〈第2版〉,中央経済社,9784502420917,https://www.biz-book.jp/isbn/978-4-502-42091-7,長谷川俊明,2022/05/31,17,17,0,0,0,0,https://library.bengo4.com/reader/?cid=0d522b4d0c7a848cf18f2e03ead16361c8f7a8e5582a06db440b59e1b530b04a&sort=default
a12ebbc19ea4fdc7d05d7e8f63029f259aac02a9ca853a66473c123516ecedd9,契約書作成の実務と書式,有斐閣,9784641136595,http://www.yuhikaku.co.jp/books/detail/9784641136595,阿部・井窪・片山法律事務所,2014/06/30,17,17,0,0,0,0,https://library.bengo4.com/reader/?cid=a12ebbc19ea4fdc7d05d7e8f63029f259aac02a9ca853a66473c123516ecedd9&sort=default
a6f1b9a1e1a02eb9dbf2e22680ed2c0c398838ae2c1be56c674233c6d0dbe6d0,すぐに役立つ 最新 図解とQ&Aでわかる 個人開業・青色申告のしくみと手続きマニュアル,三修社,9784384049602,https://www.sanshusha.co.jp/np/isbn/9784384049602/,武田守,2025/03/20,16,0,16,0,0,0,https://library.bengo4.com/reader/?cid=a6f1b9a1e1a02eb9dbf2e22680ed2c0c398838ae2c1be56c674233c6d0dbe6d0&sort=default
874b6343fd90ef15745ebd4bc9dc5ecc4be2834bfcd60f23bca74614fcbdf770,初めての人のための契約書の実務〈第４版〉,中央経済社,9784502434518,https://www.biz-book.jp/isbn/978-4-502-43451-8,牧野和夫,2022/06/23,16,16,0,0,0,0,https://library.bengo4.com/reader/?cid=874b6343fd90ef15745ebd4bc9dc5ecc4be2834bfcd60f23bca74614fcbdf770&sort=default
ef5a5e089fdf3c50fc04a96084f983e8816626ba78f4e413c86a91ac8ad48768,事業者必携 入門図解 最新 知っておきたい金融商品取引法の法律知識,三修社,9784384049435,https://www.sanshusha.co.jp/np/isbn/9784384049435/,"森 公任, 森元 みのり",2024/07/20,15,15,0,0,0,0,https://library.bengo4.com/reader/?cid=ef5a5e089fdf3c50fc04a96084f983e8816626ba78f4e413c86a91ac8ad48768&sort=default
5e487c848ed4d2245fc37a70800cbb53b6c4450831abdb576c22633e672018d3,明日、相談を受けても大丈夫! ハラスメント事件の基本と実務―モデルストーリーとその実務、書式と裁判例,日本加除出版,,https://www.kajo.co.jp/c/book/40773000002,"横山 佳枝, 倉田 梨恵",2019/08/05,15,15,0,0,0,0,https://library.bengo4.com/reader/?cid=5e487c848ed4d2245fc37a70800cbb53b6c4450831abdb576c22633e672018d3&sort=default
2cec2d21dbb4fe9f66d2f18f3be59832b3f20c566798929419daa64e5d1c8015,ハラスメントの事件対応の手引き—内容証明・訴状・告訴状ほか文例—,日本加除出版,,https://www.kajo.co.jp/c/book/40660000002,第二東京弁護士会両性の平等に関する委員会,2016/12/06,15,15,0,0,0,0,https://library.bengo4.com/reader/?cid=2cec2d21dbb4fe9f66d2f18f3be59832b3f20c566798929419daa64e5d1c8015&sort=default
b3e87d280241618381bc03b4d641f07cd66be1a830c1e9fa8427f3da2ff4a486,聴ける！実用法律書 事業者必携 IT企業・エンジニアのための法律問題と対策,三修社,9784384049725,https://www.sanshusha.co.jp/np/isbn/9784384049725/,服部真和,2025/09/20,14,6,8,0,0,0,https://library.bengo4.com/reader/?cid=b3e87d280241618381bc03b4d641f07cd66be1a830c1e9fa8427f3da2ff4a486&sort=default
ec1e5d045343868e9e8c648255eabd8db8096115f4323584103b61c57cad2b73,すぐに役立つ 図解とＱ＆Ａでわかる 正社員以外［パート・派遣・副業・高年齢者雇用］の働き方をめぐる法律問題,三修社,9784384049091,https://www.sanshusha.co.jp/np/isbn/9784384049091/,林 智之,2023/02/28,14,2,12,0,0,0,https://library.bengo4.com/reader/?cid=ec1e5d045343868e9e8c648255eabd8db8096115f4323584103b61c57cad2b73&sort=default
266b0e0e466aec3aa66f0b21ca05a6245b2fb03c17e7a692323785d281b21b95,契約解消の法律実務,中央経済社,9784502434013,https://www.biz-book.jp/isbn/978-4-502-43401-3,"松田世理奈, 辛川力太, 柴山吉報, 高岸亘",2022/07/26,14,14,0,0,0,0,https://library.bengo4.com/reader/?cid=266b0e0e466aec3aa66f0b21ca05a6245b2fb03c17e7a692323785d281b21b95&sort=default
57c225f9ac71eec59adb906e27d878fdcbb4770f3b50d975f8ff9eca9d7537a2,スキルアップ法律事務テキスト 民事訴訟・執行・保全の入門から実務まで,日本加除出版,,https://www.kajo.co.jp/c/book/06/0606/40390000001,矢野 公一,2012/02/01,14,14,0,0,0,0,https://library.bengo4.com/reader/?cid=57c225f9ac71eec59adb906e27d878fdcbb4770f3b50d975f8ff9eca9d7537a2&sort=default
0bd9f440c421d34ada74b757d9ee30017e8351b1aef5ce03bd370561a9b5b599,明日、相談を受けても大丈夫！慰謝料請求事件の基本と実務,日本加除出版,,https://www.kajo.co.jp/c/book/06/0604/40911000001,長瀨 佑志,2022/06/01,13,13,0,0,0,0,https://library.bengo4.com/reader/?cid=0bd9f440c421d34ada74b757d9ee30017e8351b1aef5ce03bd370561a9b5b599&sort=default
d2a71083a324d7aaf16d994daa72ce8cbcd92591bb026a577769a46ead9d27eb,データ取引契約の基本と書式,中央経済社,9784502274411,https://www.biz-book.jp/isbn/978-4-502-27441-1,長谷川 俊明,2018/09/07,13,13,0,0,0,0,https://library.bengo4.com/reader/?cid=d2a71083a324d7aaf16d994daa72ce8cbcd92591bb026a577769a46ead9d27eb&sort=default
b1d29d4f2364a9bc91cb852d58e3dd5ddf7488db51e58cd7589dd5d635ea967e,聴ける！実用法律書 事業者必携 クレーム・リコールの基本とカスハラ対策,三修社,9784384049718,https://www.sanshusha.co.jp/np/isbn/9784384049718/,森公任,2025/09/20,12,6,6,0,0,0,https://library.bengo4.com/reader/?cid=b1d29d4f2364a9bc91cb852d58e3dd5ddf7488db51e58cd7589dd5d635ea967e&sort=default
3ad44ebb8b0d5a0ebdca1ead333a75e3d5572518d01f555ebf82d94856590da5,令和3年改正法対応 発信者情報開示命令活用マニュアル,中央経済社,9784502461415,https://www.biz-book.jp/isbn/978-4-502-46141-5,中澤佑一,2023/05/25,12,12,0,0,0,0,https://library.bengo4.com/reader/?cid=3ad44ebb8b0d5a0ebdca1ead333a75e3d5572518d01f555ebf82d94856590da5&sort=default
8ccfa2daf310bcad77defa1d0aad0086ee50e7f61e5d238d1a165025a7211515,すぐに役立つ 最新 退職・失業等給付・生活保護の法律と手続き,三修社,9784384049596,https://www.sanshusha.co.jp/np/isbn/9784384049596/,林智之,2025/03/20,11,0,11,0,0,0,https://library.bengo4.com/reader/?cid=8ccfa2daf310bcad77defa1d0aad0086ee50e7f61e5d238d1a165025a7211515&sort=default
5c39049a5e056090189ec84324fa4b83cb9215ab7fe7a675401f5ec57ec88af1,離婚協議書・婚姻契約条項例集,日本加除出版,,https://www.kajo.co.jp/c/book/05/0504/40903000001,"髙井翔, 竹下龍之介, 中村啓乃, 宮﨑晃, 本村安宏",2023/07/01,11,11,0,0,0,0,https://library.bengo4.com/reader/?cid=5c39049a5e056090189ec84324fa4b83cb9215ab7fe7a675401f5ec57ec88af1&sort=default
6dcb5af445ba687cdc0be1e650120da2106724ac45301c9cec54267a7074ad9b,カスハラ対策実務マニュアル,日本加除出版,,https://www.kajo.co.jp/c/book/07/0702/40914000001,"香川 希理, 島岡 真弓, 松田 優, 上田 陽太",2022/08/01,11,11,0,0,0,0,https://library.bengo4.com/reader/?cid=6dcb5af445ba687cdc0be1e650120da2106724ac45301c9cec54267a7074ad9b&sort=default
2a142f30098c3e24b8160e74d811b8b4dc888daa97b2faed6e901d0e29bd7722,ペット訴訟ハンドブック,日本加除出版,,https://www.kajo.co.jp/c/book/06/0605/40840000001,渋谷 寛,2020/10/01,11,11,0,0,0,0,https://library.bengo4.com/reader/?cid=2a142f30098c3e24b8160e74d811b8b4dc888daa97b2faed6e901d0e29bd7722&sort=default
56e61a81415546ae15efd62c4ac3e1ad18e0469744e742b29813142c559941d4,中小企業は『懲戒処分』を使いこなしなさい  ～先生、これって懲戒処分にできますか？～,労働新聞社,9784897617121,https://www.rodo.co.jp/book/9784897617121/,"安中 繁, 竹村 淳",2018/07/20,11,11,0,0,0,0,https://library.bengo4.com/reader/?cid=56e61a81415546ae15efd62c4ac3e1ad18e0469744e742b29813142c559941d4&sort=default
0b279d3462df27669050f77ec6edebafb92ef3c8dcdef0c73ae812ef3d88b8c4,テーマ別 労働紛争予防・解決の実務ポイント,中央経済社,9784502534119,https://www.biz-book.jp/isbn/978-4-502-53411-9,"西本良輔, 奥田隆文, 奥田亮輔, 北和尚, 秋月良子, 上田雅大, 森田茉莉子, 五十嵐充, 島田里奈",2025/05/22,10,10,0,0,0,0,https://library.bengo4.com/reader/?cid=0b279d3462df27669050f77ec6edebafb92ef3c8dcdef0c73ae812ef3d88b8c4&sort=default
da8165136a07778d10d41e991d90a09b4608ea6e0498a888da18bc2ddab3c7b2,ヒアリングシートを活用した 離婚相談 聴取事項のチェックポイント,新日本法規出版,,https://www.sn-hoki.co.jp/shop/item/5100168,久保田有子,2021/04/13,10,10,0,0,0,0,https://library.bengo4.com/reader/?cid=da8165136a07778d10d41e991d90a09b4608ea6e0498a888da18bc2ddab3c7b2&sort=default
f8d64e3759f0ca255aedf2db451728341849ab6380cd2d55c0d5ccc299d8f4ff,民法改正で変わる！契約実務チェックポイント,日本加除出版,,https://www.kajo.co.jp/c/book/07/0701/40666000002,"野村 豊弘, 虎ノ門南法律事務所",2017/03/18,10,10,0,0,0,0,https://library.bengo4.com/reader/?cid=f8d64e3759f0ca255aedf2db451728341849ab6380cd2d55c0d5ccc299d8f4ff&sort=default
ddd183d5cdc7cfbe8c0b686a523915406d04b9a0f0846be1119feec1bced5f1d,聴ける！実用法律書 図解で早わかり 給与計算のしくみと手続き,三修社,9784384049695,https://www.sanshusha.co.jp/np/isbn/9784384049695/,"近藤美穂, 武田守",2025/08/20,9,1,8,0,0,0,https://library.bengo4.com/reader/?cid=ddd183d5cdc7cfbe8c0b686a523915406d04b9a0f0846be1119feec1bced5f1d&sort=default
356d34c9656989e7887febacc3de8fdacb178b3ca6b6faef67853fe648bef96e,コンテンツ別ウェブサイトの著作権Q&A〈第2版〉,中央経済社,9784502439414,https://www.biz-book.jp/isbn/978-4-502-43941-4,"雪丸真吾, 福市航介, 宮澤真志",2022/08/25,9,9,0,0,1,0,https://library.bengo4.com/reader/?cid=356d34c9656989e7887febacc3de8fdacb178b3ca6b6faef67853fe648bef96e&sort=default
b6d2aef165d339ae4fd34c6d017bb9d56dda6a6e40c3bdb1612c3dc523fbdc48,株主管理・少数株主対策ハンドブック,日本加除出版,,https://www.kajo.co.jp/c/book/07/0704/40910000001,"加藤真朗, 太井徹, 吉田真也, 佐野千誉, 金子真大, 坂本龍亮, 浅井佑太",2022/06/01,9,9,0,0,0,0,https://library.bengo4.com/reader/?cid=b6d2aef165d339ae4fd34c6d017bb9d56dda6a6e40c3bdb1612c3dc523fbdc48&sort=default
2acd99aec9d27722777ddc14dd69cc4325e98a8d88d3aa50bc1d07e847291b3e,退職勧奨と雇用調整の超実務,労働新聞社,9784897618463,https://www.rodo.co.jp/book/9784897618463/,日本イグジットマネジメント協会,2021/02/09,9,9,0,0,0,0,https://library.bengo4.com/reader/?cid=2acd99aec9d27722777ddc14dd69cc4325e98a8d88d3aa50bc1d07e847291b3e&sort=default
05c9e67655fc59533cc9c5784065598b1c7c058bf2c306044d91af593a1b9d60,改訂版 改正民法対応 住宅会社のための建築工事請負契約約款モデル条項の解説,日本加除出版,,https://www.kajo.co.jp/c/book/06/0601/40779000002,"秋野 卓生, 匠総合法律事務所",2020/03/01,9,9,0,0,0,0,https://library.bengo4.com/reader/?cid=05c9e67655fc59533cc9c5784065598b1c7c058bf2c306044d91af593a1b9d60&sort=default
e5c9fc0ded84d907e3739a60a22618a00aafc70ca3c732009dcebcef983c8767,第3版 予防・解決 職場のパワハラ セクハラ メンタルヘルス マタハラ・SOGIハラ・LGBT／雇用上の責任と防止措置義務、被害対応と対処法,日本加除出版,,https://www.kajo.co.jp/c/book/07/0702/40537000004,水谷 英夫,2018/07/05,9,9,0,0,0,0,https://library.bengo4.com/reader/?cid=e5c9fc0ded84d907e3739a60a22618a00aafc70ca3c732009dcebcef983c8767&sort=default
20932eea7867bc49e786e92d4b369d4089f0dd3d11b3643d1d6dda793bddec6c,詳解 裁量労働制,中央経済社,9784502509513,https://www.biz-book.jp/isbn/978-4-502-50951-3,"TMI総合法律事務所労働法プラクティスグループ, 近藤圭介, 益原大亮",2024/10/16,8,8,0,0,0,0,https://library.bengo4.com/reader/?cid=20932eea7867bc49e786e92d4b369d4089f0dd3d11b3643d1d6dda793bddec6c&sort=default
f185693ac794862c55c55d8c904874a901cacc5541120ad12b3962230750b506,図解で早わかり 最新 障害者福祉の法律と手続きがわかる事典,三修社,9784384049169,https://www.sanshusha.co.jp/np/isbn/9784384049169/,若林 美佳,2023/05/30,8,0,8,0,0,0,https://library.bengo4.com/reader/?cid=f185693ac794862c55c55d8c904874a901cacc5541120ad12b3962230750b506&sort=default
b708504569c24d26c339cb19c279185af66c0fbb681dc20481e4b1bce787e234,すぐに役立つ Q&Aでわかる 最新 近隣問題【建築・道路・境界・住環境】の法律とトラブル解決法,三修社,9784384049398,https://www.sanshusha.co.jp/np/isbn/9784384049398/,木島康夫,2024/05/20,7,7,0,0,0,0,https://library.bengo4.com/reader/?cid=b708504569c24d26c339cb19c279185af66c0fbb681dc20481e4b1bce787e234&sort=default
f62f22deeb82d0bff3caf46e2fd36c13076ef4a79706918de3a77d5df5e7210d,企業買収の実務プロセス〈第３版〉,中央経済社,9784502390111,https://www.biz-book.jp/isbn/978-4-502-39011-1,木俣貴光,2021/06/22,7,7,0,0,0,0,https://library.bengo4.com/reader/?cid=f62f22deeb82d0bff3caf46e2fd36c13076ef4a79706918de3a77d5df5e7210d&sort=default
09367f464f4ff8f86bba0009cea14f539c26b8d83d7e2d99bba618c4b07d3d96,建設業における知って得する「示談」の進め方 改訂２版,労働新聞社,9784897618128,https://www.rodo.co.jp/book/9784897618128/,建設安全衛生研究会,2020/06/11,7,7,0,0,0,0,https://library.bengo4.com/reader/?cid=09367f464f4ff8f86bba0009cea14f539c26b8d83d7e2d99bba618c4b07d3d96&sort=default
9d8f23a0c87f9f553b54c7ddaa36aa3d91d47d69bc337f5bf7bff0d67ce1e493,共同研究開発契約の法務〈第２版〉,中央経済社,9784502442414,https://www.biz-book.jp/isbn/978-4-502-44241-4,"重冨貴光, 酒匂景範, 古庄俊哉",2022/09/01,6,6,0,0,0,0,https://library.bengo4.com/reader/?cid=9d8f23a0c87f9f553b54c7ddaa36aa3d91d47d69bc337f5bf7bff0d67ce1e493&sort=default
b06f41489a88e9a5a7fe8a3139ac4f253f8c325e8149fab14d32c246a9b404e0,国家賠償法実務ハンドブック,日本加除出版,,https://www.kajo.co.jp/c/book/04/0404/40753000001,"安達 敏男, 吉川 樹士, 須田 啓介, 安重 洋介",2019/03/01,6,6,0,0,0,0,https://library.bengo4.com/reader/?cid=b06f41489a88e9a5a7fe8a3139ac4f253f8c325e8149fab14d32c246a9b404e0&sort=default
1b42d12c201dea8bcec07bbb8ffe32dd9341f66c40ed0c09c7922366696aa519,労務管理は負け裁判に学べ！2  ～なぜ負け続けるのか？これが最後の負け戦！～,労働新聞社,9784897617206,https://www.rodo.co.jp/book/9784897617206/,"堀下 和紀, 望月 建吾, 渡邉 直貴, 浅野 英之",2018/10/22,6,6,0,0,0,0,https://library.bengo4.com/reader/?cid=1b42d12c201dea8bcec07bbb8ffe32dd9341f66c40ed0c09c7922366696aa519&sort=default
eeeb3ed6ad378f021b3717c3fce3a2695f8f32f390cc76fa02b8f15ea85d55f3,改正外国人技能実習制度の実務,労働新聞社,9784897616650,https://www.rodo.co.jp/book/9784897616650/,労働新聞社,2017/07/26,6,6,0,0,0,0,https://library.bengo4.com/reader/?cid=eeeb3ed6ad378f021b3717c3fce3a2695f8f32f390cc76fa02b8f15ea85d55f3&sort=default
ead0a149e7b98585077ff6a32e39ef303de1dda1901e12792488f3c55d76594d,図解で早分かり 最新 夫婦・親子の法律と手続きがわかる事典,三修社,9784384049565,https://www.sanshusha.co.jp/np/isbn/9784384049565/,森 公任,2025/01/20,5,1,4,0,0,0,https://library.bengo4.com/reader/?cid=ead0a149e7b98585077ff6a32e39ef303de1dda1901e12792488f3c55d76594d&sort=default
c4e683b5b78433e4edcf4f8db04663e79e46448a59ff9624761bb5ded15a9199,事業者必携 入門図解 最新 ネットビジネス運営のための法律と手続き,三修社,9784384049275,https://www.sanshusha.co.jp/np/isbn/9784384049275/,"森 公任, 森元 みのり",2023/11/30,5,5,0,0,0,0,https://library.bengo4.com/reader/?cid=c4e683b5b78433e4edcf4f8db04663e79e46448a59ff9624761bb5ded15a9199&sort=default
79fbf714dc148eafb852503c70ac64c42bfe4e90cdc711d3e697b2202c104aca,改訂新版 すぐに役立つ 入門図解 最新 介護保険【サービス・費用】と介護施設のしくみと手続き,三修社,9784384049428,https://www.sanshusha.co.jp/np/isbn/9784384049428/,若林美佳,2024/06/20,4,0,4,0,0,0,https://library.bengo4.com/reader/?cid=79fbf714dc148eafb852503c70ac64c42bfe4e90cdc711d3e697b2202c104aca&sort=default
798b7283128961a0a87bfdafa0671cedbe856686d7c933e6b724975a1384bb0e,改訂新版 すぐに役立つ これならわかる 障害者総合支援法と支援サービスのしくみと手続き,三修社,9784384049374,https://www.sanshusha.co.jp/np/isbn/9784384049374/,若林美佳,2024/04/20,4,0,4,0,0,0,https://library.bengo4.com/reader/?cid=798b7283128961a0a87bfdafa0671cedbe856686d7c933e6b724975a1384bb0e&sort=default
e80d35b1c3fbdb8c8340173c5911fa830c3ff39379585155713a0e126493d984,事業者必携 入門図解 インボイス制度に対応！最新 ビジネス契約書と請求書・領収書・印鑑・印紙税の実務知識,三修社,9784384049237,https://www.sanshusha.co.jp/np/isbn/9784384049237/,"松岡 慶子, 武田 守",2023/08/30,4,4,0,0,0,0,https://library.bengo4.com/reader/?cid=e80d35b1c3fbdb8c8340173c5911fa830c3ff39379585155713a0e126493d984&sort=default
b3be12d9aa4e730c99c1faa94c7458b9d31592689da3ff33413d7b9fc67b67ee,秘密保持契約書・共同開発契約書 第二版,日本商事仲裁協会,,https://www.jcaa.or.jp/publication/contract.html#anc-12,日本商事仲裁協会,2022/10/31,4,4,0,0,0,0,https://library.bengo4.com/reader/?cid=b3be12d9aa4e730c99c1faa94c7458b9d31592689da3ff33413d7b9fc67b67ee&sort=default
55cac698f6db61032f72aaf7c6c47aebee5d7a1e838efd4a2d65086a9f9e47a9,業務委託契約書作成のポイント〈第2版〉,中央経済社,9784502406010,https://www.biz-book.jp/isbn/978-4-502-40601-0,近藤 圭介,2022/02/03,4,4,0,0,0,0,https://library.bengo4.com/reader/?cid=55cac698f6db61032f72aaf7c6c47aebee5d7a1e838efd4a2d65086a9f9e47a9&sort=default
32fb79aaba5287735a892aba5838b40d1261db15fc945afad5b2ef1d5a2055e2,無断離婚対応マニュアル,日本加除出版,,https://www.kajo.co.jp/c/book/05/0504/40780000001,"二宮 周平, 松本 康之, 協議離婚問題研究会（リコン・アラート）",2019/09/01,4,4,0,0,0,0,https://library.bengo4.com/reader/?cid=32fb79aaba5287735a892aba5838b40d1261db15fc945afad5b2ef1d5a2055e2&sort=default
5f08acc8c302cde47ce94b3e0e45a88a8b8a0388d1b6efd59c8ae3ce703867a4,聴ける！実用法律書 すぐに役立つ 空き家を上手に活用するための法律と税金入門,三修社,9784384049657,https://www.sanshusha.co.jp/np/isbn/9784384049657/,"服部真和, 武田守",2025/06/20,3,0,3,0,0,0,https://library.bengo4.com/reader/?cid=5f08acc8c302cde47ce94b3e0e45a88a8b8a0388d1b6efd59c8ae3ce703867a4&sort=default
3781f00495730b1c05c3c4d250de7c0ace6f9b3d55306e4f29f3b9a708a26df0,事業者必携 最新 知っておきたい！ 法務リスクとトラブル予防の法律知識,三修社,9784384049619,https://www.sanshusha.co.jp/np/isbn/9784384049619/,木島康雄,2025/04/20,3,1,2,0,0,0,https://library.bengo4.com/reader/?cid=3781f00495730b1c05c3c4d250de7c0ace6f9b3d55306e4f29f3b9a708a26df0&sort=default
dc284e3a02f9629bfca7bf7001070305d2edf2b50c1c1bbe7d4d0fa2a9a6fa49,すぐに役立つ 入門図解 これだけは知っておきたい！建築基準法のしくみ,三修社,9784384049480,https://www.sanshusha.co.jp/np/isbn/9784384049480/,木島康夫,2024/09/20,3,3,0,0,0,0,https://library.bengo4.com/reader/?cid=dc284e3a02f9629bfca7bf7001070305d2edf2b50c1c1bbe7d4d0fa2a9a6fa49&sort=default
393b6e45d5c140c2b26767fb87e9f7a6059d6e7782762f31ea7aa48ca50eb3c4,すぐに役立つ 最新 これだけは知っておきたい！介護保険施設・有料老人ホーム・高齢者向け住宅 選び方と法律問題,三修社,9784384049381,https://www.sanshusha.co.jp/np/isbn/9784384049381/,若林美佳,2024/04/20,3,0,3,0,0,0,https://library.bengo4.com/reader/?cid=393b6e45d5c140c2b26767fb87e9f7a6059d6e7782762f31ea7aa48ca50eb3c4&sort=default
3c2cc28c7289bc6f6a6221ded89de073f82d5901a1d6a91b0f53ef1d94a8e684,事業者必携 インボイス制度、フリーランス新法対応！小さな事業者【個人事業主・小規模企業】のための法律と税金 実務マニュアル,三修社,9784384049268,https://www.sanshusha.co.jp/np/isbn/9784384049268/,"武田 守, 木島 康雄",2023/10/30,3,1,2,0,0,0,https://library.bengo4.com/reader/?cid=3c2cc28c7289bc6f6a6221ded89de073f82d5901a1d6a91b0f53ef1d94a8e684&sort=default
902ac511fcc9204612430795164bd44b1676c1e51fee9817206f79a428587942,法律事務所「総合力」経営の実務,日本加除出版,,https://www.kajo.co.jp/c/book/06/0606/40917000001,"長井 友之, 仁木 恒夫, 平岡 将人, 鈴木 寿夫",2023/02/01,3,3,0,0,0,0,https://library.bengo4.com/reader/?cid=902ac511fcc9204612430795164bd44b1676c1e51fee9817206f79a428587942&sort=default
4d0539dd0108d62013c13cc7d216591df1a01f2f6308e3b26aedd10d25b42084,ストーリーで理解するカーブアウトＭ＆Ａの法務,中央経済社,9784502442018,https://www.biz-book.jp/isbn/978-4-502-44201-8,"柴田堅太郎, 中田裕人",2022/12/20,3,3,0,0,0,0,https://library.bengo4.com/reader/?cid=4d0539dd0108d62013c13cc7d216591df1a01f2f6308e3b26aedd10d25b42084&sort=default
d75be0d317de632225bd4c2de23b179a1c8a180ea9f8efb525e574aaa522e083,そのまま使えるモデル英文契約書シリーズ 技術ライセンス契約書【中国語版付】,日本商事仲裁協会,,https://www.jcaa.or.jp/publication/contract.html#anc-11,日本商事仲裁協会,2020/07/01,3,3,0,0,0,0,https://library.bengo4.com/reader/?cid=d75be0d317de632225bd4c2de23b179a1c8a180ea9f8efb525e574aaa522e083&sort=default
3357167e2ef741eb3bd5760f8d9ef1a22de8630f0557a8e9e3d8e89dacd81eb8,モデル英文契約書 機械輸出契約,日本商事仲裁協会,,,日本商事仲裁協会,2025/06/01,2,2,0,0,0,0,https://library.bengo4.com/reader/?cid=3357167e2ef741eb3bd5760f8d9ef1a22de8630f0557a8e9e3d8e89dacd81eb8&sort=default
2e8ae13c6a9a2198b6ac843b95f9a76f1f698f302cf71320d34e6672a4e86d93,モデル英文契約書 機械輸入契約,日本商事仲裁協会,,,日本商事仲裁協会,2025/06/01,2,2,0,0,0,0,https://library.bengo4.com/reader/?cid=2e8ae13c6a9a2198b6ac843b95f9a76f1f698f302cf71320d34e6672a4e86d93&sort=default
17e413c53ec5e250f5e787212e65ee525d56890faed32ccd1621d130d4cb313f,図解で早わかり 最新 土地・建物の法律 基本と手続きがわかる事典,三修社,9784384049206,https://www.sanshusha.co.jp/np/isbn/9784384049206/,松岡 慶子,2023/07/30,2,0,2,0,0,0,https://library.bengo4.com/reader/?cid=17e413c53ec5e250f5e787212e65ee525d56890faed32ccd1621d130d4cb313f&sort=default
1240c1522a12d11cb84127fa1e4692a34ab58359647c68ff7e27447db071bcdb,図解で早わかり 人事労務・社会保険から経理、契約事務まで 最新 会社の事務と手続きがわかる事典,三修社,9784384049183,https://www.sanshusha.co.jp/np/isbn/9784384049183/,"林 智之, 武田 守",2023/06/30,2,2,0,0,0,0,https://library.bengo4.com/reader/?cid=1240c1522a12d11cb84127fa1e4692a34ab58359647c68ff7e27447db071bcdb&sort=default
5859493efba782e9f1578a2a6f067b9db7bbbb7611c7877d44df099f10c14b2d,実施許諾契約書【被許諾者用】,日本商事仲裁協会,,https://www.jcaa.or.jp/publication/contract.html#anc-12,日本商事仲裁協会,2022/10/31,2,2,0,0,0,0,https://library.bengo4.com/reader/?cid=5859493efba782e9f1578a2a6f067b9db7bbbb7611c7877d44df099f10c14b2d&sort=default
fc55ee04d1921d7e79c4b666c88c598458f762694eebe1fb4dff4b0a2ae14c14,販売基本契約書 第二版,日本商事仲裁協会,,https://www.jcaa.or.jp/publication/contract.html#anc-12,日本商事仲裁協会,2022/10/01,2,2,0,0,0,0,https://library.bengo4.com/reader/?cid=fc55ee04d1921d7e79c4b666c88c598458f762694eebe1fb4dff4b0a2ae14c14&sort=default
ba2934c7977b8f1119438fdc169031428094f14f272d437b6ffc5ed953dae23a,プライバシーポリシー作成のポイント,中央経済社,9784502419614,https://www.biz-book.jp/isbn/978-4-502-41961-4,"白石 和泰, 村上 諭志, 小林 央典, 野呂 悠登, 溝端 俊介",2022/04/22,2,2,0,0,0,0,https://library.bengo4.com/reader/?cid=ba2934c7977b8f1119438fdc169031428094f14f272d437b6ffc5ed953dae23a&sort=default
336c57519303039618586d7f967231f8bdc8a73bfb90963852442821a0c8062e,そのまま使えるモデル英文契約書シリーズ 合弁契約書,日本商事仲裁協会,,https://www.jcaa.or.jp/publication/contract.html#anc-08,日本商事仲裁協会,2020/06/01,2,2,0,0,0,0,https://library.bengo4.com/reader/?cid=336c57519303039618586d7f967231f8bdc8a73bfb90963852442821a0c8062e&sort=default
2665446271729e03311d30a1b4fcaec34acf2898a498ba561beb117247eeddd4,そのまま使えるモデル英文契約書シリーズ 実施許諾契約書【許諾者用】,日本商事仲裁協会,,https://www.jcaa.or.jp/publication/contract.html#anc-09,日本商事仲裁協会,2020/06/01,2,2,0,0,0,0,https://library.bengo4.com/reader/?cid=2665446271729e03311d30a1b4fcaec34acf2898a498ba561beb117247eeddd4&sort=default
0aebb988c724356fdd9a539903a891e3d5878f9143f48d5a17362749a28b6349,そのまま使えるモデル英文契約書シリーズ 委託加工契約書,日本商事仲裁協会,,https://www.jcaa.or.jp/publication/contract.html#anc-02,日本商事仲裁協会,2020/05/01,2,2,0,0,0,0,https://library.bengo4.com/reader/?cid=0aebb988c724356fdd9a539903a891e3d5878f9143f48d5a17362749a28b6349&sort=default
d52c3cd89685316924ce98498acc099efaa3a8e85edcf32ed62558709736f0c0,そのまま使えるモデル英文契約書シリーズ OEM（委託者側）製品製造供給契約書【輸入用】,日本商事仲裁協会,,https://www.jcaa.or.jp/publication/contract.html#anc-04,日本商事仲裁協会,2020/05/01,2,2,0,0,0,0,https://library.bengo4.com/reader/?cid=d52c3cd89685316924ce98498acc099efaa3a8e85edcf32ed62558709736f0c0&sort=default
fd9039eb686100bce974a8ba5052b8829f244460a47fd93552534b3b51d56c1b,そのまま使えるモデル英文契約書シリーズ 購入基本契約書,日本商事仲裁協会,,https://www.jcaa.or.jp/publication/contract.html#anc-03,日本商事仲裁協会,2020/05/01,2,2,0,0,0,0,https://library.bengo4.com/reader/?cid=fd9039eb686100bce974a8ba5052b8829f244460a47fd93552534b3b51d56c1b&sort=default
2471f4c96a62e1de7b6c3f3c86d923f6df35830bb25422df44eca3d9b9310871,そのまま使えるモデル英文契約書シリーズ OEM（製造者側）製品製造供給契約書【輸出用】,日本商事仲裁協会,,https://www.jcaa.or.jp/publication/contract.html#anc-05,日本商事仲裁協会,2020/05/01,2,2,0,0,0,0,https://library.bengo4.com/reader/?cid=2471f4c96a62e1de7b6c3f3c86d923f6df35830bb25422df44eca3d9b9310871&sort=default
763b94f01ae4264ce0cc9727bcbef03a85c20e055948ea88c58dc149e8785fa6,そのまま使えるモデル英文契約書シリーズ 総代理店契約書【輸出用】,日本商事仲裁協会,,https://www.jcaa.or.jp/publication/contract.html#anc-07,日本商事仲裁協会,2020/05/01,2,2,0,0,0,0,https://library.bengo4.com/reader/?cid=763b94f01ae4264ce0cc9727bcbef03a85c20e055948ea88c58dc149e8785fa6&sort=default
485991716f97e79d76ca49d9e82c4916be3cb7695b6d0105f712512bcbe40e1b,そのまま使えるモデル英文契約書シリーズ 総代理店契約書【輸入用】,日本商事仲裁協会,,https://www.jcaa.or.jp/publication/contract.html#anc-06,日本商事仲裁協会,2020/05/01,2,2,0,0,0,0,https://library.bengo4.com/reader/?cid=485991716f97e79d76ca49d9e82c4916be3cb7695b6d0105f712512bcbe40e1b&sort=default
026a756f4518d8860dcda3797ba989f2f2c63af5cf6c394f1521483f1c43b233,そのまま使えるモデル英文契約書シリーズ 委託販売契約書,日本商事仲裁協会,,https://www.jcaa.or.jp/publication/contract.html#anc-01,日本商事仲裁協会,2020/04/01,2,2,0,0,0,0,https://library.bengo4.com/reader/?cid=026a756f4518d8860dcda3797ba989f2f2c63af5cf6c394f1521483f1c43b233&sort=default
fa89f8c29ff44ceaa90a8971502487db114af6c4cbaa94194d9d3353f3f2e01f,秘密保持契約の実務〈第2版〉,中央経済社,9784502315916,https://www.biz-book.jp/isbn/978-4-502-31591-6,"森本大介, 石川智也, 濱野敏彦",2019/09/13,2,2,0,0,0,0,https://library.bengo4.com/reader/?cid=fa89f8c29ff44ceaa90a8971502487db114af6c4cbaa94194d9d3353f3f2e01f&sort=default
fee8f901dddc4f8e01beeeb46859e68be8cdcc25aa0df5b3fc44a69ee8039184,聴ける！実用法律書 改訂新版 すぐに役立つ 入門図解 マンション管理の法律と実務,三修社,9784384049732,https://www.sanshusha.co.jp/np/isbn/9784384049732/,森公任,2025/10/20,1,1,0,0,0,0,https://library.bengo4.com/reader/?cid=fee8f901dddc4f8e01beeeb46859e68be8cdcc25aa0df5b3fc44a69ee8039184&sort=default
fd50c998cb0b1d45fc31db18d571e9bf8963715ad843f43d668473779f658595,図解で早わかり 最新 労働法のしくみと実務,三修社,9784384049510,https://www.sanshusha.co.jp/np/isbn/9784384049510/,森 公任,2024/11/20,1,1,0,0,0,0,https://library.bengo4.com/reader/?cid=fd50c998cb0b1d45fc31db18d571e9bf8963715ad843f43d668473779f658595&sort=default
9d5f8fc1d6f7cbc49a2e43106f5e8dda79b14957d907b7acbd79a231123c24bd,条項解説 事例から学ぶシステム開発契約書作成の実務,日本加除出版,,https://www.kajo.co.jp/c/book/07/0704/40973000001,吉羽 真一郎,2023/11/01,1,1,0,0,0,0,https://library.bengo4.com/reader/?cid=9d5f8fc1d6f7cbc49a2e43106f5e8dda79b14957d907b7acbd79a231123c24bd&sort=default
a6caf23b5e150efb9f00e6a4d31d9593173115b866bbb694357c29dd2ca8a0c0,スポーツスポンサーシップの基礎知識と契約実務,中央経済社,9784502474118,https://www.biz-book.jp/isbn/978-4-502-47411-8,加藤志郎,2023/10/19,1,1,0,0,0,0,https://library.bengo4.com/reader/?cid=a6caf23b5e150efb9f00e6a4d31d9593173115b866bbb694357c29dd2ca8a0c0&sort=default
d4f97734759a61e73ae9ef431785ae67ab383144933b7eaf3a04b69e31588efc,必読 任意後見契約×ライフプランノート作成・活用マニュアル,新日本法規出版,,https://www.sn-hoki.co.jp/shop/item/5100297,冨永忠祐,2023/10/13,1,1,0,0,0,0,https://library.bengo4.com/reader/?cid=d4f97734759a61e73ae9ef431785ae67ab383144933b7eaf3a04b69e31588efc&sort=default
8b16fca63d89b83a8c186a2463fd77b7bf9d5689d7f57fffaa243e0673ce3165,ライブコマースの法律,日本加除出版,,https://www.kajo.co.jp/c/book/07/0704/40941000001,星 諒佑,2023/04/01,1,1,0,0,0,1,https://library.bengo4.com/reader/?cid=8b16fca63d89b83a8c186a2463fd77b7bf9d5689d7f57fffaa243e0673ce3165&sort=default
