bib_id	isbn	title	edition_raw	edition_type	edition_no	printing_no	confidence	notes
alo:book:isbn:9784324092231	9784324092231	民事弁護ガイドブック	[N/A]	na			high	
alo:book:isbn:9784324114162	9784324114162	要件事実マニュアル	[N/A]	na			high	
alo:book:isbn:9784324114179	9784324114179	要件事実マニュアル	[N/A]	na			high	
alo:book:isbn:9784324114186	9784324114186	要件事実マニュアル	[N/A]	na			high	
alo:book:isbn:9784335356025	9784335356025	条解独占禁止法	[N/A]	na			high	
alo:book:isbn:9784335360053	9784335360053	外縁〈事実上の離婚〉の実務 : 円満婚姻・法律離婚との比較	[N/A]	na			high	
alo:book:isbn:9784417014478	9784417014478	大コンメンタール破産法	[N/A]	na			high	
alo:book:isbn:9784474025592	9784474025592	仕訳処理完全ガイド	[N/A]	na			high	
alo:book:isbn:9784474097025	9784474097025	不動産登記訴訟の実務 : 請求の趣旨を中心として	[N/A]	na			high	
alo:book:isbn:9784474103146	9784474103146	論点体系独占禁止法 : 私的独占の禁止及び公正取引の確保に関する法律 下請代金支払遅延等防止法	[N/A]	na			high	
alo:book:isbn:9784502144516	9784502144516	会社の計算	[N/A]	na			high	
alo:book:isbn:9784502197116	9784502197116	資本・業務提携の実務	[N/A]	na			high	
alo:book:isbn:9784502212413	9784502212413	インターネット訴訟	[N/A]	na			high	
alo:book:isbn:9784502434013	9784502434013	契約解消の法律実務	[N/A]	na			high	
alo:book:isbn:9784502965500	9784502965500	機関	[N/A]	na			high	
alo:book:isbn:9784535002081	9784535002081	コンメンタール民事訴訟法	[N/A]	na			high	
alo:book:isbn:9784766822168	9784766822168	金融法務用語辞典	[N/A]	na			high	
alo:book:isbn:9784785715007	9784785715007	倒産法全書	[N/A]	na			high	
alo:book:isbn:9784785729516	9784785729516	知的財産契約の実務 : 理論と書式	[N/A]	na			high	
alo:book:isbn:9784798186627	9784798186627	達人に学ぶDB設計徹底指南書	[N/A]	na			high	
alo:book:isbn:9784902625776	9784902625776	企業法務判例クイックサーチ300	[N/A]	na			high	
alo:book:isbn:9784904192962	9784904192962	基礎から学ぶ海外資産の法務と税務 : ポイント解説で富裕層への提案力アップ : 金融商品・国際相続・米国資産etc	[N/A]	na			high	
alo:book:isbn:9784866840321	9784866840321	民事判決起案の手引	10訂版	版			high	版系: 10訂版
alo:book:isbn:9784809014727	9784809014727	道路交通法解説 : 執務資料	19訂版	版			high	版系: 19訂版
alo:book:manual:title_1760		条解破産規則〜付 民事再生規則等の一部を改正する規則	2005年02月01日	日付			high	
alo:book:isbn:9784417014164	9784417014164	商事関係訴訟	2006年07月	日付			high	
alo:book:isbn:9784335354083	9784335354083	条解民事再生法	2007年12月	日付			high	
alo:book:isbn:9784502965203	9784502965203	総則・設立 : 会社法の沿革・会社法の性格・第1条〜第103条	2008年06月	日付			high	
alo:book:isbn:9784502965302	9784502965302	株式	2008年07月	日付			high	
alo:book:isbn:9784502965401	9784502965401	株式・2 ; 新株予約権	2009年04月	日付			high	
alo:book:isbn:9784891861612	9784891861612	民事事実認定と立証活動	2009年10月	日付			high	
alo:book:isbn:9784896286458	9784896286458	書式個人破産の実務 : 申立てから手続終了までの書式と理論	2010年10月	日付			high	
alo:book:isbn:9784502050206	9784502050206	機関	2011年12月	日付			high	
alo:book:isbn:9784535002050	9784535002050	コンメンタール民事訴訟法	2014年08月	日付			high	
alo:book:isbn:9784641215061	9784641215061	実務に効く事業再生判例精選	2014年11月	日付			high	
alo:book:isbn:9784817841711	9784817841711	家庭裁判所における成年後見・財産管理の実務 : 成年後見人・不在者財産管理人・遺産管理人・相続財産管理人・遺言執行者	2014年7月	日付			high	
alo:book:isbn:9784474032958	9784474032958	事実認定体系	2015年06月	日付			high	
alo:book:isbn:9784785722999	9784785722999	新株予約権ハンドブック	2015年06月	日付			high	
alo:book:isbn:9784535520905	9784535520905	民事信託活用の実務と書式 : 事業承継、財産管理、事業展開における積極的活用	2015年07月	日付			high	
alo:book:isbn:9784641136984	9784641136984	M&A法大系	2015年12月	日付			high	
alo:book:isbn:9784502154515	9784502154515	監査役・監査委員会・監査等委員会	2016年01月(または02月)	日付			high	
alo:book:isbn:9784535002074	9784535002074	コンメンタール民事訴訟法	2016年04月	日付			high	
alo:book:isbn:9784788281158	9784788281158	経営支配権をめぐる法律実務 : 解説・書式等とケーススタディ	2016年04月	日付			high	
alo:book:isbn:9784785724801	9784785724801	企業のためのサイバーセキュリティの法律実務	2016年12月	日付			high	
alo:book:isbn:9784502231919	9784502231919	会社法訴訟 : 株主代表訴訟・株式価格決定	2017年06月	日付			high	
alo:book:isbn:9784906929603	9784906929603	家事事件手続法下における書記官事務の運用に関する実証的研究 : 別表第一事件を中心に	2017年06月	日付			high	
alo:book:isbn:9784502230813	9784502230813	システム開発訴訟	2017年07月	日付			high	
alo:book:isbn:9784785725440	9784785725440	社外監査役の手引き	2017年08月	日付			high	
alo:book:isbn:9784535522220	9784535522220	民事訴訟判例読み方の基本	2017年09月	日付			high	
alo:book:isbn:9784906929658	9784906929658	民事書記官事務の解説 : 第一審訴訟記録に基づいて	2017年09月	日付			high	
alo:book:isbn:9784785725747	9784785725747	資金調達ハンドブック	2017年12月	日付			high	
alo:book:isbn:9784785725990	9784785725990	不適切会計対応の実務 : 予防・発見・事後対応	2018年03月	日付			high	
alo:book:isbn:9784492533987	9784492533987	事業担当者のための逆引きビジネス法務ハンドブック	2018年04月	日付			high	
alo:book:isbn:9784817845085	9784817845085	弁護士・公認会計士の視点と実務中小企業のM&A : スキーム・バリュエーション・デューデリジェンス・契約・クロージング	2018年09月	日付			high	
alo:book:isbn:9784535523845	9784535523845	法律文書作成の基本	2019/08/25	日付			high	
alo:book:isbn:9784535002098	9784535002098	コンメンタール民事訴訟法	2019年03月	日付			high	
alo:book:isbn:9784539726631	9784539726631	社内諸規程作成・見直しマニュアル	2019年05月	日付			high	
alo:book:isbn:9784324106433	9784324106433	民事保全・非訟マニュアル : 書式のポイントと実務 : 証拠保全付き	2019年09月	日付			high	
alo:book:isbn:9784785727406	9784785727406	起業の法務 : 新規ビジネス設計のケースメソッド	2019年09月	日付			high	
alo:book:isbn:9784502314117	9784502314117	テクノロジー法務	2019年10月	日付			high	
alo:book:isbn:9784785727512	9784785727512	事業再生大全	2019年12月	日付			high	
alo:book:isbn:9784788286597	9784788286597	破産管財手続の運用と書式	2019年12月	日付			high	
alo:book:isbn:9784417018025	9784417018025	電子商取引・電子決済の法律相談	2020年11月	日付			high	
alo:book:isbn:9784788288027	9784788288027	法務文例作成マニュアル : 相続対策別 : 遺言書・契約書・合意書・議事録	2020年11月	日付			high	
alo:book:isbn:9784502387012	9784502387012	定款・各種規則の作成実務	2021年05月	日付			high	
alo:book:isbn:9784865564280	9784865564280	ビジネス法文書の基礎知識と実務	2021年05月	日付			high	
alo:book:isbn:9784324110492	9784324110492	建築物のアスベスト対策 : 実務ですぐ役立つ!これだけは知っておきたい	2021年11月	日付			high	
alo:book:isbn:9784865564532	9784865564532	書式民事再生の実務 : 申立てから手続終了までの書式と理論	2021年11月	日付			high	
alo:book:isbn:9784803742886	9784803742886	サイバー捜査・デジタルフォレンジック実務ハンドブック : 実務家の分かりやすい解説とQ&A形式、ケーススタディ形式で学べ	2022年04月	日付			high	
alo:book:isbn:9784785729493	9784785729493	知的財産契約の実務 : 理論と書式	2022年05月	日付			high	
alo:book:isbn:9784785729509	9784785729509	知的財産契約の実務 : 理論と書式	2022年05月	日付			high	
alo:book:isbn:9784788290464	9784788290464	顧問先等の経営危機対応マニュアル : 現状確認・資金確保・経費見直し・再建と清算	2022年06月	日付			high	
alo:book:isbn:9784417018506	9784417018506	労災の法律相談	2023年01月	日付			high	
alo:book:isbn:9784474078949	9784474078949	実例と経験談から学ぶ資料・証拠の調査と収集	2023年02月	日付			high	
alo:book:isbn:9784417018575	9784417018575	民事訴訟	2023年07月	日付			high	
alo:book:isbn:9784785730673	9784785730673	詳解賃金関係法務	2024年01月	日付			high	
alo:book:isbn:9784324113554	9784324113554	民事執行マニュアル	2024年03月	日付			high	
alo:book:isbn:9784502491016	9784502491016	ビジネス実務法務検定試験1級公式テキスト	2024年03月	日付			high	
alo:book:isbn:9784324113561	9784324113561	民事執行マニュアル	2024年04月	日付			high	
alo:book:isbn:9784817849670	9784817849670	外国人のための入国・在留手続の手引 : 和英対訳	2024年08月	日付			high	
alo:book:isbn:9784322145588	9784322145588	企業オーナー・富裕層の税務・法律相談 : 事業承継・M&A・訴訟対策・国際相続	2025/09/25	日付			high	
alo:book:isbn:9784313511323	9784313511323	企業法務の対応がわかる!生成AIをめぐる法律相談	2025/10/03	日付			high	
alo:book:isbn:9784802615150	9784802615150	マーケ領域で実践されている生成系AIの技術 : Chatbot・RAG・OCR・TTS/TTV-AI関連技術スタックの構	2025年07月	日付			high	
alo:book:isbn:9784809012594	9784809012594	わかりやすい古物営業の実務	3訂版	版			high	版系: 3訂版
alo:book:isbn:9784809014178	9784809014178	わかりやすい古物営業の実務	3訂版	版			high	版系: 3訂版
alo:book:isbn:9784906929528	9784906929528	民事実務講義案	5訂版	版			high	版系: 5訂版
alo:book:manual:title_2095		9訂印字判決起案の手引	9訂版	版			high	版系: 9訂版
alo:book:manual:title_2309		民事判決起案の手引	9訂版	版			high	版系: 9訂版
alo:book:isbn:9784641125346	9784641125346	判例とその読み方	三訂版	版			high	版系: 三訂版
alo:book:isbn:9784890170135	9784890170135	企業労働法実務入門 : 労務対応の基礎を学び、人事のエキスパートへ	三訂版	版			high	版系: 三訂版
alo:book:isbn:9784906929481	9784906929481	民事訴訟法講義案	三訂版	版			high	版系: 三訂版
alo:book:isbn:9784906929665	9784906929665	民事書記官事務の解説 : 第一審訴訟記録に基づいて	三訂補訂版	版			high	版系: 三訂補訂版
alo:book:isbn:9784902717372	9784902717372	税務ハンドブック	令和7度版	日付			high	
alo:book:isbn:9784474075870	9784474075870	裁判官が説く民事裁判実務の重要論点	債権法改正対応版	版			high	版系: 債権法改正対応版
alo:book:isbn:9784896286021	9784896286021	書式民事保全の実務 : 申立てから執行終了までの書式と理論	全訂5版	版			high	版系: 全訂5版
alo:book:isbn:9784865563962	9784865563962	書式和解・民事調停の実務 : 申立てから手続終了までの書式と理論	全訂8版補訂版	版			high	版系: 全訂8版補訂版
alo:book:manual:title_2313	9784313140028	農地関係法	全訂新版	版			high	版系: 全訂新版
alo:book:isbn:9784844027575	9784844027577	書式:借地非訟の実務	全訂版	版			high	版系: 全訂版
alo:book:isbn:9784944027576	9784944027576	書式借地非訟の実務 : 申立てから手続終了までの書式と理論	全訂版	版			high	版系: 全訂版
alo:book:isbn:9784785732080	9784785732080	ファイナンス法大全	全訂第2版	版			high	版系: 全訂第2版
alo:book:isbn:9784785732097	9784785732097	ファイナンス法大全	全訂第2版	版			high	版系: 全訂第2版
alo:book:isbn:9784865566161	9784865566161	書式借地非訟・民事非訟の実務 : 申立てから手続終了までの書式と理論	六版	版	6		high	漢数字版: 六版
alo:book:isbn:9784474064355	9784474064355	法律英語の用法・用語	初版	版	1		high	
alo:book:isbn:9784474068926	9784474068926	後遺障害別に見る交通事故300判例の慰謝料算定	初版	版	1		high	
alo:book:isbn:9784474069213	9784474069213	判例INDEX : 被害者の素因別に見る素因減額300判例	初版	版	1		high	
alo:book:isbn:9784495200114	9784495200114	IPO実務用語辞典	初版	版	1		high	
alo:book:isbn:9784539726327	9784539726327	M&A人事デューデリジェンス標準手順書	初版	版	1		high	
alo:book:isbn:9784754725112	9784754725112	滞納処分と民事執行の実務 : 不動産競売と債権執行を中心として	初版	版	1		high	
alo:book:isbn:9784788283596	9784788283596	成年後見手続ガイドブック : 介護・福祉・医療サービスの活用、日常生活支援、裁判所への申立て等	初版	版	1		high	
alo:book:isbn:9784788284869	9784788284869	非上場株式評価のチェックリストと着眼点	初版	版	1		high	
alo:book:isbn:9784788289222	9784788289222	ヒアリングシートを活用した遺産分割相談聴取事項のチェックポイント	初版	版	1		high	
alo:book:isbn:9784788290662	9784788290662	会社訴訟の要件事実	初版	版	1		high	
alo:book:isbn:9784788715783	9784788715783	学校の法務 : 問題を解決するQ&A	初版	版	1		high	
alo:book:isbn:9784817840417	9784817840417	超高齢社会におけるホームロイヤーマニュアル	初版	版	1		high	
alo:book:isbn:9784817841308	9784817841308	法律実務家のための親族・相続・渉外家事の税務	初版	版	1		high	
alo:book:isbn:9784817845757	9784817845757	広告法律相談125問	初版	版	1		high	
alo:book:isbn:9784817848659	9784817848659	成長を叶えるリーガルリスクマネジメントの教科書 : 攻めの法務	初版	版	1		high	
alo:book:isbn:9784817850164	9784817850164	Q&A交通事故の示談交渉における保険会社への主張・反論例	初版	版	1		high	
alo:book:manual:title_2058	9784495852917	説得を科学する	初版	版	1		high	
alo:book:isbn:9784419049621	9784419049621	現代会社法用語辞典	初版第1刷	版+刷		1	high	
alo:book:isbn:9784641018648	9784641018648	注釈労働基準法・労働契約法	初版第1刷	版+刷		1	high	
alo:book:isbn:9784641233577	9784641233577	上場会社法概説	初版第1刷	版+刷		1	high	
alo:book:isbn:9784785719890	9784785719890	特許訴訟の実務	初版第1刷	版+刷		1	high	
alo:book:isbn:9784785730062	9784785730062	はじめての中国法務Q&A	初版第1刷	版+刷		1	high	
alo:book:isbn:9784785730314	9784785730314	ザ・コントラクト : 新しい契約実務の提案	初版第1刷	版+刷		1	high	
alo:book:isbn:9784845119080	9784845119080	最新テーマ別実践労働法実務	初版第1刷	版+刷		1	high	
alo:book:isbn:9784474032941	9784474032941	事実認定体系	初版第2刷	版+刷		2	high	
alo:book:isbn:9784785725389	9784785725389	法律家・法務担当者のためのIT技術用語辞典	初版第2刷	版+刷		2	high	
alo:book:isbn:9784789210839	9784789210839	不動産取引用語辞典	増補改訂版	版			high	版系: 増補改訂版
alo:book:isbn:9784806530497	9784806530497	実践契約書チェックマニュアル	改訂3版	版			high	版系: 改訂3版
alo:book:isbn:9784905366614	9784905366614	賃料地代・家賃評価の実際	改訂増補	版			high	版系: 改訂増補
alo:book:isbn:9784862763105	9784862763105	NPOの法律相談 : 知っておきたい基礎知識62	改訂新版	版			high	版系: 改訂新版
alo:book:isbn:9784817840431	9784817840431	初任者のための戸籍実務の手引き	改訂新版第六訂	版			high	版系: 改訂新版第六訂
alo:book:isbn:9784313511668	9784313511668	実践!!契約書審査の実務 : 修正の着眼点から社内調整のヒントまで	改訂版	版			high	版系: 改訂版
alo:book:isbn:9784324113622	9784324113622	自治体法務の基礎と実践 : 法に明るい職員をめざして	改訂版	版			high	版系: 改訂版
alo:book:isbn:9784417014706	9784417014706	建築関係紛争の法律相談	改訂版	版			high	版系: 改訂版
alo:book:isbn:9784417018162	9784417018162	類型別労働関係訴訟の実務	改訂版	版			high	版系: 改訂版
alo:book:isbn:9784417018179	9784417018179	類型別労働関係訴訟の実務	改訂版	版			high	版系: 改訂版
alo:book:isbn:9784417076380	9784417076384	企業のための労働契約の法律相談	改訂版	版			high	版系: 改訂版
alo:book:isbn:9784474072008	9784474072008	ライセンス契約のすべて	改訂版	版			high	版系: 改訂版
alo:book:isbn:9784474076723	9784474076723	こんなところでつまずかない!弁護士21のルール	改訂版	版			high	版系: 改訂版
alo:book:isbn:9784539725955	9784539725955	"労働事件使用者のための""反論""マニュアル"	改訂版	版			high	版系: 改訂版
alo:book:isbn:9784785712778	9784785712778	一問一答動産・債権譲渡特例法	改訂版	版			high	版系: 改訂版
alo:book:isbn:9784788286283	9784788286283	裁判上の各種目録記載例集 : 当事者目録、物件目録、請求債権目録、差押・仮差押債権目録等	改訂版	版			high	版系: 改訂版
alo:book:isbn:9784788293779	9784788293779	Q&A生活保護利用者をめぐる法律相談	改訂版	版			high	版系: 改訂版
alo:book:isbn:9784788718999	9784788718999	問題を解決する学校法務Q&A	改訂版	版			high	版系: 改訂版
alo:book:isbn:9784789210836	9784789210836	不動産取引用語辞典 : 関係法令から時事用語まで	改訂版	版			high	版系: 改訂版
alo:book:isbn:9784793124877	9784793124877	合同会社の法務・税務と活用事例	改訂版	版			high	版系: 改訂版
alo:book:isbn:9784802832748	9784802832748	逐条解説農地法	改訂版	版			high	版系: 改訂版
alo:book:isbn:9784802834605	9784802834605	解説森林組合法	改訂版	版			high	版系: 改訂版
alo:book:isbn:9784863263994	9784863263994	逐条解説労働基準法	改訂版	版			high	版系: 改訂版
alo:book:isbn:9784866840932	9784866840932	事例で考える民事事実認定	改訂版	版			high	版系: 改訂版
alo:book:isbn:9784882602088	9784882602088	破産手続の手引 : 申立代理人と管財人の実務	改訂版	版			high	版系: 改訂版
alo:book:isbn:9784882602828	9784882602828	フランチャイズ契約の実務と書式	改訂版	版			high	版系: 改訂版
alo:book:isbn:9784905278276	9784905278276	従業員持株会導入の手引	改訂版	版			high	版系: 改訂版
alo:book:isbn:9784908621086	9784908621086	労働事件 : 立証と証拠収集	改訂版	版			high	版系: 改訂版
alo:book:manual:title_1839		倒産実務講義案	改訂版	版			high	版系: 改訂版
alo:book:isbn:9784478065099	9784478065099	法律を読む技術・学ぶ技術 : 元法制局キャリアが教える	改訂第3版	版			high	版系: 改訂第3版
alo:book:isbn:9784417013563	9784417013563	建築関係紛争の法律相談	新版	版			high	版系: 新版
alo:book:isbn:9784417015697	9784417015697	セクハラ・DVの法律相談	新版	版			high	版系: 新版
alo:book:isbn:9784474063662	9784474063662	システム開発紛争ハンドブック : 発注から運用までの実務対応	新版	版			high	版系: 新版
alo:book:isbn:9784484981017	9784484981017	ハーバード流交渉術	新版	版			high	版系: 新版
alo:book:isbn:9784860960827	9784860960827	実務供託法入門	新版	版			high	版系: 新版
alo:book:manual:title_1555		例題解説不動産競売の実務 全訂新版	新版	版			high	版系: 新版
alo:book:isbn:9784803726237	9784803726237	証書の作成と文例	新版三訂版	版			high	版系: 新版三訂版
alo:book:manual:title_2395		別冊ジュリスト刑事訴訟法判例百選	第10版	版	10		high	
alo:book:isbn:9784419067663	9784419067663	NPO法人のすべて : 特定非営利活動法人の設立・運営・会計・税務	第11版	版	11		high	
alo:book:isbn:9784335315602	9784335315602	労働法	第13版	版	13		high	
alo:book:isbn:9784779307881	9784779307881	行政書士法コンメンタール	第15版第1刷	版+刷	15	1	high	
alo:book:isbn:9784322108132	9784322108132	融資契約	第1刷	刷		1	high	
alo:book:isbn:9784324110034	9784324110034	押さえておきたい公的扶助・生活保護行政	第1刷	刷		1	high	
alo:book:isbn:9784326404322	9784326404322	不動産の法務	第1刷	刷		1	high	
alo:book:isbn:9784335360671	9784335360671	法律実務家のためのインプット・アウトプット術 : AIに仕事を奪われない弁護士・法務担当者になる!最速リスキリング・メソ	第1刷	刷		1	high	
alo:book:isbn:9784384047752	9784384047752	許認可手続きと申請書類の書き方 : 事業者必携 : 建設業から風俗営業、産廃、入管業務まで	第1刷	刷		1	high	
alo:book:isbn:9784417018698	9784417018698	就業規則の法律相談	第1刷	刷		1	high	
alo:book:isbn:9784474065758	9784474065758	ベンチャー経営を支える法務ハンドブック : スタートアップを成長させる法と契約	第1刷	刷		1	high	
alo:book:isbn:9784502311512	9784502311512	不動産	第1刷	刷		1	high	
alo:book:isbn:9784641126640	9784641126640	相談事例で学ぶ生成AIの活用と法務	第1刷	刷		1	high	
alo:book:isbn:9784641233614	9784641233614	法律実務家のための支払決済の基礎知識	第1刷	刷		1	high	
alo:book:isbn:9784641233638	9784641233638	法律実務家のためのアセットマネジメントの基礎知識	第1刷	刷		1	high	
alo:book:isbn:9784778313098	9784778313098	写真著作権 : Q&Aで学ぶ	第1刷	刷		1	high	
alo:book:isbn:9784785720018	9784785720018	民事保全の実務	第1刷	刷		1	high	
alo:book:isbn:9784785729356	9784785729356	実務問答会社法	第1刷	刷		1	high	
alo:book:isbn:9784809014079	9784809014079	逐条解説風営適正化法	第1刷	刷		1	high	
alo:book:isbn:9784865562828	9784865562828	判例消費者契約法の解説 : 契約類型別の論点・争点の検証と実務指針	第1刷	刷		1	high	
alo:book:isbn:9784865563900	9784865563900	Q&Aわかりやすい公正証書活用の手引 : 91の文例・関連書式	第1刷	刷		1	high	
alo:book:isbn:9784896287165	9784896287165	わかりやすい貸金・保証関係紛争解決の手引	第1刷	刷		1	high	
alo:book:isbn:9784322135534	9784322135534	LegalTech	第1版	版	1		high	
alo:book:isbn:9784335360336	9784335360336	ChatGPTと法律実務 : AIとリーガルテックがひらく弁護士/法務の未来	第1版	版	1		high	
alo:book:isbn:9784766823875	9784766823875	企業不祥事事後対応の手引き : 社内調査・マスコミ対応・第三者委員会	第1版	版	1		high	
alo:book:isbn:9784811906706	9784811906706	農業法人のM&A : 事業継承と経営成長の手法として	第1版	版	1		high	
alo:book:manual:title_1206		民事訴訟における事実認定	第1版	版	1		high	
alo:book:manual:title_1775		条解非訟事件手続規則	第1版	版	1		high	
alo:book:isbn:9784502445408	9784502445408	Q&A事業再生のための小売業の事業デューデリジェンス	第1版第1刷	版+刷	1	1	high	
alo:book:isbn:9784866840222	9784866840222	例題解説個人再生手続	第1版第1刷	版+刷	1	1	high	
alo:book:isbn:9784908108136	9784908108136	民事訴訟における事実認定 - 契約分野別研究	第1版第2刷	版+刷	1	2	high	
alo:book:isbn:9784502311611	9784502311611	医薬品・医療機器	第1版第4刷	版+刷	1	4	high	
alo:book:isbn:9784891861629	9784891861629	民事事実認定と立証活動	第1版第5刷	版+刷	1	5	high	
alo:book:isbn:9784502388019	9784502388019	株主間契約・合弁契約の実務	第1版第8刷	版+刷	1	8	high	
alo:book:isbn:9784802834223	9784802834223	建設業の許可の手びき : 新規・更新・追加・変更等	第26版	版	26		high	
alo:book:isbn:9784263455708	9784263455708	事例・判例から学ぶ歯科の法律	第2刷	刷		2	high	
alo:book:isbn:9784474059924	9784474059924	こんなところでつまずかない!相続事件21のメソッド	第2刷	刷		2	high	
alo:book:isbn:9784785720278	9784785720278	民事再生の手引	第2刷	刷		2	high	
alo:book:isbn:9784817847188	9784817847188	Q&A労働者視点でめざす同一労働同一賃金 : 最高裁判決を踏まえた交渉・手続のポイント	第2刷	刷		2	high	
alo:book:isbn:9784865561449	9784865561449	事例にみる外国人の法的支援ハンドブック	第2刷	刷		2	high	
alo:book:isbn:9784865562156	9784865562156	事例に学ぶ損害賠償事件入門 : 事件対応の思考と実務	第2刷	刷		2	high	
alo:book:isbn:9784896289343	9784896289343	事例に学ぶ建物明渡事件入門 : 権利実現の思考と実務	第2刷	刷		2	high	
alo:book:manual:title_2020		第2版Q&A高齢者・障害者の法律問題	第2刷	刷		2	high	
alo:book:isbn:9784322113013	9784322113013	M&Aファイナンス	第2版	版	2		high	
alo:book:isbn:9784322116250	9784322116250	資産・債権の流動化・証券化	第2版	版	2		high	
alo:book:isbn:9784322117462	9784322117462	新注釈民事再生法	第2版	版	2		high	
alo:book:isbn:9784322117479	9784322117479	新注釈民事再生法	第2版	版	2		high	
alo:book:isbn:9784322145489	9784322145489	実務詳説不正競争訴訟	第2版	版	2		high	
alo:book:isbn:9784324096970	9784324096970	契約書式実務全書	第2版	版	2		high	
alo:book:isbn:9784324096987	9784324096987	契約書式実務全書	第2版	版	2		high	
alo:book:isbn:9784324096994	9784324096994	契約書式実務全書	第2版	版	2		high	
alo:book:isbn:9784326403059	9784326403059	著作権法コンメンタール	第2版	版	2		high	
alo:book:isbn:9784326403066	9784326403066	著作権法コンメンタール	第2版	版	2		high	
alo:book:isbn:9784335304552	9784335304552	特許法	第2版	版	2		high	
alo:book:isbn:9784335355738	9784335355738	企業法務バイブル	第2版	版	2		high	
alo:book:isbn:9784335358340	9784335358340	憲法判例の射程	第2版	版	2		high	
alo:book:isbn:9784385137278	9784385137278	デイリー法学用語辞典	第2版	版	2		high	
alo:book:isbn:9784417017547	9784417017547	民事再生実践マニュアル	第2版	版	2		high	
alo:book:isbn:9784417018551	9784417018551	データ利活用とプライバシー・個人情報保護 : 最新の実務問題に対する解決事例108	第2版	版	2		high	
alo:book:isbn:9784419066079	9784419066079	事業承継を成功させる自社株承継の実務 : 納税資金確保/評価対策/承継先の選定	第2版	版	2		high	
alo:book:isbn:9784419067519	9784419067519	死後事務委任契約の実務 : 士業のための「おひとりさま終活業務」の手引き	第2版	版	2		high	
alo:book:isbn:9784474010383	9784474010383	時間外労働時間の理論と訴訟実務 : 判例・労災決定・学説にみる類型別判断基準と立証方法	第2版	版	2		high	
alo:book:isbn:9784474019467	9784474019461	新会社法対策セミナー DVD	第2版	版	2		high	
alo:book:isbn:9784474069275	9784474069275	実務がわかるハンドブック企業法務 : BUSINESS LAW HANDBOOK	第2版	版	2		high	
alo:book:isbn:9784474091429	9784474091429	論点体系判例労働法	第2版	版	2		high	
alo:book:isbn:9784474091436	9784474091436	論点体系判例労働法	第2版	版	2		high	
alo:book:isbn:9784474091443	9784474091443	論点体系判例労働法	第2版	版	2		high	
alo:book:isbn:9784474091450	9784474091450	論点体系判例労働法	第2版	版	2		high	
alo:book:isbn:9784474091467	9784474091467	論点体系判例労働法	第2版	版	2		high	
alo:book:isbn:9784474098992	9784474098992	判例INDEX : 被害者の素因別に見る素因減額300判例	第2版	版	2		high	
alo:book:isbn:9784492534397	9784492534397	事業担当者のための逆引きビジネス法務ハンドブック	第2版	版	2		high	
alo:book:isbn:9784502123917	9784502123917	子会社管理の法務・税務	第2版	版	2		high	
alo:book:isbn:9784502147517	9784502147517	株式・種類株式	第2版	版	2		high	
alo:book:isbn:9784502155512	9784502155512	会社役員のための法務ハンドブック	第2版	版	2		high	
alo:book:isbn:9784502267512	9784502267512	契約書作成のプロセスを学ぶ : ビジネスに寄り添う契約実務の思考法	第2版	版	2		high	
alo:book:isbn:9784502274718	9784502274718	M&Aの契約実務	第2版	版	2		high	
alo:book:isbn:9784502387517	9784502387517	機関設計・取締役・取締役会	第2版	版	2		high	
alo:book:isbn:9784502406010	9784502406010	業務委託契約書作成のポイント	第2版	版	2		high	
alo:book:isbn:9784502409110	9784502409110	医療機器ビジネスの法律実務	第2版	版	2		high	
alo:book:isbn:9784502478314	9784502478314	事例でわかる!NFT・暗号資産の税務	第2版	版	2		high	
alo:book:isbn:9784502504419	9784502504419	中小企業買収の法務 : 事業承継型M&A・スタートアップM&A	第2版	版	2		high	
alo:book:isbn:9784502510717	9784502510717	業種別法務デュー・ディリジェンス実務ハンドブック	第2版	版	2		high	
alo:book:isbn:9784502544316	9784502544316	社外取締役の教科書	第2版	版	2		high	
alo:book:isbn:9784502558214	9784502558214	ケースでわかる実践中小企業の事業再生等に関するガイドライン	第2版	版	2		high	
alo:book:isbn:9784502976209	9784502976209	M&Aの法務 : 主要法制の完全整理	第2版	版	2		high	
alo:book:isbn:9784535003538	9784535003538	コンメンタール民事訴訟法	第2版	版	2		high	
alo:book:isbn:9784535402850	9784535402850	不動産登記法	第2版	版	2		high	
alo:book:isbn:9784535522879	9784535522879	刑事法廷弁護技術	第2版	版	2		high	
alo:book:isbn:9784535525498	9784535525498	建設業法と建設業許可 : 行政書士による実務と解説	第2版	版	2		high	
alo:book:isbn:9784535527966	9784535527966	刑事法廷弁護技術	第2版	版	2		high	
alo:book:isbn:9784539729106	9784539729106	水町詳解労働法〈第2版〉公式読本 : 理論と実務でひも解く労働法Q&A300	第2版	版	2		high	
alo:book:isbn:9784641126121	9784641126121	法を学ぶ人のための文章作法	第2版	版	2		high	
alo:book:isbn:9784641126244	9784641126244	法解釈入門 : 「法的」に考えるための第一歩	第2版	版	2		high	
alo:book:isbn:9784641126268	9784641126268	条文の読み方	第2版	版	2		high	
alo:book:isbn:9784641138148	9784641138148	契約書作成の実務と書式 : 企業実務家視点の雛形とその解説	第2版	版	2		high	
alo:book:isbn:9784641138872	9784641138872	信託法	第2版	版	2		high	
alo:book:isbn:9784641151017	9784641151017	経済法	第2版	版	2		high	
alo:book:isbn:9784641179288	9784641179288	経済法	第2版	版	2		high	
alo:book:isbn:9784767833637	9784767833637	フリーランス大全 : 起業から経営、節税対策、老後資金まで!	第2版	版	2		high	
alo:book:isbn:9784785716783	9784785716783	コンメンタール会社計算規則・商法施行規則	第2版	版	2		high	
alo:book:isbn:9784785721398	9784785721398	ビジネス法務基本用語和英辞典	第2版	版	2		high	
alo:book:isbn:9784785721589	9784785721589	法務担当者のための民事訴訟対応マニュアル	第2版	版	2		high	
alo:book:isbn:9784785723088	9784785723088	取締役・執行役ハンドブック	第2版	版	2		high	
alo:book:isbn:9784785724870	9784785724870	特許訴訟の実務	第2版	版	2		high	
alo:book:isbn:9784785725358	9784785725358	破産管財人の債権調査・配当	第2版	版	2		high	
alo:book:isbn:9784785727086	9784785727086	IoT・AIの法律と戦略	第2版	版	2		high	
alo:book:isbn:9784785727246	9784785727246	役員のための法律知識	第2版	版	2		high	
alo:book:isbn:9784785728366	9784785728366	企業結合ガイドライン	第2版	版	2		high	
alo:book:isbn:9784785728618	9784785728618	法律家・法務担当者のためのIT技術用語辞典	第2版	版	2		high	
alo:book:isbn:9784785728915	9784785728915	破産管財人の債権調査・配当	第2版	版	2		high	
alo:book:isbn:9784785729141	9784785729141	データの法律と契約	第2版	版	2		high	
alo:book:isbn:9784785729219	9784785729219	プラットフォームビジネスの法務	第2版	版	2		high	
alo:book:isbn:9784785729707	9784785729707	ヘルステックの法務Q&A	第2版	版	2		high	
alo:book:isbn:9784785730147	9784785730147	中小企業法務のすべて	第2版	版	2		high	
alo:book:isbn:9784785730338	9784785730338	発電プロジェクトの契約実務	第2版	版	2		high	
alo:book:isbn:9784785731236	9784785731236	事例でわかるインサイダー取引	第2版	版	2		high	
alo:book:isbn:9784785731946	9784785731946	中小企業の事業再生等に関するガイドラインのすべて	第2版	版	2		high	
alo:book:isbn:9784785731984	9784785731984	事業譲渡の実務	第2版	版	2		high	
alo:book:isbn:9784817848109	9784817848109	広告法律相談125問	第2版	版	2		high	
alo:book:isbn:9784817848352	9784817848352	判例先例相続法	第2版	版	2		high	
alo:book:isbn:9784817848420	9784817848420	判例先例相続法	第2版	版	2		high	
alo:book:isbn:9784817848857	9784817848857	ハラスメントの事件対応の手引き : 内容証明・訴状・告訴状ほか文例	第2版	版	2		high	
alo:book:isbn:9784817849427	9784817849427	法律から見た農業支援の実務 : 農地の確保・利用から、農地所有適格法人設立、6次産業化支援まで	第2版	版	2		high	
alo:book:isbn:9784827107982	9784827107982	著作権法 : 基礎と応用	第2版	版	2		high	
alo:book:isbn:9784845115648	9784845115648	残業代請求の理論と実務	第2版	版	2		high	
alo:book:isbn:9784845117116	9784845117116	残業代請求の理論と実務	第2版	版	2		high	
alo:book:isbn:9784865560985	9784865560985	文書提出命令の理論と実務	第2版	版	2		high	
alo:book:isbn:9784865566819	9784865566819	企業情報管理実務マニュアル : 漏えい・事故リスク対応の実務と書式	第2版	版	2		high	
alo:book:isbn:9784865566857	9784865566857	わかりやすい出入国在留管理の実務必携Q&A : 入管法の基礎知識から各種在留資格関係手続まで	第2版	版	2		high	
alo:book:isbn:9784887134616	9784887134614	資料で読み解く国際法	第2版	版	2		high	
alo:book:isbn:9784891861957	9784891861957	個人再生の手引	第2版	版	2		high	
alo:book:isbn:9784896286748	9784896286748	中小企業法の理論と実務	第2版	版	2		high	
alo:book:isbn:9784896287080	9784896287080	事業譲渡の理論・実務と書式 : 労働問題、会計・税務、登記・担保実務まで	第2版	版	2		high	
alo:book:isbn:9784896289954	9784896289954	生活保護法的支援ハンドブック	第2版	版	2		high	
alo:book:isbn:9784903425900	9784903425900	弁護士倫理	第2版	版	2		high	
alo:book:isbn:9784903867069	9784903867069	働く人のための企業組織再編リストラ対策実践マニュアル : Ver. 2	第2版	版	2		high	
alo:book:isbn:9784907554712	9784907554712	法務デューデリジェンス チェックリスト : 万全のIPO準備とM&Aのために	第2版	版	2		high	
alo:book:isbn:9784907593131	9784907593131	法律事務職員基本研修テキスト上	第2版	版	2		high	
alo:book:isbn:9784907593148	9784907593148	法律事務職員基本研修テキスト下	第2版	版	2		high	
alo:book:manual:title_1798		はい6民ですお答えします:倒産実務Q&A	第2版	版	2		high	
alo:book:manual:title_2401		別冊ジュリスト民法判例百選3	第2版	版	2		high	
alo:book:isbn:9784785724573	9784785724573	取締役会報告事項の実務	第2版第2刷	版+刷	2	2	high	
alo:book:isbn:9784785727062	9784785727062	株主総会取締役会監査役会の議事録作成ガイドブック	第2版補訂版	版	2		high	
alo:book:isbn:9784903867113	9784903867113	労働組合実践マニュアル	第2版補訂版	版	2		high	
alo:book:isbn:9784641138070	9784641138070	リーガルマインド商法総則・商行為法	第3刷	刷		3	high	
alo:book:manual:title_1944		民事第二審判決書について	第3刷	刷		3	high	
alo:book:isbn:9784322135411	9784322135411	実践的中小企業再生論 : 再生計画策定の理論と実務	第3版	版	3		high	
alo:book:isbn:9784324110256	9784324110256	クロスレファレンス民事実務講義	第3版	版	3		high	
alo:book:isbn:9784324110867	9784324110867	民事訴訟マニュアル : 書式のポイントと実務	第3版	版	3		high	
alo:book:isbn:9784324110874	9784324110874	民事訴訟マニュアル : 書式のポイントと実務	第3版	版	3		high	
alo:book:isbn:9784324113127	9784324113127	慰謝料算定の実務	第3版	版	3		high	
alo:book:isbn:9784335355608	9784335355608	条解民事再生法	第3版	版	3		high	
alo:book:isbn:9784335358265	9784335358265	条解破産法	第3版	版	3		high	
alo:book:isbn:9784335359163	9784335359163	情報法概説	第3版	版	3		high	
alo:book:isbn:9784335360268	9784335360268	条解消費者三法 : 消費者契約法 特定商取引法 割賦販売法	第3版	版	3		high	
alo:book:isbn:9784417018957	9784417018957	景品表示法の法律相談	第3版	版	3		high	
alo:book:isbn:9784474078765	9784474078765	企業法務のための民事訴訟の実務解説	第3版	版	3		high	
alo:book:isbn:9784502316111	9784502316111	人事デューデリジェンスの実務 : M&Aを成功に導く	第3版	版	3		high	
alo:book:isbn:9784502375613	9784502375613	新株予約権・社債	第3版	版	3		high	
alo:book:isbn:9784502430213	9784502430213	会社議事録の作り方 : 株主総会・取締役会・監査役会・委員会	第3版	版	3		high	
alo:book:isbn:9784502465314	9784502465314	会社法務書式集	第3版	版	3		high	
alo:book:isbn:9784502527616	9784502527616	M&Aの労務デューデリジェンス	第3版	版	3		high	
alo:book:isbn:9784535003507	9784535003507	コンメンタール民事訴訟法	第3版	版	3		high	
alo:book:isbn:9784535003514	9784535003514	コンメンタール民事訴訟法	第3版	版	3		high	
alo:book:isbn:9784539730256	9784539730256	元厚生労働事務官が解説する労災保険実務講座	第3版	版	3		high	
alo:book:isbn:9784641042988	9784641042988	事例から刑法を考える	第3版	版	3		high	
alo:book:isbn:9784641136441	9784641136441	事例演習民事訴訟法	第3版	版	3		high	
alo:book:isbn:9784641233522	9784641233522	契約書作成の実務と書式 : 企業実務家視点の雛形とその解説	第3版	版	3		high	
alo:book:isbn:9784651042988	9784651042985	事例から刑法を考える	第3版	版	3		high	
alo:book:isbn:9784785728007	9784785728007	M&Aにおける労働法務DDのポイント	第3版	版	3		high	
alo:book:isbn:9784785728700	9784785728700	ファンド契約の実務Q&A	第3版	版	3		high	
alo:book:isbn:9784785729165	9784785729165	会社分割ハンドブック	第3版	版	3		high	
alo:book:isbn:9784788291249	9784788291249	会社法実務スケジュール	第3版	版	3		high	
alo:book:isbn:9784792325220	9784792325220	商法総則講義	第3版	版	3		high	
alo:book:isbn:9784792325619	9784792325619	商行為法講義	第3版	版	3		high	
alo:book:isbn:9784817843906	9784817843906	Q&A借地借家の法律と実務	第3版	版	3		high	
alo:book:isbn:9784817844194	9784817844194	家庭裁判所における遺産分割・遺留分の実務	第3版	版	3		high	
alo:book:isbn:9784860960001	9784860960001	不動産登記法逐条解説	第3版	版	3		high	
alo:book:isbn:9784865560015	9784865560015	宗教トラブル110番 : Q&A	第3版	版	3		high	
alo:book:isbn:9784865566567	9784865566567	商標実務入門 : ブランド戦略から権利行使まで	第3版	版	3		high	
alo:book:isbn:9784896284621	9784896284621	Q&A過払金返還請求の手引 : サラ金からの簡易・迅速な回収をめざして	第3版	版	3		high	
alo:book:isbn:9784896287943	9784896287943	個人民事再生の実務	第3版	版	3		high	
alo:book:manual:title_1993		条解民事執行規則	第3版	版	3		high	
alo:book:manual:title_2393		別冊ジュリスト民事訴訟法判例百選	第3版	版	3		high	
alo:book:isbn:9784417017981	9784417017981	新・不正競争防止法概説	第3版第1刷	版+刷	3	1	high	
alo:book:isbn:9784502293115	9784502293115	詳説犯罪収益移転防止法・外為法	第3版第1刷	版+刷	3	1	high	
alo:book:isbn:9784908108938	9784908108938	租税訴訟の審理について	第3版第1刷	版+刷	3	1	high	
alo:book:isbn:9784324110324	9784324110324	難問事案のさばき方 : 税理士実務必携	第3版補訂版	版	3		high	
alo:book:isbn:9784809015045	9784809015045	警察行政法解説	第3版補訂版	版	3		high	
alo:book:isbn:9784433631468	9784433631468	法人成り・個人成りの実務 : 法人税と所得税をうまく使いこなす	第4刷	刷		4	high	
alo:book:isbn:9784130311922	9784130311922	詳解労働法	第4版	版	4		high	
alo:book:isbn:9784130312141	9784130312141	詳解労働法	第4版	版	4		high	
alo:book:isbn:9784296203987	9784296203987	廃棄物処理法虎の巻 : かゆいところに手が届く	第4版	版	4		high	
alo:book:isbn:9784322135565	9784322135565	破産・民事再生の実務	第4版	版	4		high	
alo:book:isbn:9784335357589	9784335357589	民事訴訟実務の基礎　解説篇　第４版	第4版	版	4		high	
alo:book:isbn:9784433746032	9784433746032	M&A無形資産評価の実務	第4版	版	4		high	
alo:book:isbn:9784433775124	9784433775124	不動産調査実務ガイドQ&A	第4版	版	4		high	
alo:book:isbn:9784474063372	9784474063372	企業法務のための民事訴訟の実務解説	第4版	版	4		high	
alo:book:isbn:9784474093546	9784474093546	論点体系判例民法	第4版	版	4		high	
alo:book:isbn:9784474093638	9784474093638	論点体系判例民法	第4版	版	4		high	
alo:book:isbn:9784474096325	9784474096325	企業法務のための民事訴訟の実務解説	第4版	版	4		high	
alo:book:isbn:9784502038006	9784502038006	事業譲渡型・会社分割型の再生手続Q&A : 法律・会計・税務	第4版	版	4		high	
alo:book:isbn:9784502447815	9784502447815	グループ会社リスク管理の法務	第4版	版	4		high	
alo:book:isbn:9784502459511	9784502459511	法務デューデリジェンスの実務 : M&Aを成功に導く	第4版	版	4		high	
alo:book:isbn:9784535523319	9784535523319	コンメンタール借地借家法	第4版	版	4		high	
alo:book:isbn:9784641137448	9784641137448	破産法・民事再生法	第4版	版	4		high	
alo:book:isbn:9784641137769	9784641137769	担保物権法	第4版	版	4		high	
alo:book:isbn:9784785725631	9784785725631	債権回収基本のき	第4版	版	4		high	
alo:book:isbn:9784785727451	9784785727451	消費者相談マニュアル	第4版	版	4		high	
alo:book:isbn:9784793128493	9784793128493	「解散・清算の実務」完全解説 : 法律・会計・税務のすべて	第4版	版	4		high	
alo:book:isbn:9784845243730	9784845243730	「労働時間管理」の基本と実務対応	第4版	版	4		high	
alo:book:isbn:9784860880200	9784860880200	特別法犯	第4版	版	4		high	
alo:book:manual:title_2402		別冊ジュリスト会社法判例百選	第4版	版	4		high	
alo:book:isbn:9784335359279	9784335359279	条解刑法	第4版補訂版	版	4		high	
alo:book:isbn:9784865561869	9784865561869	書式告訴・告発の実務 : 企業活動をめぐる犯罪対応の理論と書式	第5刷	刷		5	high	
alo:book:isbn:9784130324014	9784130324014	会社法	第5版	版	5		high	
alo:book:isbn:9784322141429	9784322141429	民事執行の実務	第5版	版	5		high	
alo:book:isbn:9784322141436	9784322141436	民事執行の実務	第5版	版	5		high	
alo:book:isbn:9784322145052	9784322145052	THE資産管理専門銀行 : その実務のすべて	第5版	版	5		high	
alo:book:isbn:9784324107539	9784324107539	新労働事件実務マニュアル	第5版	版	5		high	
alo:book:isbn:9784335359262	9784335359262	条解行政事件訴訟法	第5版	版	5		high	
alo:book:isbn:9784335360312	9784335360312	条解刑法	第5版	版	5		high	
alo:book:isbn:9784433762445	9784433762445	詳解組織再編会計Q&A	第5版	版	5		high	
alo:book:isbn:9784641000308	9784641000308	有斐閣法律用語辞典	第5版	版	5		high	
alo:book:isbn:9784641115279	9784641115279	民事訴訟法判例百選	第5版	版	5		high	
alo:book:isbn:9784641115286	9784641115286	社会保障判例百選	第5版	版	5		high	
alo:book:isbn:9784641221413	9784641221413	ベーシック経済法 : 独占禁止法入門	第5版	版	5		high	
alo:book:isbn:9784785730109	9784785730109	個人情報管理ハンドブック	第5版	版	5		high	
alo:book:isbn:9784896285847	9784896285840	ここがポイント!改正特商法・割販法	第5版	版	5		high	
alo:book:isbn:9784322108125	9784322108125	コベナンツ・ファイナンス入門 : 企業活力を高めるこれからの融資慣行	第6刷	刷		6	high	
alo:book:isbn:9784335357510	9784335357510	独占禁止法	第6版	版	6		high	
alo:book:isbn:9784641000315	9784641000315	法律学小辞典	第6版	版	6		high	
alo:book:isbn:9784641115521	9784641115521	倒産判例百選	第6版	版	6		high	
alo:book:isbn:9784641228665	9784641228665	行政法概説	第6版	版	6		high	
alo:book:manual:title_2396		別冊ジュリスト行政判例百選	第6版	版	6		high	
alo:book:manual:title_2397		別冊ジュリスト憲法判例百選1	第6版	版	6		high	
alo:book:manual:title_2398		別冊ジュリスト憲法判例百選2	第6版	版	6		high	
alo:book:isbn:9784324114148	9784324114148	要件事実マニュアル	第7版	版	7		high	
alo:book:isbn:9784324114155	9784324114155	要件事実マニュアル	第7版	版	7		high	
alo:book:isbn:9784641138490	9784641138490	民事訴訟法	第7版	版	7		high	
alo:book:isbn:9784641227835	9784641227835	行政法概説	第7版	版	7		high	
alo:book:isbn:9784818511019	9784818511019	人事・労務用語辞典	第7版	版	7		high	
alo:book:isbn:9784433744137	9784433744137	SPC&匿名組合の法律・会計税務と評価 : 投資スキームの実際例と実務上の問題点	第8版	版	8		high	
alo:book:isbn:9784474077034	9784474077034	法律家のための税法	第8版	版	8		high	
alo:book:isbn:9784641138483	9784641138483	商法判例集	第8版	版	8		high	
alo:book:isbn:9784641228887	9784641228887	行政法概説	第8版	版	8		high	
alo:book:isbn:9784641243088	9784641243088	独禁法講義	第8版	版	8		high	
alo:book:manual:title_2399		別冊ジュリスト民法判例百選1	第8版	版	8		high	
alo:book:manual:title_2400		別冊ジュリスト民法判例百選2	第8版	版	8		high	
alo:book:manual:title_2403		別冊ジュリスト刑法判例百選I	第8版	版	8		high	
alo:book:manual:title_2404		別冊ジュリスト刑法判例百選II	第8版	版	8		high	
alo:book:isbn:9784641233324	9784641233324	株式会社法	第9版	版	9		high	
alo:book:isbn:9784765742009	9784765742009	貸付用語辞典	第9版	版	9		high	
alo:book:isbn:9784417014713	9784417014713	特許・実用新案の法律相談	第三版	版	3		high	漢数字版: 第三版
alo:book:isbn:9784417015543	9784417015543	保証契約の法律相談	第三版	版	3		high	漢数字版: 第三版
alo:book:manual:title_2213		六訂 民事弁護の手引	補正第三版	版	3		high	漢数字版: 補正第三版
alo:book:isbn:9784817843845	9784817843845	実務相続関係訴訟 : 遺産分割の前提問題等に係る民事訴訟実務マニュアル	補訂	版			high	版系: 補訂
alo:book:isbn:9784788294028	9784788294028	事例と解説民事裁判の主文	補訂版	版			high	版系: 補訂版
alo:book:isbn:9784865564310	9784865564310	消費者のための住宅リフォームの法律相談Q&A : 正しい発注契約からトラブル対応まで	補訂版	版			high	版系: 補訂版
